"Report Number","Local Case Number","Agency Name","ACRS Report Type","Crash Date/Time","Route Type","Road Name","Cross-Street Name","Off-Road Description","Municipality","Related Non-Motorist","Collision Type","Weather","Surface Condition","Light","Traffic Control","Driver Substance Abuse","Non-Motorist Substance Abuse","Person ID","Pedestrian Type","Pedestrian Movement","Pedestrian Actions","Pedestrian Location","At Fault","Injury Severity","Safety Equipment","Latitude","Longitude","Location"
"MCP26350094","260009207","MONTGOMERY","Fatal Crash","03/01/2026 06:30:00 PM","Municipality Route","AVERY RD","NORBECK RD",,,"Pedestrian","Single Vehicle","Clear","Dry","Dark - Lighted","Traffic Control Signal","Not Suspect of Alcohol Use, Not Suspect of Drug Use","Unknown, Not Suspect of Drug Use","FF8C713D-2E63-4FBB-B170-6A810FF03738","Pedestrian","Unknown","Unknown","Unknown","No","Fatal Injury","None","39.09281566","-77.12271671","    (39.09281566, -77.12271671)"
"MCP2460002K","260009046","MONTGOMERY","Injury Crash","02/28/2026 05:14:00 PM",,,,"Parking Lot Way        PARKING LOT WAY OF 9651 LOST KNIFE CIRCLE.",,"Pedestrian","Single Vehicle","Clear",,"Daylight",,"Not Suspect of Alcohol Use, Not Suspect of Drug Use","Not Suspect of Alcohol Use, Not Suspect of Drug Use","A48CDA52-1420-4987-B9B2-1D99B88EE12D","Pedestrian","Other","None (No Improper Action)","Other","No","Possible Injury","None","39.15376787","-77.19792279","    (39.15376787, -77.19792279)"
"MCP2460002K","260009046","MONTGOMERY","Injury Crash","02/28/2026 05:14:00 PM",,,,"Parking Lot Way        PARKING LOT WAY OF 9651 LOST KNIFE CIRCLE.",,"Pedestrian","Single Vehicle","Clear",,"Daylight",,"Not Suspect of Alcohol Use, Not Suspect of Drug Use","Not Suspect of Alcohol Use, Not Suspect of Drug Use","CACA12EB-BE7F-482C-90E2-99434752A55B","Pedestrian","Other","None (No Improper Action)","Other","No","Possible Injury","None","39.15376787","-77.19792279","    (39.15376787, -77.19792279)"
"MCP2460002K","260009046","MONTGOMERY","Injury Crash","02/28/2026 05:14:00 PM",,,,"Parking Lot Way        PARKING LOT WAY OF 9651 LOST KNIFE CIRCLE.",,"Pedestrian","Single Vehicle","Clear",,"Daylight",,"Not Suspect of Alcohol Use, Not Suspect of Drug Use","Not Suspect of Alcohol Use, Not Suspect of Drug Use","71E3FA30-F542-4651-98C9-42528C80E8D4","Pedestrian","Other","None (No Improper Action)","Other","No","Suspected Minor Injury","None","39.15376787","-77.19792279","    (39.15376787, -77.19792279)"
"MCP316300B4","260008758","MONTGOMERY","Injury Crash","02/26/2026 06:27:00 PM","Maryland (State) Route","PLYERS MILL RD","CONNECTICUT AVE",,,"Scooter (electric)","Single Vehicle","Rain","Wet","Dark - Lighted","Traffic Control Signal","Not Suspect of Alcohol Use, Not Suspect of Drug Use","Not Suspect of Alcohol Use, Not Suspect of Drug Use","15F0DAA4-8477-4C03-8DA9-20A326AEC57D","Scooter (electric)","Walking/Cycling on Sidewalk","Not Visible (Dark Clothing, No Lighting, etc.)","Intersection Marked Crosswalk","No","Suspected Minor Injury","None","39.0297585","-77.07576983","    (39.0297585, -77.07576983)"
"DD5659001K","260008714","ROCKVILLE","Injury Crash","02/26/2026 03:26:00 PM","Crossover",,"ROCKVILLE PIKE",,,"Cyclist (non-electric)","Single Vehicle","Freezing Rain Or Freezing Drizzle","Wet","Daylight","Traffic Control Signal","Not Suspect of Alcohol Use, Not Suspect of Drug Use","Not Suspect of Alcohol Use, Not Suspect of Drug Use","5D1372E8-A74D-4782-AD6E-4CF30346FB04","Cyclist (non-electric)","None","None (No Improper Action)","Intersection Marked Crosswalk","No","Possible Injury","None","39.06306611","-77.12492536","    (39.06306611, -77.12492536)"
"MCP2989003S","260008430","MONTGOMERY","Injury Crash","02/25/2026 06:40:00 AM","County Route",,"VEIRS MILL RD (WB/L)",,,"Pedestrian","Single Vehicle","Clear","Dry","Daylight","Traffic Control Signal","Not Suspect of Alcohol Use, Not Suspect of Drug Use","Not Suspect of Alcohol Use, Not Suspect of Drug Use","1377F6D9-E8EF-4D4B-90FE-9AF4D4D0BD82","Pedestrian","Cross/Enter at Intersection","Dart/Dash, Failure to Yield Right-Of-Way","Intersection Marked Crosswalk","Yes","Suspected Serious Injury","None","39.07347303","-77.11189733","    (39.07347303, -77.11189733)"
"MCP3489000K","260008384","MONTGOMERY","Injury Crash","02/24/2026 06:37:00 PM","County Route","E FRANKLIN AVE (WB/L)","UNIVERSITY BLVD E (WB/L)",,,"Pedestrian","Single Vehicle","Clear","Dry","Dark - Lighted","Traffic Control Signal","Not Suspect of Alcohol Use, Not Suspect of Drug Use","Not Suspect of Alcohol Use, Not Suspect of Drug Use","288A457A-489B-4B8D-A8E0-BB82B9A3CB21","Pedestrian","Cross/Enter at Intersection","None (No Improper Action)","Intersection Marked Crosswalk","No","Suspected Minor Injury","None","39.01227563","-77.002663","    (39.01227563, -77.002663)"
"EJ7844001T","260008226","GAITHERSBURG","Injury Crash","02/23/2026 03:40:00 PM","Municipality Route","MAIN ST",,,,"Pedestrian","Single Vehicle","Cloudy","Wet","Daylight","No Controls","Not Suspect of Alcohol Use, Not Suspect of Drug Use","Not Suspect of Alcohol Use, Not Suspect of Drug Use","B2EFB27B-4A2B-43DB-8980-C6499DF81624","Pedestrian","Standing","None (No Improper Action)","Travel Lane Other Location","No","Suspected Minor Injury","None","39.12171679","-77.23830652","    (39.12171679, -77.23830652)"
"MCP3050007C","260007974","MONTGOMERY","Injury Crash","02/22/2026 03:22:00 PM",,,,"Parking Lot Way        PARKING LOT OF GIANT, ASPEN HILL SHOPPING CENTER.",,"Pedestrian","Single Vehicle","Clear",,"Daylight",,"Unknown, Unknown","Not Suspect of Alcohol Use, Not Suspect of Drug Use","5C4297A5-AB95-4485-B97D-5BAF6034B236","Pedestrian","Other","None (No Improper Action)","Other","No","Possible Injury","None","39.07994865","-77.07909204","    (39.07994865, -77.07909204)"
"MCP3037007R","260007977","MONTGOMERY","Injury Crash","02/21/2026 04:03:00 PM","Local Route","CHESTNUT BRANCH WAY",,,,"Pedestrian","Single Vehicle","Clear","Dry","Daylight","No Controls","Not Suspect of Alcohol Use, Not Suspect of Drug Use","Not Suspect of Alcohol Use, Not Suspect of Drug Use","1DD381C4-4EAA-44BE-8BB6-EAD50FE3BC4F","Pedestrian","Cross/Enter at Intersection","None (No Improper Action)","Intersection Unmarked Crosswalk","No","Suspected Minor Injury","None","39.22993523","-77.24931428","    (39.22993523, -77.24931428)"
"MCP3009009S","260007960","MONTGOMERY","Injury Crash","02/21/2026 01:22:00 PM","County Route","SHAKESPEARE BLVD (WB/L)",,,,"Pedestrian","Single Vehicle","Clear","Dry","Daylight","No Controls","Not Suspect of Alcohol Use, Not Suspect of Drug Use","Not Suspect of Alcohol Use, Not Suspect of Drug Use","14531941-53C4-4F89-89BF-841ADE1C5C3D","Pedestrian","Cross/Enter at Intersection","None (No Improper Action)","Midblock Marked Crosswalk","No","Suspected Minor Injury","None","39.19742154","-77.2522854","    (39.19742154, -77.2522854)"
"MCP34020054","260007744","MONTGOMERY","Injury Crash","02/20/2026 06:55:00 AM","Private Route",,"MT PISGAH RD OAKVIEW DR",,,"Pedestrian","Single Vehicle","Rain","Wet","Dark - Lighted","No Controls","Not Suspect of Alcohol Use, Not Suspect of Drug Use","Not Suspect of Alcohol Use, Not Suspect of Drug Use","323E5653-0985-45B6-9365-76A4E92102F0","Pedestrian","None","None (No Improper Action)","Intersection Other","No","Suspected Minor Injury","None","39.01515338","-76.9769653","    (39.01515338, -76.9769653)"
"MCP301000CV","260007746","MONTGOMERY","Injury Crash","02/20/2026 06:54:00 AM","Maryland (State) Route","EAST WEST HWY",,,,"Pedestrian","Single Vehicle","Rain","Wet","Dawn","No Controls","Not Suspect of Alcohol Use, Not Suspect of Drug Use","Not Suspect of Alcohol Use, Not Suspect of Drug Use","CF0C4AF2-89CE-42EC-A0E5-FBF032259000","Pedestrian","Cross/Enter at Intersection","None (No Improper Action)","Intersection Marked Crosswalk","No","Suspected Minor Injury","None","38.99510001","-77.03804573","    (38.99510001, -77.03804573)"
"EJ7918000J","260007703","GAITHERSBURG","Injury Crash","02/19/2026 08:10:00 PM","Municipality Route","PARAMOUNT PARK DR (NB/L)",,,,"Pedestrian","Single Vehicle","Rain","Wet","Dark - Lighted","Stop Sign","Not Suspect of Alcohol Use, Not Suspect of Drug Use","Not Suspect of Alcohol Use, Not Suspect of Drug Use","5106A777-E3F7-4916-BFC4-A833F970225E","Pedestrian","Cross/Enter at Intersection","None (No Improper Action)","Intersection Marked Crosswalk","No","Suspected Minor Injury","None","39.15994232","-77.22143697","    (39.15994232, -77.22143697)"
"EJ7918000J","260007703","GAITHERSBURG","Injury Crash","02/19/2026 08:10:00 PM","Municipality Route","PARAMOUNT PARK DR (NB/L)",,,,"Pedestrian","Single Vehicle","Rain","Wet","Dark - Lighted","Stop Sign","Not Suspect of Alcohol Use, Not Suspect of Drug Use","Not Suspect of Alcohol Use, Not Suspect of Drug Use","3C8D1BEF-F26C-4FCD-BC05-38FC8DF328B7","Pedestrian","Cross/Enter at Intersection","None (No Improper Action)","Intersection Marked Crosswalk","No","Suspected Minor Injury","None","39.15994232","-77.22143697","    (39.15994232, -77.22143697)"
"MCP33760030","260007690","MONTGOMERY","Property Damage Crash","02/19/2026 06:42:00 PM","County Route","GLENALLAN AVE (WB/L)","LAYHILL RD",,,"Pedestrian","Single Vehicle","Rain","Wet","Dark - Lighted","Traffic Control Signal","Not Suspect of Alcohol Use, Not Suspect of Drug Use","Not Suspect of Alcohol Use, Not Suspect of Drug Use","D3669226-8C5A-46F0-A75A-D7D85C2CB1F7","Pedestrian","Cross/Enter at Intersection","None (No Improper Action)","Intersection Marked Crosswalk","No","No Apparent Injury","None","39.06317414","-77.05019567","    (39.06317414, -77.05019567)"
"DD5673002R","260007688","ROCKVILLE","Injury Crash","02/19/2026 04:40:00 PM","Maryland (State) Route","ROCKVILLE PIKE (SB/L)",,,,"Pedestrian","Single Vehicle","Clear",,"Daylight","No Controls","Unknown, Unknown","Not Suspect of Alcohol Use, Not Suspect of Drug Use","F2652F3C-2024-474A-96A9-73C2BD3F3FB1","Pedestrian","Walking/Cycling on Sidewalk","None (No Improper Action)","Sidewalk","No","Possible Injury","None","39.07214333","-77.13334324","    (39.07214333, -77.13334324)"
"DD5673002R","260007688","ROCKVILLE","Injury Crash","02/19/2026 04:40:00 PM","Maryland (State) Route","ROCKVILLE PIKE (SB/L)",,,,"Pedestrian","Single Vehicle","Clear",,"Daylight","No Controls","Unknown, Unknown","Not Suspect of Alcohol Use, Not Suspect of Drug Use","44EEC924-DE66-4C65-8D2E-486CD0D29D53","Pedestrian","Walking/Cycling on Sidewalk","None (No Improper Action)","Sidewalk","No","Possible Injury","None","39.07214333","-77.13334324","    (39.07214333, -77.13334324)"
"MCP29740062","260007435","MONTGOMERY","Injury Crash","02/18/2026 10:47:00 AM",,,,"Parking Lot Way        PARKING GARAGE",,"Pedestrian","Single Vehicle","Clear",,"Daylight",,"Not Suspect of Alcohol Use, Not Suspect of Drug Use","Not Suspect of Alcohol Use, Not Suspect of Drug Use","D51DFFCE-5BCC-4F05-B81C-DB8A672DC1A6","Pedestrian","Other","None (No Improper Action)","Other","No","Suspected Serious Injury","None","39.04869562","-76.95658039","    (39.04869562, -76.95658039)"
"MCP2761007R","260007262","MONTGOMERY","Injury Crash","02/17/2026 09:58:00 AM","County Route","YELLOW LEAF WAY",,,,"Pedestrian","Single Vehicle","Cloudy","Dry","Daylight","No Controls","Not Suspect of Alcohol Use, Not Suspect of Drug Use","Not Suspect of Alcohol Use, Not Suspect of Drug Use","21BE02D3-CCCB-4A0F-AA0A-C50F3129149D","Pedestrian","Other Working","None (No Improper Action)","Travel Lane Other Location","No","Possible Injury","Reflectors","39.18546959","-77.22977226","    (39.18546959, -77.22977226)"
"MCP3477000L","260007173","MONTGOMERY","Injury Crash","02/16/2026 04:26:00 PM","Local Route","POTOMAC PROMENADE/PLACE","FALLS RD FALLS RD (SB/L)",,,"Pedestrian","Single Vehicle","Clear","Dry","Daylight","Traffic Control Signal","Not Suspect of Alcohol Use, Not Suspect of Drug Use","Not Suspect of Alcohol Use, Not Suspect of Drug Use","9F19DFEF-557F-4692-8909-D386D787A315","Pedestrian","Cross/Enter at Intersection","Failure to Obey Traffic Signs, Signals, or Officer","Intersection Marked Crosswalk","Yes","Suspected Minor Injury","None","39.01715387","-77.20987371","    (39.01715387, -77.20987371)"
"MCP2351006V","260007008","MONTGOMERY","Injury Crash","02/15/2026 02:23:00 PM",,,,"Parking Lot Way        IN PARKING LOT IN TRAVEL LANE ADJACENT BURLINGTON STORE LOCATED AT 12087 ROCKVILLE PIKE, ROCKVILLE, MD",,"Pedestrian","Single Vehicle","Rain",,"Daylight",,"Not Suspect of Alcohol Use, Not Suspect of Drug Use","Not Suspect of Alcohol Use, Not Suspect of Drug Use","36638EC8-427A-4901-B889-568E7AE7B4B7","Pedestrian","Other","Unknown","Unknown","No","Suspected Minor Injury","None","39.05579261","-77.11738531","    (39.05579261, -77.11738531)"
"EJ7919000H","260006736","GAITHERSBURG","Injury Crash","02/13/2026 01:08:00 PM","Maryland (State) Route","S FREDERICK RD",,,,"Scooter (electric)","Single Vehicle","Clear","Dry","Daylight","No Controls","Not Suspect of Alcohol Use, Not Suspect of Drug Use","Not Suspect of Alcohol Use, Not Suspect of Drug Use","9261D724-ADAD-45C4-A8A7-A2EA1A4AF934","Scooter (electric)","Walking/Cycling on Sidewalk","Failure to Yield Right-Of-Way","Driveway Access","Yes","Suspected Minor Injury","Helmet","39.13940705","-77.19577155","    (39.13940705, -77.19577155)"
"MCP31400035","260006507","MONTGOMERY","Fatal Crash","02/11/2026 09:57:00 PM","Maryland (State) Route",,,,,"Pedestrian","Single Vehicle","Clear","Dry","Dark - Lighted","Pedestrian Crossing","Not Suspect of Alcohol Use, Not Suspect of Drug Use","Unknown, Unknown","93B5DD99-5F63-4336-A92B-4E92E5C4671B","Pedestrian","Cross/Enter Not at Intersection","Other","Travel Lane Other Location","Yes","Fatal Injury","None","38.9949805","-77.045462","    (38.9949805, -77.045462)"
"MCP9406003Q","260006304","MONTGOMERY","Injury Crash","02/10/2026 07:11:00 PM",,,,"Parking Lot Way        PARKING LOT OF THE WESTFIELD WHEATON COSTCO AT 11160 VEIRS MILL ROAD, SILVER SPRING, MONTGOMERY COUNTY, MARYLAND.",,"Pedestrian","Unknown","Clear",,"Dark - Lighted",,"Not Suspect of Alcohol Use, Not Suspect of Drug Use","Not Suspect of Alcohol Use, Not Suspect of Drug Use","5E2AD86D-6DC1-46A8-A9C2-ED365A1895DD","Pedestrian","Other","Unknown","Other","No","Suspected Minor Injury","None","39.03514117","-77.05654717","    (39.03514117, -77.05654717)"
"MCP137801G1","260006245","MONTGOMERY","Injury Crash","02/10/2026 03:14:00 PM","County Route","PARKER AVE","GEORGIA AVE (SB/L)",,,"Pedestrian","Single Vehicle","Cloudy","Wet","Daylight","No Controls","Not Suspect of Alcohol Use, Not Suspect of Drug Use","Not Suspect of Alcohol Use, Not Suspect of Drug Use","FDDAB3B6-4068-4120-A654-DBA6EC0B1C1B","Pedestrian","Cross/Enter Not at Intersection","Dart/Dash","Travel Lane Other Location","Yes","Suspected Serious Injury","None","39.04953835","-77.05194984","    (39.04953835, -77.05194984)"
"MCP235300DR","260006199","MONTGOMERY","Injury Crash","02/10/2026 01:04:00 PM","Maryland (State) Route",,"FORT SUMNER DR WESTBARD AVE",,,"Pedestrian","Single Vehicle","Cloudy","Dry","Daylight","Pedestrian Crossing Sign","Not Suspect of Alcohol Use, Not Suspect of Drug Use","Not Suspect of Alcohol Use, Not Suspect of Drug Use","1479F649-AD3F-46E1-A8E6-7B6131B51739","Pedestrian","Cross/Enter at Intersection","None (No Improper Action)","Intersection Marked Crosswalk","No","Suspected Minor Injury","None, Other","38.95817152","-77.10968823","    (38.95817152, -77.10968823)"
"MCP235300DR","260006199","MONTGOMERY","Injury Crash","02/10/2026 01:04:00 PM","Maryland (State) Route",,"FORT SUMNER DR WESTBARD AVE",,,"Pedestrian","Single Vehicle","Cloudy","Dry","Daylight","Pedestrian Crossing Sign","Not Suspect of Alcohol Use, Not Suspect of Drug Use","Not Suspect of Alcohol Use, Not Suspect of Drug Use","47381638-CA28-4D98-8D25-9ABAE6FB032C","Pedestrian","Cross/Enter at Intersection","None (No Improper Action)","Intersection Marked Crosswalk","No","Suspected Minor Injury","None, Other","38.95817152","-77.10968823","    (38.95817152, -77.10968823)"
"MCP2752007P","260006028","MONTGOMERY","Property Damage Crash","02/09/2026 03:40:00 PM","Maryland (State) Route",,,,,"Cyclist (non-electric)","Single Vehicle","Clear","Dry","Daylight","Traffic Control Signal","Unknown, Unknown","Not Suspect of Alcohol Use, Not Suspect of Drug Use","AC88FB33-DCF1-452B-AE46-78AF21AD86C8","Cyclist (non-electric)","Walking/Cycling Along Roadway With Traffic (In or Adjacent to Travel Lane)","None (No Improper Action)","Shoulder/Roadside","No","No Apparent Injury","Helmet, Reflectors","38.99293523","-77.10760343","    (38.99293523, -77.10760343)"
"MCP3319004C","260005856","MONTGOMERY","Injury Crash","02/08/2026 01:57:00 PM",,,,"Parking Lot Way        GIANT PARKING LOT
8750 ARLISS ST",,"Pedestrian","Angle","Clear",,"Daylight",,"Not Suspect of Alcohol Use, Not Suspect of Drug Use, Not Suspect of Alcohol Use, Not Suspect of Drug Use","Not Suspect of Alcohol Use, Not Suspect of Drug Use","EA84A2EE-FD54-45F3-8318-3466D36F74C2","Pedestrian","Standing","None (No Improper Action)","Other","No","Possible Injury","None","39.00023068","-77.00263071","    (39.00023068, -77.00263071)"
"MCP137801G2","260005583","MONTGOMERY","Injury Crash","02/06/2026 12:00:00 PM",,,,"Parking Lot Way        PARKING LOT OF SHADY GROVE HOME DEPOT",,"Pedestrian","Single Vehicle","Clear",,"Daylight",,"Unknown, Unknown","Unknown, Unknown","110B0A62-4E34-4A97-A278-E33D15A0DD27","Pedestrian","Other","Unknown","Other","No","Possible Injury","None","39.11500778","-77.18690702","    (39.11500778, -77.18690702)"
"MCP287100DL","260005095","MONTGOMERY","Injury Crash","02/03/2026 06:37:00 PM","County Route",,,,,"Pedestrian","Single Vehicle","Clear","Dry","Dark - Not Lighted","No Controls","Not Suspect of Alcohol Use, Not Suspect of Drug Use","Not Suspect of Alcohol Use, Not Suspect of Drug Use","E171861C-8B4A-4439-AA03-3B97AA713F76","Pedestrian","Unknown","Not Visible (Dark Clothing, No Lighting, etc.)","Travel Lane Other Location","Yes","Suspected Minor Injury","None","39.00193644","-77.15973981","    (39.00193644, -77.15973981)"
"MCP3482000H","260004883","MONTGOMERY","Injury Crash","02/02/2026 04:07:00 PM","Maryland (State) Route","COLESVILLE RD (WB/L)",,,,"Pedestrian","Single Vehicle","Clear","Dry","Daylight","Traffic Control Signal","Not Suspect of Alcohol Use, Not Suspect of Drug Use","Not Suspect of Alcohol Use, Not Suspect of Drug Use","B14FFDEE-57E3-41A9-879C-A6EF23B7EDF0","Pedestrian","Cross/Enter at Intersection","None (No Improper Action)","Intersection Marked Crosswalk","No","Suspected Minor Injury","None","38.99434051","-77.03110128","    (38.99434051, -77.03110128)"
"DD5690000T","260005292","ROCKVILLE","Injury Crash","02/02/2026 01:40:00 PM","Municipality Route","MONROE ST",,,,"Cyclist (non-electric)","Single Vehicle","Clear","Dry","Daylight","Stop Sign","Not Suspect of Alcohol Use, Not Suspect of Drug Use","Not Suspect of Alcohol Use, Not Suspect of Drug Use","370A2A37-9FDF-4C29-AB57-5ABD152F0444","Cyclist (non-electric)","Walking/Cycling on Sidewalk","None (No Improper Action)","Intersection Marked Crosswalk","No","Suspected Minor Injury","Unknown","39.08441506","-77.1491036","    (39.08441506, -77.1491036)"
"MCP3390002Q","260004792","MONTGOMERY","Property Damage Crash","02/01/2026 08:14:00 PM","County Route","FATHER HURLEY BLVD",,,,"Pedestrian","Single Vehicle","Clear","Dry","Dark - Lighted","No Controls","Not Suspect of Alcohol Use, Not Suspect of Drug Use","Not Suspect of Alcohol Use, Not Suspect of Drug Use","7D2B0F4F-BE3C-46E1-913D-2C051CF50D7F","Pedestrian","Walking/Cycling Along Roadway With Traffic (In or Adjacent to Travel Lane)","In Roadway Improperly (Standing, Lying, Working, Playing), Not Visible (Dark Clothing, No Lighting, etc.)","Shoulder/Roadside","Yes","No Apparent Injury","Lighting","39.18993458","-77.2732948","    (39.18993458, -77.2732948)"
"MCP3262006T","260004783","MONTGOMERY","Injury Crash","02/01/2026 06:02:00 PM","County Route","SERPENTINE WAY","AVENTURINE WAY",,,"Pedestrian","Single Vehicle","Clear","Slush","Dark - Lighted","No Controls","Not Suspect of Alcohol Use, Not Suspect of Drug Use","Not Suspect of Alcohol Use, Not Suspect of Drug Use","773D388F-3B80-4C0D-98AD-FC0902515E10","Pedestrian","Standing","Other","Other","Yes","Suspected Minor Injury","None","39.06761874","-76.96965667","    (39.06761874, -76.96965667)"
"MCP3480000B","260004565","MONTGOMERY","Injury Crash","01/31/2026 11:50:00 PM","Maryland (State) Route","ROCKVILLE PIKE (SB/L)",,,,"Pedestrian","Single Vehicle","Clear","Dry","Dark - Lighted","No Controls","Unknown, Unknown","Unknown, Unknown","4B061618-AA9A-478A-91B4-5D95E90C9D29","Pedestrian","Unknown","Unknown","Shoulder/Roadside","No","Suspected Minor Injury","Unknown","39.04864252","-77.11388648","    (39.04864252, -77.11388648)"
"MCP34000034","260004797","MONTGOMERY","Injury Crash","01/31/2026 06:00:00 PM","Maryland (State) Route",,"FENTON ST",,,"Pedestrian","Single Vehicle","Clear","Ice/Frost","Unknown","Traffic Control Signal","Not Suspect of Alcohol Use, Not Suspect of Drug Use","Not Suspect of Alcohol Use, Not Suspect of Drug Use","EE8F9084-252E-4134-8653-7D981E2FC6DB","Pedestrian","Cross/Enter at Intersection","None (No Improper Action)","Intersection Marked Crosswalk","No","Suspected Minor Injury","None","38.99537533","-77.02452685","    (38.99537533, -77.02452685)"
"DD5701000G","260004656","ROCKVILLE","Injury Crash","01/31/2026 04:15:00 PM",,,,"Parking Lot Way        PARKING LOT IN FRONT OF THE BURGUNDY SHOPPING CENTER",,"Pedestrian","Single Vehicle","Clear",,"Daylight",,"Unknown, Unknown","Not Suspect of Alcohol Use, Not Suspect of Drug Use","C90674F3-E93D-4696-8A3D-76FE29C7FCDC","Pedestrian","Walking/Cycling on Sidewalk","None (No Improper Action)","NonTrafficway Area","No","Possible Injury","None","39.08477358","-77.13541061","    (39.08477358, -77.13541061)"
"MCP3430001D","260004602","MONTGOMERY","Injury Crash","01/31/2026 11:45:00 AM","County Route","SLIGO AVE",,,,"Pedestrian","Single Vehicle","Clear","Dry","Daylight","No Controls","Suspect of Alcohol Use, Not Suspect of Drug Use","Not Suspect of Alcohol Use, Not Suspect of Drug Use","CD27058F-A45F-40F9-AF1A-5A813D12BDE5","Pedestrian","Walking/Cycling Along Roadway With Traffic (In or Adjacent to Travel Lane)","None (No Improper Action)","Shoulder/Roadside","No","Suspected Minor Injury","None","38.99017577","-77.02207366","    (38.99017577, -77.02207366)"
"MCP3009009N","260004454","MONTGOMERY","Injury Crash","01/30/2026 02:00:00 PM",,,,"Parking Aisle        20910 FREDERICK ROAD GERMANTOWN, MD 20876",,"Pedestrian","Single Vehicle","Clear",,"Daylight",,"Not Suspect of Alcohol Use, Not Suspect of Drug Use","Not Suspect of Alcohol Use, Not Suspect of Drug Use","E578D5A9-198D-4ADD-92E2-0E797B99C963","Pedestrian","Cross/Enter at Intersection","None (No Improper Action)","Midblock Marked Crosswalk","No","Possible Injury","None","39.19884695","-77.25159765","    (39.19884695, -77.25159765)"
"MCP3395004Z","260004099","MONTGOMERY","Injury Crash","01/28/2026 07:50:00 AM","Maryland (State) Route","WISCONSIN AVE","MONTGOMERY AVE",,,"Pedestrian","Single Vehicle","Clear","Dry","Daylight","Traffic Control Signal","Not Suspect of Alcohol Use, Not Suspect of Drug Use","Not Suspect of Alcohol Use, Not Suspect of Drug Use","87E0291A-C173-4DF7-9476-D1B6B930238A","Pedestrian","None","None (No Improper Action)","Intersection Marked Crosswalk","No","Possible Injury","None","38.98366551","-77.0937764","    (38.98366551, -77.0937764)"
"MCP299100C5","260003563","MONTGOMERY","Injury Crash","01/23/2026 09:30:00 AM","County Route","FRANKFORT DR",,,,"Pedestrian","Single Vehicle","Clear","Dry","Daylight","No Controls","Not Suspect of Alcohol Use, Not Suspect of Drug Use","Not Suspect of Alcohol Use, Not Suspect of Drug Use","039613AC-18B9-4129-9649-126D2304F6A8","Pedestrian","Other Working","None (No Improper Action)","Other","No","Possible Injury","Other","39.08177437","-77.08543721","    (39.08177437, -77.08543721)"
"MCP3396002W","260003306","MONTGOMERY","Injury Crash","01/21/2026 05:10:00 PM","County Route","GRANDVIEW AVE",,,,"Scooter (electric)","Single Vehicle","Clear","Dry","Daylight","Stop Sign","Not Suspect of Alcohol Use, Not Suspect of Drug Use","Not Suspect of Alcohol Use, Not Suspect of Drug Use","C12A983C-DC76-4C64-98DE-E17B1D3C917E","Scooter (electric)","Cross/Enter at Intersection","Failure to Obey Traffic Signs, Signals, or Officer, Failure to Yield Right-Of-Way","Intersection Other","Yes","Possible Injury","Helmet","39.05096273","-77.05270107","    (39.05096273, -77.05270107)"