"Report Number","Local Case Number","Agency Name","ACRS Report Type","Crash Date/Time","Route Type","Road Name","Cross-Street Name","Off-Road Description","Municipality","Related Non-Motorist","Collision Type","Weather","Surface Condition","Light","Traffic Control","Driver Substance Abuse","Non-Motorist Substance Abuse","Person ID","Pedestrian Type","Pedestrian Movement","Pedestrian Actions","Pedestrian Location","At Fault","Injury Severity","Safety Equipment","Latitude","Longitude","Location"
"MCP3039008B","260003162","MONTGOMERY","Injury Crash","01/20/2026 05:43:00 PM","Local Route","WMATA ENT",,,,"Pedestrian","Single Vehicle","Clear","Dry","Dark - Lighted","Traffic Control Signal","Not Suspect of Alcohol Use, Not Suspect of Drug Use","Not Suspect of Alcohol Use, Not Suspect of Drug Use","2479BDD1-25A0-46BF-B41D-50229A11528A","Pedestrian","Cross/Enter at Intersection","None (No Improper Action)","Intersection Marked Crosswalk","No","Possible Injury","None","38.99417143","-77.03091286","    (38.99417143, -77.03091286)"
"MCP3009009L","260003079","MONTGOMERY","Injury Crash","01/20/2026 11:00:00 AM",,,,"Private Road        20440 GERMANTOWN ROAD GERMANTOWN, MD 20876",,"Pedestrian","Single Vehicle","Clear",,"Daylight",,"Not Suspect of Alcohol Use, Not Suspect of Drug Use","Not Suspect of Alcohol Use, Not Suspect of Drug Use","2305AC75-A566-4F48-A44B-9DDFA973669E","Pedestrian","Cross/Enter Not at Intersection","Dart/Dash","Other","Yes","Suspected Minor Injury","None","39.19237707","-77.24377451","    (39.19237707, -77.24377451)"
"MCP27600082","260003003","MONTGOMERY","Injury Crash","01/19/2026 07:05:00 PM","Municipality Route","FIRSTFIELD RD","QUINCE ORCHARD RD QUINCE ORCHARD RD (SB/L)",,,"Pedestrian","Single Vehicle","Clear","Dry","Dark - Lighted","Traffic Control Signal","Not Suspect of Alcohol Use, Not Suspect of Drug Use","Not Suspect of Alcohol Use, Not Suspect of Drug Use","91854574-E924-4FCE-8044-F2D559B017E3","Pedestrian","Cross/Enter at Intersection","Dart/Dash","Intersection Marked Crosswalk","Yes","Possible Injury","None","39.14504666","-77.22008721","    (39.14504666, -77.22008721)"
"MCP2108002K","260002833","MONTGOMERY","Injury Crash","01/18/2026 04:45:00 PM",,,,"Parking Lot Way        PARKING LOT DRIVEWAY OF 1911 ROCKVILLE PIKE",,"Cyclist (Electric)","Single Vehicle","Snow",,"Daylight",,"Not Suspect of Alcohol Use, Not Suspect of Drug Use","Unknown, Unknown","8D8CE6BE-7420-44C0-9505-30EEC2576BAB","Cyclist (Electric)","Walking/Cycling on Sidewalk","Unknown","Driveway Access","No","Suspected Minor Injury","Helmet","39.05837187","-77.12118333","    (39.05837187, -77.12118333)"
"MCP27170113","260002508","MONTGOMERY","Injury Crash","01/16/2026 12:18:00 PM","US (State)","GEORGIA AVE","KING ST",,,"Scooter (electric)","Single Vehicle","Clear","Dry","Daylight","Stop Sign","Not Suspect of Alcohol Use, Not Suspect of Drug Use","Not Suspect of Alcohol Use, Not Suspect of Drug Use","BE9754DE-32C5-4354-8EA6-FB0F56B15802","Scooter (electric)","Cross/Enter at Intersection","Other","Intersection Marked Crosswalk","No","Suspected Minor Injury","Other","38.98653998","-77.02674633","    (38.98653998, -77.02674633)"
"MCP28180059","260002328","MONTGOMERY","Injury Crash","01/15/2026 09:00:00 AM","County Route","STEDWICK RD","WATKINS MILL RD",,,"Pedestrian","Single Vehicle","Snow","Snow","Daylight","Traffic Control Signal","Not Suspect of Alcohol Use, Not Suspect of Drug Use","Not Suspect of Alcohol Use, Not Suspect of Drug Use","68365088-C749-4A26-B629-40EE7460FEEB","Pedestrian","Cross/Enter at Intersection","Other","Intersection Marked Crosswalk","No","Suspected Minor Injury","None","39.17053816","-77.20892974","    (39.17053816, -77.20892974)"
"MCP28180059","260002328","MONTGOMERY","Injury Crash","01/15/2026 09:00:00 AM","County Route","STEDWICK RD","WATKINS MILL RD",,,"Pedestrian","Single Vehicle","Snow","Snow","Daylight","Traffic Control Signal","Not Suspect of Alcohol Use, Not Suspect of Drug Use","Not Suspect of Alcohol Use, Not Suspect of Drug Use","DCF9FE64-4359-4C18-94CD-EC3F1C8B964D","Pedestrian","Cross/Enter at Intersection","Other","Intersection Marked Crosswalk","No","Suspected Minor Injury","None","39.17053816","-77.20892974","    (39.17053816, -77.20892974)"
"MCP2730005P","260002317","MONTGOMERY","Injury Crash","01/15/2026 08:00:00 AM","Maryland (State) Route","GERMANTOWN RD (SB/L)",,,,"Pedestrian","Single Vehicle","Clear","Dry","Daylight","Yield Sign","Not Suspect of Alcohol Use, Not Suspect of Drug Use","Not Suspect of Alcohol Use, Not Suspect of Drug Use","A6A7B111-22F2-4C1C-B691-10AB0CAB59A7","Pedestrian","Walking/Cycling on Sidewalk","None (No Improper Action)","Other","No","Suspected Serious Injury","None","39.18269609","-77.25906738","    (39.18269609, -77.25906738)"
"MCP1227002G","260001910","MONTGOMERY","Fatal Crash","01/12/2026 06:39:00 PM","County Route","FAIRLAND RD (WB/L)","COLUMBIA PIKE (SB/L)",,,"Pedestrian","Single Vehicle","Clear","Dry","Dark - Lighted","Traffic Control Signal","Not Suspect of Alcohol Use, Not Suspect of Drug Use, Unknown, Unknown","Unknown, Unknown","D62B83DB-6B52-46EC-AF0C-6BBCF762B2AD","Pedestrian","Cross/Enter at Intersection","Unknown","Intersection Marked Crosswalk","No","Fatal Injury","None","39.073615","-76.95569865","    (39.073615, -76.95569865)"
"MCP3245007V","260001904","MONTGOMERY","Injury Crash","01/12/2026 04:30:00 PM","County Route","ROYAL WOODS CT",,,,"Cyclist (non-electric)","Single Vehicle","Clear","Dry","Dusk","No Controls","Not Suspect of Alcohol Use, Not Suspect of Drug Use","Not Suspect of Alcohol Use, Not Suspect of Drug Use","06BC02B7-0BE1-4554-8D81-51B969DBC6EE","Cyclist (non-electric)","Walking/Cycling Along Roadway With Traffic (In or Adjacent to Travel Lane)","None (No Improper Action)","Travel Lane Other Location","No","Suspected Minor Injury","None","39.17929499","-77.21437847","    (39.17929499, -77.21437847)"
"MCP2671004T","260001894","MONTGOMERY","Property Damage Crash","01/12/2026 03:27:00 PM","Maryland (State) Route",,"FENTON ST",,,"Pedestrian","Single Vehicle","Clear","Dry","Daylight","Traffic Control Signal","Unknown, Unknown","Not Suspect of Alcohol Use, Not Suspect of Drug Use","DFF03380-7084-4562-BF00-2B3DB5EE155B","Pedestrian","Walking/Cycling Along Roadway Against Traffic (In or Adjacent to Travel Lane)","Failure to Obey Traffic Signs, Signals, or Officer","Intersection Marked Crosswalk","Yes","No Apparent Injury","None","38.99537291","-77.02439135","    (38.99537291, -77.02439135)"
"MCP3446000X","260001797","MONTGOMERY","Injury Crash","01/12/2026 09:45:00 AM","County Route","HENDERSON AVE",,,,"Pedestrian","Single Vehicle","Clear","Dry","Daylight","Flashing Traffic Control Signal","Not Suspect of Alcohol Use, Not Suspect of Drug Use","Not Suspect of Alcohol Use, Not Suspect of Drug Use","2303AB63-C2C9-4D50-B127-4CA0516B5258","Pedestrian","Cross/Enter at Intersection","None (No Improper Action)","Intersection Marked Crosswalk","No","Suspected Minor Injury","None","39.05077572","-77.05147888","    (39.05077572, -77.05147888)"
"MCP2905007K","260001759","MONTGOMERY","Injury Crash","01/12/2026 07:09:00 AM","County Route","POINDEXTER LA","OLD GEORGETOWN RD (SB/L)",,,"Pedestrian","Single Vehicle","Cloudy","Dry","Dark - Lighted","Pedestrian Crossing","Not Suspect of Alcohol Use, Not Suspect of Drug Use","Not Suspect of Alcohol Use, Not Suspect of Drug Use","77882BC7-2ABE-4889-9F76-7DEA6D2A7DC9","Pedestrian","Cross/Enter at Intersection","None (No Improper Action)","Intersection Marked Crosswalk","No","Suspected Minor Injury","Unknown","39.0400339","-77.12233434","    (39.0400339, -77.12233434)"
"MCP1233006Z","260001728","MONTGOMERY","Property Damage Crash","01/11/2026 07:50:00 PM","Local Route","CHAPMAN AVE",,,,"Cyclist (Electric)","Single Vehicle","Cloudy","Dry","Dark - Lighted","No Controls","Not Suspect of Alcohol Use, Not Suspect of Drug Use","Not Suspect of Alcohol Use, Not Suspect of Drug Use","59FF70B7-971F-4166-8729-1011B0AB0987","Cyclist (Electric)","Walking/Cycling Along Roadway Against Traffic (In or Adjacent to Travel Lane)","Not Visible (Dark Clothing, No Lighting, etc.)","Travel Lane Other Location","No","No Apparent Injury","None","39.05164054","-77.11158306","    (39.05164054, -77.11158306)"
"MCP156300CC","260001666","MONTGOMERY","Injury Crash","01/11/2026 12:42:00 PM","County Route","SUGARBUSH LA","TUCKERMAN LA TUCKERMAN LA (EB/L)",,,"Pedestrian","Single Vehicle","Clear","Dry","Daylight","Traffic Control Signal","Not Suspect of Alcohol Use, Not Suspect of Drug Use","Not Suspect of Alcohol Use, Not Suspect of Drug Use","D109D901-BFDA-4A13-9704-80B300B3A2A4","Pedestrian","Cross/Enter at Intersection","None (No Improper Action)","Intersection Unmarked Crosswalk","No","Suspected Minor Injury","None","39.03196609","-77.11800449","    (39.03196609, -77.11800449)"
"MCP2921005Z","260001601","MONTGOMERY","Injury Crash","01/10/2026 08:41:00 PM","County Route","MIDDLEBROOK RD",,,,"Pedestrian","Single Vehicle","Rain","Wet","Dark - Lighted","Traffic Control Signal","Not Suspect of Alcohol Use, Not Suspect of Drug Use","Not Suspect of Alcohol Use, Not Suspect of Drug Use","B8B00DA7-4DBB-4EEE-BDC2-DEECCF3F3DC2","Pedestrian","Cross/Enter at Intersection","None (No Improper Action)","Intersection Marked Crosswalk","No","Possible Injury","None","39.18120465","-77.23821132","    (39.18120465, -77.23821132)"
"MCP1233006Y","260001582","MONTGOMERY","Injury Crash","01/10/2026 06:27:00 PM","County Route","OLD GEORGETOWN RD (SB/L)",,,,"Other Pedestrian (person in a building, skater, personal conveyance, etc.)","Single Vehicle","Rain","Wet","Dark - Not Lighted","Other Pavement Marking (excluding edgelines, centerlines, or lane lines)","Not Suspect of Alcohol Use, Not Suspect of Drug Use","Not Suspect of Alcohol Use, Not Suspect of Drug Use","A4054518-47BF-4913-A614-D0777CD93477","Other Pedestrian (person in a building, skater, personal conveyance, etc.)","Standing","In Roadway Improperly (Standing, Lying, Working, Playing), Not Visible (Dark Clothing, No Lighting, etc.)","Shared Lane Markings)","Yes","Suspected Minor Injury","None","39.04978493","-77.11263511","    (39.04978493, -77.11263511)"
"MCP9390003Z","260001576","MONTGOMERY","Injury Crash","01/10/2026 05:45:00 PM",,,,"Parking Aisle        PARKING LOT OF 28 UPPER ROCK CIR",,"Pedestrian","Single Vehicle","Rain",,"Dark - Lighted",,"Not Suspect of Alcohol Use, Not Suspect of Drug Use","Not Suspect of Alcohol Use, Not Suspect of Drug Use","84272229-C561-4A9E-9752-DA6C293E372F","Pedestrian","Other","None (No Improper Action)","Other","Yes","Suspected Minor Injury","None","39.11341438","-77.18588473","    (39.11341438, -77.18588473)"
"MCP9379005T","260001508","MONTGOMERY","Injury Crash","01/10/2026 11:10:00 AM",,,,"Parking Stall        CVS PARKING LOT 7955 TUCKERMAN LN",,"Pedestrian","Unknown","Rain",,"Daylight",,,"Not Suspect of Alcohol Use, Not Suspect of Drug Use","F164F692-B9A6-4135-99DD-26F41433910D","Pedestrian","Standing","Other","Other","Yes","Suspected Minor Injury","None","39.0410307","-77.15752133","    (39.0410307, -77.15752133)"
"MCP3411003D","260001406","MONTGOMERY","Injury Crash","01/09/2026 06:26:00 PM","County Route",,,,,"Pedestrian","Single Vehicle","Rain","Wet","Dark - Not Lighted","Traffic Control Signal","Not Suspect of Alcohol Use, Not Suspect of Drug Use","Not Suspect of Alcohol Use, Not Suspect of Drug Use","90C5E124-333B-4671-9E30-8A1A069CDFAA","Pedestrian","None","Unknown","Unknown","No","Suspected Serious Injury","None","38.97857571","-77.20697227","    (38.97857571, -77.20697227)"
"MCP28550067","260001394","MONTGOMERY","Injury Crash","01/09/2026 05:50:00 PM","Maryland (State) Route","PINEY BRANCH RD",,,,"Pedestrian","Single Vehicle","Rain","Wet","Dark - Lighted","No Controls","Unknown, Unknown","Not Suspect of Alcohol Use, Not Suspect of Drug Use","6FFF3F7A-BBCE-4F92-8E29-0E87D59E68C1","Pedestrian","Cross/Enter at Intersection","None (No Improper Action)","Intersection Marked Crosswalk","No","Suspected Serious Injury","None","39.00126733","-76.9875315","    (39.00126733, -76.9875315)"
"MCP30940073","260001389","MONTGOMERY","Injury Crash","01/09/2026 05:42:00 PM","County Route","SNOUFFERS SCHOOL RD","SWEET AUTUMN DR",,,"Cyclist (non-electric)","Single Vehicle","Rain","Wet","Dark - Lighted","Pedestrian Crossing Sign","Not Suspect of Alcohol Use, Not Suspect of Drug Use","Not Suspect of Alcohol Use, Not Suspect of Drug Use","1428C9B7-CDCE-46B3-9FDF-B425A4462172","Cyclist (non-electric)","Cross/Enter at Intersection","None (No Improper Action)","Intersection Marked Crosswalk","No","Suspected Minor Injury","Reflectors","39.16061218","-77.1627521","    (39.16061218, -77.1627521)"
"MCP33780025","260001364","MONTGOMERY","Injury Crash","01/09/2026 05:00:00 PM","County Route",,"GEORGIA AVE (SB/L)",,,"Pedestrian","Single Vehicle","Rain","Wet","Dark - Lighted","Flashing Traffic Control Signal","Not Suspect of Alcohol Use, Not Suspect of Drug Use","Not Suspect of Alcohol Use, Not Suspect of Drug Use","8B1FA6CE-5EBE-4987-8EAB-7BF38DE6642F","Pedestrian","Walking/Cycling Along Roadway Against Traffic (In or Adjacent to Travel Lane)","None (No Improper Action)","Intersection Marked Crosswalk","No","Suspected Minor Injury","None","39.06810991","-77.06116594","    (39.06810991, -77.06116594)"
"MCP3162006H","260001309","MONTGOMERY","Injury Crash","01/09/2026 07:00:00 AM","County Route","ATHERTON DR","WELLER RD",,,"Pedestrian","Single Vehicle","Cloudy","Dry","Dawn","Stop Sign","Not Suspect of Alcohol Use, Not Suspect of Drug Use","Not Suspect of Alcohol Use, Not Suspect of Drug Use","BEAA7785-E262-48BC-BADB-7B84B9EA4513","Pedestrian","Cross/Enter at Intersection","None (No Improper Action)","Median/Crossing Island","No","Suspected Minor Injury","None","39.06242754","-77.07529855","    (39.06242754, -77.07529855)"
"MCP30400091","260001250","MONTGOMERY","Injury Crash","01/08/2026 08:30:00 PM",,,,"Parking Aisle        PARKING LOT OF 3610 PEAR TREE CT",,"Pedestrian","Single Vehicle","Clear",,"Dark - Lighted",,"Not Suspect of Alcohol Use, Not Suspect of Drug Use","Not Suspect of Alcohol Use, Not Suspect of Drug Use","A05E08C9-0D3D-4CA6-87B5-4B758723283E","Pedestrian","Other","None (No Improper Action)","Shoulder/Roadside","No","Suspected Minor Injury","None","39.09212509","-77.07191276","    (39.09212509, -77.07191276)"
"DD5705000C","260001026","ROCKVILLE","Injury Crash","01/08/2026 04:10:00 PM","Municipality Route","BALTIMORE RD","FIRST ST",,,"Unknown Type Of Non-Motorist","Unknown","Clear","Dry","Daylight","Traffic Control Signal","Unknown, Unknown","Not Suspect of Alcohol Use, Not Suspect of Drug Use","8CEF4878-295B-47F2-AB14-296CB564BBEC","Unknown Type Of Non-Motorist","Cross/Enter at Intersection","None (No Improper Action)","Intersection Marked Crosswalk","No","Suspected Minor Injury","None","39.08463578","-77.13614271","    (39.08463578, -77.13614271)"
"MCP3275003V","260001175","MONTGOMERY","Injury Crash","01/08/2026 01:00:00 PM","Maryland (State) Route","GEORGIA AVE (SB/L)","FOREST GLEN RD (WB/L)",,,"Pedestrian","Single Vehicle","Clear","Dry","Daylight","Traffic Control Signal","Not Suspect of Alcohol Use, Not Suspect of Drug Use","Not Suspect of Alcohol Use, Not Suspect of Drug Use","26EBA7C0-4700-4D4A-B3AB-5CA65FE9C265","Pedestrian","Cross/Enter Not at Intersection","None (No Improper Action)","Intersection Marked Crosswalk","No","Suspected Minor Injury","None","39.01556666","-77.04294186","    (39.01556666, -77.04294186)"
"MCP2466006Q","260001008","MONTGOMERY","Injury Crash","01/07/2026 04:03:00 PM","Maryland (State) Route",,"JONES LA",,,"Cyclist (non-electric)","Single Vehicle","Clear","Dry","Daylight","No Controls","Not Suspect of Alcohol Use, Not Suspect of Drug Use","Not Suspect of Alcohol Use, Not Suspect of Drug Use","2115A8E3-DF15-46A4-A533-BD58DA603445","Cyclist (non-electric)","Walking/Cycling Along Roadway With Traffic (In or Adjacent to Travel Lane)","None (No Improper Action)","Shoulder/Roadside","No","Suspected Minor Injury","Helmet","39.11372735","-77.26763324","    (39.11372735, -77.26763324)"
"MCP2671004R","260000993","MONTGOMERY","Injury Crash","01/07/2026 03:00:00 PM","Maryland (State) Route","WAYNE AVE",,,,"Pedestrian","Single Vehicle","Clear","Dry","Daylight","Traffic Control Signal","Not Suspect of Alcohol Use, Not Suspect of Drug Use","Not Suspect of Alcohol Use, Not Suspect of Drug Use","41E1BCB7-49E7-4FF8-9E5E-FDCFA56B33E6","Pedestrian","Cross/Enter Not at Intersection","Dart/Dash","Travel Lane Other Location","Yes","Suspected Minor Injury","None","38.9992314","-77.01771936","    (38.9992314, -77.01771936)"
"DD5681001G","260000918","ROCKVILLE","Property Damage Crash","01/07/2026 01:00:00 AM","Municipality Route","MARYLAND AVE","E MIDDLE LA (WB/L)",,,"Pedestrian","Single Vehicle","Clear","Dry","Dark - Lighted","Traffic Control Signal","Unknown, Unknown","Not Suspect of Alcohol Use, Not Suspect of Drug Use","42FDE3B5-1878-4942-A1DF-4A1463824953","Pedestrian","Cross/Enter at Intersection","None (No Improper Action)","Intersection Marked Crosswalk","No","No Apparent Injury","None","39.08511068","-77.15096706","    (39.08511068, -77.15096706)"
"MCP137801FD","260000669","MONTGOMERY","Injury Crash","01/05/2026 04:07:00 PM","Maryland (State) Route","GEORGIA AVE (SB/L)","ASPEN HILL RD",,,"Cyclist (non-electric)","Single Vehicle","Cloudy","Dry","Daylight","Traffic Control Signal","Not Suspect of Alcohol Use, Not Suspect of Drug Use","Not Suspect of Alcohol Use, Not Suspect of Drug Use","05879C12-9DC7-414D-9547-3167E753403E","Cyclist (non-electric)","Cross/Enter at Intersection","None (No Improper Action)","Intersection Marked Crosswalk","No","Suspected Minor Injury","None","39.0806226","-77.07532502","    (39.0806226, -77.07532502)"
"DD5663002Q","260000500","ROCKVILLE","Injury Crash","01/04/2026 03:21:00 PM","Municipality Route",,"WOOTTON PKWY (EB/L)",,,"Cyclist (non-electric)","Single Vehicle","Clear","Dry","Daylight","Traffic Control Signal","Not Suspect of Alcohol Use, Not Suspect of Drug Use","Not Suspect of Alcohol Use, Not Suspect of Drug Use","50C0CB94-9B96-4CEA-9EB3-691FEFC5585D","Cyclist (non-electric)","Walking/Cycling Along Roadway With Traffic (In or Adjacent to Travel Lane)","None (No Improper Action)","Intersection Marked Crosswalk","No","Suspected Minor Injury","Helmet, Lighting, Protective Pads (elbows, knees, shins, etc.), Reflectors","39.06683399","-77.16163025","    (39.06683399, -77.16163025)"
"DD5673002L","260000535","ROCKVILLE","Injury Crash","01/03/2026 09:21:00 PM",,,,"Driveway        DRIVEWAY OF SHELL GAS STATION",,"Pedestrian","Single Vehicle","Clear",,"Unknown",,"Unknown, Unknown","Unknown, Unknown","FFC28E11-36AD-4542-9C38-7922EB4E4B24","Pedestrian","Unknown","Unknown","Driveway Access","No","Suspected Minor Injury","Unknown","39.05837513","-77.12118333","    (39.05837513, -77.12118333)"
"MCP3387003M","260000366","MONTGOMERY","Injury Crash","01/03/2026 04:03:00 PM","County Route","SILVER SPRING AVE","FENTON ST",,,"Pedestrian","Single Vehicle","Cloudy","Dry","Daylight","Traffic Control Signal","Not Suspect of Alcohol Use, Not Suspect of Drug Use","Not Suspect of Alcohol Use, Not Suspect of Drug Use","9B83FC29-D0CC-49D0-B65D-8119869D3946","Pedestrian","Cross/Enter at Intersection","None (No Improper Action)","Intersection Marked Crosswalk","No","Suspected Minor Injury","None","38.99171652","-77.02408035","    (38.99171652, -77.02408035)"
"MCP298700B4","260000232","MONTGOMERY","Injury Crash","01/02/2026 04:56:00 PM","County Route","BROADMORE RD",,,,"Cyclist (non-electric)","Single Vehicle","Clear","Dry","Daylight","No Controls","Not Suspect of Alcohol Use, Not Suspect of Drug Use","Not Suspect of Alcohol Use, Not Suspect of Drug Use","84F95A9F-AB88-4CBD-AFCE-DFA43FFDF21D","Cyclist (non-electric)","Cross/Enter Not at Intersection","Other","Travel Lane Other Location","No","Suspected Minor Injury","None","39.07139788","-76.99140344","    (39.07139788, -76.99140344)"
"MCP3387003L","260000220","MONTGOMERY","Injury Crash","01/02/2026 03:49:00 PM","US (State)","GEORGIA AVE (SB/L)","SILVER SPRING AVE",,,"Pedestrian","Single Vehicle","Clear","Dry","Daylight","Traffic Control Signal","Not Suspect of Alcohol Use, Not Suspect of Drug Use","Not Suspect of Alcohol Use, Not Suspect of Drug Use","347FC443-AB91-4BD2-AF3A-F3F6192DCFBE","Pedestrian","Cross/Enter at Intersection","None (No Improper Action)","Intersection Marked Crosswalk","No","Suspected Minor Injury","None","38.99158306","-77.02661205","    (38.99158306, -77.02661205)"
"MCP30390088","260000113","MONTGOMERY","Injury Crash","01/01/2026 06:00:00 PM","County Route","GROVE ST","BONIFANT ST HANKIN ST",,,"Pedestrian","Single Vehicle","Clear","Dry","Dark - Not Lighted","Stop Sign","Not Suspect of Alcohol Use, Not Suspect of Drug Use","Not Suspect of Alcohol Use, Not Suspect of Drug Use","6BDF0F48-2F86-4D9C-ABFB-B5F3CAF5B453","Pedestrian","None","None (No Improper Action)","Intersection Marked Crosswalk","No","Suspected Minor Injury","None","38.99531589","-77.02218763","    (38.99531589, -77.02218763)"
"MCP2671004Q","260000109","MONTGOMERY","Injury Crash","01/01/2026 05:25:00 PM","County Route","DEVON RD","DALE DR PINEY BRANCH RD THAYER PL",,,"Pedestrian","Single Vehicle","Clear","Dry","Dark - Lighted","Traffic Control Signal","Not Suspect of Alcohol Use, Not Suspect of Drug Use","Not Suspect of Alcohol Use, Not Suspect of Drug Use","50113183-5335-4ECF-80F5-FDB49378D297","Pedestrian","Cross/Enter at Intersection","None (No Improper Action)","Intersection Marked Crosswalk","No","Suspected Minor Injury","None","38.99372032","-77.00907795","    (38.99372032, -77.00907795)"
"MCP3372004J","250058394","MONTGOMERY","Injury Crash","12/31/2025 07:16:00 PM","Local Route","INDEPENDENCE ST","CONNECTICUT AVE",,,"Pedestrian","Single Vehicle","Clear","Dry","Dark - Lighted","Pedestrian Crossing","Not Suspect of Alcohol Use, Not Suspect of Drug Use","Not Suspect of Alcohol Use, Not Suspect of Drug Use","5DE17E3B-A633-4551-AA3C-859690B287FF","Pedestrian","None","Unknown","Intersection Marked Crosswalk","No","Suspected Serious Injury","None","39.07646767","-77.08041483","    (39.07646767, -77.08041483)"
"MCP3084007K","250058353","MONTGOMERY","Injury Crash","12/31/2025 03:38:00 PM","Maryland (State) Route","ROCKVILLE PIKE",,,,"Pedestrian","Angle","Clear","Dry","Daylight","No Controls","Not Suspect of Alcohol Use, Not Suspect of Drug Use, Not Suspect of Alcohol Use, Not Suspect of Drug Use","Not Suspect of Alcohol Use, Not Suspect of Drug Use","B6B29DAA-0448-4549-8858-1FE2CC2FE072","Pedestrian","Walking/Cycling on Sidewalk","None (No Improper Action)","Sidewalk","No","Suspected Minor Injury","None","39.04912287","-77.11398614","    (39.04912287, -77.11398614)"
"MCP3424001P","250058176","MONTGOMERY","Injury Crash","12/30/2025 12:17:00 PM",,,,"Parking Lot Way        PARKING LOT OF GIANT AT 18250 FLOWER HILL WAY",,"Pedestrian","Single Vehicle","Clear",,"Daylight",,"Not Suspect of Alcohol Use, Not Suspect of Drug Use","Not Suspect of Alcohol Use, Not Suspect of Drug Use","29BFF5FF-BEE4-4028-A1F4-CFE1D45CCDEA","Pedestrian","Cross/Enter Not at Intersection","None (No Improper Action)","Intersection Marked Crosswalk","No","Suspected Minor Injury","None","39.1554791","-77.16579512","    (39.1554791, -77.16579512)"
"MCP3053009L","250058100","MONTGOMERY","Property Damage Crash","12/29/2025 07:38:00 PM",,,,"Driveway        PAVEMENT IN FRONT OF 12908 GEORGIA AVE",,"Scooter (electric)","Single Vehicle","Clear",,"Dark - Lighted",,"Not Suspect of Alcohol Use, Not Suspect of Drug Use","Not Suspect of Alcohol Use, Not Suspect of Drug Use","EFD69F72-4700-4A20-B984-77962FC213F5","Scooter (electric)","Walking/Cycling on Sidewalk","Unknown","Travel Lane Other Location","No","No Apparent Injury","None","39.06735484","-77.06048197","    (39.06735484, -77.06048197)"
"MCP2756007K","250058043","MONTGOMERY","Injury Crash","12/29/2025 03:25:00 PM",,,,"Driveway        ENTRANCE TO 11323 GEORGIA AVE. SILVER SPRING, MD 20902",,"Cyclist (non-electric)","Single Vehicle","Severe Crosswinds",,"Daylight",,"Not Suspect of Alcohol Use, Not Suspect of Drug Use","Not Suspect of Alcohol Use, Not Suspect of Drug Use","0F2140EF-4790-4903-83FE-D292D659AD9C","Cyclist (non-electric)","Walking/Cycling on Sidewalk","None (No Improper Action)","Sidewalk","No","Suspected Minor Injury","None","39.04076403","-77.05136014","    (39.04076403, -77.05136014)"