"Report Number","Local Case Number","Agency Name","ACRS Report Type","Crash Date/Time","Route Type","Road Name","Cross-Street Name","Off-Road Description","Municipality","Related Non-Motorist","Collision Type","Weather","Surface Condition","Light","Traffic Control","Driver Substance Abuse","Non-Motorist Substance Abuse","Person ID","Pedestrian Type","Pedestrian Movement","Pedestrian Actions","Pedestrian Location","At Fault","Injury Severity","Safety Equipment","Latitude","Longitude","Location"
"MCP3212004B","250057825","MONTGOMERY","Injury Crash","12/27/2025 07:05:00 PM","US (State)",,,,,"Scooter (electric)","Single Vehicle","Clear","Dry","Dark - Lighted","Lane Use Control Signal","Not Suspect of Alcohol Use, Not Suspect of Drug Use","Not Suspect of Alcohol Use, Not Suspect of Drug Use","2D2DF4E1-74BD-42DE-8A31-7F36E36EF106","Scooter (electric)","Walking/Cycling Along Roadway With Traffic (In or Adjacent to Travel Lane)","Entering/Exiting Parked/Standing Vehicle","Travel Lane Other Location","No","Suspected Minor Injury","None","38.99736577","-77.02721691","    (38.99736577, -77.02721691)"
"EJ7906003D","250057707","GAITHERSBURG","Injury Crash","12/26/2025 05:30:00 PM","Local Route","SHOP CTR CUT THRU CUT","KENTLANDS BLVD (NB/L) KENTLANDS SQUARE PL",,,"Pedestrian","Single Vehicle","Rain","Wet","Dark - Lighted","Stop Sign","Not Suspect of Alcohol Use, Not Suspect of Drug Use","Not Suspect of Alcohol Use, Not Suspect of Drug Use","8298AD72-B6D9-4C41-AE17-C88D8FEA1BA4","Pedestrian","Cross/Enter at Intersection","Unknown","Intersection Marked Crosswalk","No","Suspected Minor Injury","None","39.12334","-77.23662667","    (39.12334, -77.23662667)"
"MCP3322004Q","250057491","MONTGOMERY","Injury Crash","12/24/2025 02:50:00 PM",,,,"Parking Aisle        13625 GEORGIA AVE. ASPEN MANOR SHOPPING CENTER",,"Pedestrian","Rear To Side","Clear",,"Daylight",,"Not Suspect of Alcohol Use, Not Suspect of Drug Use, Not Suspect of Alcohol Use, Not Suspect of Drug Use","Not Suspect of Alcohol Use, Not Suspect of Drug Use","5F9D7C6D-3173-4233-963C-BBC4BD82A7D0","Pedestrian","Standing","In Roadway Improperly (Standing, Lying, Working, Playing)","Other","No","Possible Injury","None","39.07983209","-77.07218738","    (39.07983209, -77.07218738)"
"MCP2298019Z","250057457","MONTGOMERY","Injury Crash","12/24/2025 10:21:00 AM","County Route","SHADY GROVE RD (SB/L)",,,,"Pedestrian","Single Vehicle","Clear","Dry","Daylight","No Controls","Not Suspect of Alcohol Use, Not Suspect of Drug Use","Not Suspect of Alcohol Use, Not Suspect of Drug Use","2B88E36D-3191-4144-848B-9CFE3CD8219F","Pedestrian","Cross/Enter Not at Intersection","In Roadway Improperly (Standing, Lying, Working, Playing)","Other","Yes","Suspected Serious Injury","None","39.11405066","-77.18622233","    (39.11405066, -77.18622233)"
"DD5704000B","250057417","ROCKVILLE","Injury Crash","12/23/2025 10:36:00 PM","Municipality Route","W EDMONSTON DR",,,,"Pedestrian","Single Vehicle","Clear","Dry","Dark - Lighted","Traffic Control Signal","Not Suspect of Alcohol Use, Not Suspect of Drug Use","Not Suspect of Alcohol Use, Not Suspect of Drug Use","13B974F0-C3F6-4EBF-A0F3-363D2B98EDE8","Pedestrian","Unknown","Unknown","Intersection Marked Crosswalk","No","Suspected Minor Injury","Unknown","39.07129728","-77.13956402","    (39.07129728, -77.13956402)"
"MCP3192006Y","250057194","MONTGOMERY","Injury Crash","12/22/2025 07:09:00 PM","County Route","RANDOLPH RD (WB/L)",,,,"Pedestrian","Single Vehicle","Clear","Dry","Dark - Lighted","Traffic Control Signal","Not Suspect of Alcohol Use, Not Suspect of Drug Use","Not Suspect of Alcohol Use, Not Suspect of Drug Use","D5AC2AE3-CF64-463F-A0A1-FF7AC58FBD2E","Pedestrian","Cross/Enter at Intersection","Failure to Obey Traffic Signs, Signals, or Officer, In Roadway Improperly (Standing, Lying, Working, Playing), Inattentive (Talking, Eating, etc.), Not Visible (Dark Clothing, No Lighting, etc.)","Intersection Marked Crosswalk","Yes","Possible Injury","None","39.06610871","-77.03443908","    (39.06610871, -77.03443908)"
"MCP2678006C","250057062","MONTGOMERY","Injury Crash","12/22/2025 07:51:00 AM","County Route","WESTCHESTER DR",,,,"Pedestrian","Single Vehicle","Clear","Dry","Daylight","No Controls","Not Suspect of Alcohol Use, Not Suspect of Drug Use","Not Suspect of Alcohol Use, Not Suspect of Drug Use","807392E4-2E13-46E5-AB1A-FF47E03B90B7","Pedestrian","Cross/Enter Not at Intersection","In Roadway Improperly (Standing, Lying, Working, Playing)","Travel Lane Other Location","Yes","Suspected Minor Injury","None","39.04022214","-77.04249937","    (39.04022214, -77.04249937)"
"MCP3251001S","250056936","MONTGOMERY","Injury Crash","12/20/2025 11:55:00 PM","County Route","MIDDLEBROOK RD",,,,"Pedestrian","Single Vehicle","Clear","Dry","Dark - Lighted","Traffic Control Signal","Not Suspect of Alcohol Use, Not Suspect of Drug Use","Not Suspect of Alcohol Use, Not Suspect of Drug Use","357994B5-7D82-4094-8DAC-0FBAD54BBC4F","Pedestrian","Cross/Enter at Intersection","Failure to Obey Traffic Signs, Signals, or Officer","Intersection Marked Crosswalk","No","Suspected Serious Injury","None","39.17509818","-77.25376618","    (39.17509818, -77.25376618)"
"MCP3339005W","250056922","MONTGOMERY","Injury Crash","12/20/2025 08:49:00 PM","Private Route",,,,,"Pedestrian","Single Vehicle","Clear","Dry","Dark - Not Lighted","Yield Sign","Not Suspect of Alcohol Use, Not Suspect of Drug Use","Not Suspect of Alcohol Use, Not Suspect of Drug Use","8067C21A-4761-4271-A79A-DACF7B8BE16F","Pedestrian","Cross/Enter at Intersection","Not Visible (Dark Clothing, No Lighting, etc.)","Intersection Marked Crosswalk","No","Suspected Minor Injury","None","39.100991","-77.0742875","    (39.100991, -77.0742875)"
"MCP3376002W","250056903","MONTGOMERY","Injury Crash","12/20/2025 05:46:00 PM","County Route","WINDHAM LA","GEORGIA AVE",,,"Pedestrian","Single Vehicle","Clear","Dry","Dark - Lighted","Traffic Control Signal","Not Suspect of Alcohol Use, Not Suspect of Drug Use","Not Suspect of Alcohol Use, Not Suspect of Drug Use","01A7989F-E525-47BF-88C7-69F5290B27AD","Pedestrian","Cross/Enter Not at Intersection","Unknown","Intersection Other","Yes","Suspected Minor Injury","None","39.03194304","-77.04826014","    (39.03194304, -77.04826014)"
"DM8515001N","250056785","TAKOMA","Injury Crash","12/19/2025 08:46:00 PM","Maryland (State) Route","PINEY BRANCH RD",,,,"Pedestrian","Single Vehicle","Clear","Dry","Dark - Lighted","Traffic Control Signal","Not Suspect of Alcohol Use, Not Suspect of Drug Use","Not Suspect of Alcohol Use, Not Suspect of Drug Use","AE4F9CEA-B48B-45DD-9890-66C32B821FD5","Pedestrian","None","Unknown","Intersection Marked Crosswalk","No","Suspected Minor Injury","None","38.98327345","-77.01542304","    (38.98327345, -77.01542304)"
"MCP3356003M","250056737","MONTGOMERY","Injury Crash","12/19/2025 03:32:00 PM","County Route","WISTERIA DR",,,,"Pedestrian","Single Vehicle","Clear","Dry","Daylight","Pedestrian Crossing","Not Suspect of Alcohol Use, Not Suspect of Drug Use","Not Suspect of Alcohol Use, Not Suspect of Drug Use","C5D67353-710F-431B-84E4-4C0386AD0AFB","Pedestrian","Cross/Enter at Intersection","Dart/Dash","Intersection Marked Crosswalk","No","Possible Injury","None","39.16788161","-77.25988612","    (39.16788161, -77.25988612)"
"MCP2195007W","250056667","MONTGOMERY","Injury Crash","12/19/2025 06:50:00 AM","Other Public Roadway","HENDERSON CORNER RD (NB/L)","SENECA CROSSING DR",,,"Pedestrian","Single Vehicle","Rain","Wet","Dark - Not Lighted","Pedestrian Crossing","Not Suspect of Alcohol Use, Not Suspect of Drug Use","Not Suspect of Alcohol Use, Not Suspect of Drug Use","A79AB868-9058-4D78-B328-5E5D89F41E45","Pedestrian","Cross/Enter at Intersection","Not Visible (Dark Clothing, No Lighting, etc.)","Intersection Marked Crosswalk","No","Suspected Serious Injury","None","39.20345038","-77.24417689","    (39.20345038, -77.24417689)"
"MCP3280007K","250056665","MONTGOMERY","Fatal Crash","12/19/2025 06:10:00 AM","US (State)","GEORGIA AVE",,,,"Pedestrian","Single Vehicle","Rain","Wet","Dark - Lighted","Traffic Control Signal","Not Suspect of Alcohol Use, Not Suspect of Drug Use","Unknown, Unknown","ECF315CC-B7E3-4052-BF9A-7EEAE49C7A87","Pedestrian","Unknown","Unknown","Unknown","No","Fatal Injury","None","38.99117769","-77.02649317","    (38.99117769, -77.02649317)"
"MCP2861006Z","250056562","MONTGOMERY","Injury Crash","12/18/2025 02:50:00 PM","County Route","MACARTHUR BLVD",,,,"Cyclist (non-electric)","Single Vehicle","Cloudy","Dry","Daylight","No Controls","Unknown, Unknown","Not Suspect of Alcohol Use, Not Suspect of Drug Use","E1FD52F1-6567-43ED-B5FD-75632AE38B20","Cyclist (non-electric)","Walking/Cycling Along Roadway With Traffic (In or Adjacent to Travel Lane)","None (No Improper Action)","Travel Lane Other Location","No","Suspected Minor Injury","Helmet, Protective Pads (elbows, knees, shins, etc.), Reflectors","38.95697907","-77.12990513","    (38.95697907, -77.12990513)"
"MCP3109009F","250056560","MONTGOMERY","Fatal Crash","12/18/2025 02:01:00 PM","Maryland (State) Route","NEW HAMPSHIRE AVE",,,,"Cyclist (non-electric)","Single Vehicle","Clear","Other","Daylight","No Controls","Not Suspect of Alcohol Use, Not Suspect of Drug Use","Not Suspect of Alcohol Use, Not Suspect of Drug Use","3D7947C5-BF83-4B73-8379-9B27A8F85DCB","Cyclist (non-electric)","Walking/Cycling Along Roadway With Traffic (In or Adjacent to Travel Lane)","None (No Improper Action)","Shoulder/Roadside","No","Fatal Injury","Helmet, Lighting","39.10494723","-77.00236033","    (39.10494723, -77.00236033)"
"MCP2195007V","250056486","MONTGOMERY","Injury Crash","12/18/2025 08:02:00 AM","County Route",,,,,"Pedestrian","Single Vehicle","Clear","Dry","Daylight","Pedestrian Crossing","Not Suspect of Alcohol Use, Not Suspect of Drug Use","Not Suspect of Alcohol Use, Not Suspect of Drug Use","A4B7D251-77B4-466E-93C8-814C4053ACC4","Pedestrian","Cross/Enter at Intersection","Inattentive (Talking, Eating, etc.)","Intersection Marked Crosswalk","No","Possible Injury","None","39.28416463","-77.20913651","    (39.28416463, -77.20913651)"
"MCP23560053","250056411","MONTGOMERY","Injury Crash","12/17/2025 05:25:00 PM","County Route",,,,,"Pedestrian","Single Vehicle","Clear","Dry","Dark - Lighted","Traffic Control Signal","Not Suspect of Alcohol Use, Not Suspect of Drug Use","Not Suspect of Alcohol Use, Not Suspect of Drug Use","499C2533-8C71-4CD7-B154-639E11B4A5C6","Pedestrian","Cross/Enter Not at Intersection","In Roadway Improperly (Standing, Lying, Working, Playing), Not Visible (Dark Clothing, No Lighting, etc.)","Travel Lane Other Location","No","Suspected Minor Injury","None","39.11621145","-77.16572426","    (39.11621145, -77.16572426)"
"MCP3441001W","250056284","MONTGOMERY","Injury Crash","12/16/2025 09:01:00 PM","County Route",,"MOTOR CITY DR",,,"Pedestrian","Single Vehicle","Clear","Dry","Dark - Lighted","Traffic Control Signal","Unknown, Unknown","Not Suspect of Alcohol Use, Not Suspect of Drug Use","196E6A04-5F77-4828-9BB7-F11A643C5032","Pedestrian","Cross/Enter at Intersection","None (No Improper Action)","Intersection Marked Crosswalk","No","Suspected Serious Injury","None","39.02648027","-77.14402173","    (39.02648027, -77.14402173)"
"MCP3257009V","250055844","MONTGOMERY","Injury Crash","12/13/2025 09:20:00 PM",,,,"Parking Lot Way        PARKING LOT OF THE MEN'S SHELTER LOCATED AT 11600 NEBEL ST",,"Pedestrian","Sideswipe, Opposite Direction","Clear",,"Dark - Lighted",,"Suspect of Alcohol Use, Not Suspect of Drug Use","Not Suspect of Alcohol Use, Not Suspect of Drug Use","69DDD35F-F097-45CC-8974-A39731F38A41","Pedestrian","Other","None (No Improper Action)","Other","No","Suspected Minor Injury","None","39.04688293","-77.10553037","    (39.04688293, -77.10553037)"
"MCP2687004W","250055757","MONTGOMERY","Injury Crash","12/13/2025 12:40:00 PM","Municipality Route","N PARK AVE",,,,"Unknown","Single Vehicle","Clear","Dry","Daylight","Other","Not Suspect of Alcohol Use, Not Suspect of Drug Use","Not Suspect of Alcohol Use, Not Suspect of Drug Use","F2B2CFF9-E79F-47F0-9441-553000C2DB37","Unknown","Standing","None (No Improper Action)","Other","No","Suspected Minor Injury","Reflectors","38.96347735","-77.09140961","    (38.96347735, -77.09140961)"
"MCP3376002V","250055652","MONTGOMERY","Injury Crash","12/12/2025 04:29:00 PM","Local Route","WHEATON PLZ RING RD CUT",,,,"Pedestrian","Single Vehicle","Clear","Dry","Daylight","No Controls","Not Suspect of Alcohol Use, Not Suspect of Drug Use","Not Suspect of Alcohol Use, Not Suspect of Drug Use","A3189634-892D-4614-A19C-033A4D5AA4E3","Pedestrian","Cross/Enter Not at Intersection","None (No Improper Action)","Intersection Marked Crosswalk","No","Suspected Minor Injury","None","39.03797176","-77.05693097","    (39.03797176, -77.05693097)"
"MCP3442001C","250055551","MONTGOMERY","Injury Crash","12/12/2025 04:00:00 AM","Bicycle Route",,,,,"Scooter (electric)","Single Vehicle","Clear","Dry","Dark - Not Lighted","No Controls","Not Suspect of Alcohol Use, Not Suspect of Drug Use","Not Suspect of Alcohol Use, Not Suspect of Drug Use","375C68F1-28A2-4573-A1D8-8841C50F80A2","Scooter (electric)","Cross/Enter at Intersection","Unknown","Intersection Marked Crosswalk","No","Suspected Minor Injury","Helmet","39.0506042","-77.11469472","    (39.0506042, -77.11469472)"
"MCP2921005X","250055470","MONTGOMERY","Injury Crash","12/11/2025 03:36:00 PM","Maryland (State) Route","FREDERICK RD (SB/L)",,,,"Pedestrian","Single Vehicle","Clear","Dry","Daylight","No Controls","Not Suspect of Alcohol Use, Not Suspect of Drug Use","Not Suspect of Alcohol Use, Not Suspect of Drug Use","F54D7312-B8EF-4CEE-A7DF-D70CA7ACAA89","Pedestrian","Cross/Enter Not at Intersection","Dart/Dash, Failure to Obey Traffic Signs, Signals, or Officer, Failure to Yield Right-Of-Way, In Roadway Improperly (Standing, Lying, Working, Playing)","Travel Lane Other Location","Yes","Suspected Serious Injury","None","39.17643039","-77.23852325","    (39.17643039, -77.23852325)"
"MCP30680070","250055507","MONTGOMERY","Injury Crash","12/11/2025 01:50:00 PM","Maryland (State) Route","WISCONSIN AVE",,,,"Cyclist (non-electric)","Single Vehicle","Clear","Dry","Daylight","No Controls","Not Suspect of Alcohol Use, Not Suspect of Drug Use","Not Suspect of Alcohol Use, Not Suspect of Drug Use","14FAB082-34BC-465A-83AD-E6FDEE42C807","Cyclist (non-electric)","Walking/Cycling Along Roadway With Traffic (In or Adjacent to Travel Lane)","None (No Improper Action)","Travel Lane Other Location","No","Suspected Minor Injury","Helmet","38.96521065","-77.08766798","    (38.96521065, -77.08766798)"
"MCP34300018","250055401","MONTGOMERY","Injury Crash","12/11/2025 09:20:00 AM",,,,"Driveway        THE GARAGE EXIT OF A CAR SHOP AT MURRAYS AUTO CLINIC, 939 GIST AVE, SILVER SPRING, MD 20910",,"Pedestrian","Single Vehicle","Clear",,"Daylight",,"Not Suspect of Alcohol Use, Not Suspect of Drug Use","Not Suspect of Alcohol Use, Not Suspect of Drug Use","BACB69F0-5A29-4B86-904B-B084FE757378","Pedestrian","Other","Inattentive (Talking, Eating, etc.)","NonTrafficway Area","Yes","Suspected Minor Injury","None","38.98961667","-77.02578143","    (38.98961667, -77.02578143)"
"MCP219800J9","250055337","MONTGOMERY","Injury Crash","12/10/2025 08:40:00 PM","County Route","SHADY GROVE RD (SB/L)",,,,"Pedestrian","Single Vehicle","Cloudy","Dry","Dark - Lighted","Traffic Control Signal","Not Suspect of Alcohol Use, Not Suspect of Drug Use","Unknown, Unknown","E8B86170-428D-4EDD-9628-4CB313F95FF9","Pedestrian","Unknown","Unknown","Unknown","Yes","Suspected Serious Injury","None","39.119198","-77.18246467","    (39.119198, -77.18246467)"
"MCP3441001T","250055304","MONTGOMERY","Injury Crash","12/10/2025 05:30:00 PM","Maryland (State) Route","CONNECTICUT AVE (SB/L)",,,,"Pedestrian","Single Vehicle","Clear","Dry","Dark - Lighted","No Controls","Not Suspect of Alcohol Use, Not Suspect of Drug Use","Not Suspect of Alcohol Use, Not Suspect of Drug Use","3C6078B1-FB3F-4DE1-B4FC-D4DBDB8AEF5C","Pedestrian","Cross/Enter Not at Intersection","In Roadway Improperly (Standing, Lying, Working, Playing)","Travel Lane Other Location","Yes","Suspected Serious Injury","None","39.04407399","-77.07621588","    (39.04407399, -77.07621588)"
"MCP33300034","250055222","MONTGOMERY","Injury Crash","12/10/2025 12:27:00 PM","Maryland (State) Route","VEIRS MILL RD",,,,"Pedestrian","Single Vehicle","Cloudy","Dry","Daylight","No Controls","Not Suspect of Alcohol Use, Not Suspect of Drug Use","Not Suspect of Alcohol Use, Not Suspect of Drug Use","51157565-53C5-4BA5-936D-EC5E9A38AB13","Pedestrian","Cross/Enter Not at Intersection","Failure to Obey Traffic Signs, Signals, or Officer","OnStreet Bike Lanes","Yes","Suspected Minor Injury","None","39.04045525","-77.05642646","    (39.04045525, -77.05642646)"
"MCP3271006P","250055089","MONTGOMERY","Injury Crash","12/09/2025 03:58:00 PM",,,,"Private Road        1705 EAST WEST HWY, NEAR THE ENTRANCE",,"Pedestrian","Single Vehicle","Clear",,"Daylight",,"Unknown, Unknown","Not Suspect of Alcohol Use, Not Suspect of Drug Use","D09AE34B-6D63-42BF-B143-315A2411515E","Pedestrian","Other","None (No Improper Action)","Driveway Access","No","Possible Injury","None","38.99627401","-77.04123506","    (38.99627401, -77.04123506)"
"MCP3085006N","250054887","MONTGOMERY","Injury Crash","12/08/2025 03:19:00 PM","County Route","MARINELLI RD (EB/L)","ROCKVILLE PIKE",,,"Pedestrian","Single Vehicle","Clear","Dry","Daylight","No Controls","Not Suspect of Alcohol Use, Not Suspect of Drug Use","Not Suspect of Alcohol Use, Not Suspect of Drug Use","8775004F-9F03-4346-A605-D35BA4EFAFF6","Pedestrian","Other","In Roadway Improperly (Standing, Lying, Working, Playing)","Intersection Other","No","Suspected Minor Injury","None","39.04713933","-77.11287583","    (39.04713933, -77.11287583)"
"MCP34360024","250054746","MONTGOMERY","Injury Crash","12/07/2025 02:27:00 PM","County Route","TAMARACK RD","E RANDOLPH RD E RANDOLPH RD (WB/L)",,,"Pedestrian","Single Vehicle","Clear","Dry","Daylight","Traffic Control Signal","Not Suspect of Alcohol Use, Not Suspect of Drug Use","Not Suspect of Alcohol Use, Not Suspect of Drug Use","0FA6830A-1C55-48DF-87CE-B93D72E3E034","Pedestrian","Cross/Enter at Intersection","Unknown","Intersection Marked Crosswalk","No","Possible Injury","None","39.06765485","-76.98574851","    (39.06765485, -76.98574851)"
"MCP33740045","250054745","MONTGOMERY","Injury Crash","12/07/2025 02:18:00 PM","County Route","WESTLAKE DR (SB/L)",,,,"Pedestrian","Front to Rear","Clear","Dry","Daylight","No Controls","Not Suspect of Alcohol Use, Not Suspect of Drug Use, Not Suspect of Alcohol Use, Not Suspect of Drug Use","Not Suspect of Alcohol Use, Not Suspect of Drug Use","878C829E-468F-48A9-8DC5-9E0586E4DBC1","Pedestrian","Walking/Cycling on Sidewalk","None (No Improper Action)","Sidewalk","No","Suspected Minor Injury","None","39.02498621","-77.14902877","    (39.02498621, -77.14902877)"
"MCP3269004J","250054719","MONTGOMERY","Injury Crash","12/07/2025 12:08:00 PM","County Route","LOCKWOOD DR",,,,"Pedestrian","Single Vehicle","Clear","Dry","Daylight","No Controls","Not Suspect of Alcohol Use, Not Suspect of Drug Use","Not Suspect of Alcohol Use, Not Suspect of Drug Use","65FA75A1-3EC0-4BED-A707-737AEADE1635","Pedestrian","Cross/Enter at Intersection","None (No Improper Action)","Intersection Marked Crosswalk","No","Suspected Minor Injury","None","39.0389561","-76.99211394","    (39.0389561, -76.99211394)"
"MCP1079000H","250054671","MONTGOMERY","Injury Crash","12/07/2025 12:10:00 AM","Maryland (State) Route","OLNEY SANDY SPRING RD (WB/L)",,,,"Pedestrian","Single Vehicle","Clear","Dry","Dark - Lighted","No Controls","Not Suspect of Alcohol Use, Not Suspect of Drug Use","Suspect of Alcohol Use, Unknown","99344CD9-F854-4831-8318-70536270597F","Pedestrian","Cross/Enter Not at Intersection","Dart/Dash, Inattentive (Talking, Eating, etc.), Not Visible (Dark Clothing, No Lighting, etc.)","Travel Lane Other Location","Yes","Suspected Minor Injury","None","39.15160747","-77.06359379","    (39.15160747, -77.06359379)"
"DD5701000D","250054506","ROCKVILLE","Injury Crash","12/05/2025 05:42:00 PM","Municipality Route","TAFT ST","E GUDE DR",,,"Pedestrian","Single Vehicle","Clear","Wet","Dark - Lighted","Traffic Control Signal","Not Suspect of Alcohol Use, Not Suspect of Drug Use","Not Suspect of Alcohol Use, Not Suspect of Drug Use","6074BF60-4CD3-4121-870E-A80C1CAD760C","Pedestrian","Cross/Enter at Intersection","None (No Improper Action)","Intersection Marked Crosswalk","No","Suspected Minor Injury","None","39.09415879","-77.13257944","    (39.09415879, -77.13257944)"
"MCP30440090","250054328","MONTGOMERY","Injury Crash","12/04/2025 05:39:00 PM",,,,"Driveway        PARKING LOT/SIDEWALK OF 11140 NEW HAMPSHIRE",,"Scooter (non-Electric)","Single Vehicle","Clear",,"Dark - Not Lighted",,"Not Suspect of Alcohol Use, Not Suspect of Drug Use","Not Suspect of Alcohol Use, Not Suspect of Drug Use","D2C07E05-5C21-429A-A7D9-2CB84310B7DB","Scooter (non-Electric)","Walking/Cycling on Sidewalk","None (No Improper Action)","Driveway Access","Yes","Possible Injury","None","39.03742736","-76.98976065","    (39.03742736, -76.98976065)"
"MCP28950037","250054307","MONTGOMERY","Injury Crash","12/04/2025 02:00:00 PM","Municipality Route","ONEILL DR","FREDERICK RD (SB/L)",,,"Cyclist (Electric)","Single Vehicle","Clear","Dry","Daylight","Traffic Control Signal","Not Suspect of Alcohol Use, Not Suspect of Drug Use","Not Suspect of Alcohol Use, Not Suspect of Drug Use","46EFB25E-C3B6-40A9-9392-19DE7EEC3594","Cyclist (Electric)","Cross/Enter at Intersection","None (No Improper Action)","Intersection Marked Crosswalk","No","Suspected Minor Injury","Helmet","39.12401333","-77.17993117","    (39.12401333, -77.17993117)"
"MCP3372004D","250053947","MONTGOMERY","Injury Crash","12/02/2025 05:41:00 PM",,,,"Parking Aisle        PARKING LOT OF 5510 NORBECK ROAD ROCKVILLE, MD 20853.",,"Pedestrian","Single Vehicle","Clear",,"Dark - Lighted",,"Not Suspect of Alcohol Use, Not Suspect of Drug Use","Not Suspect of Alcohol Use, Not Suspect of Drug Use","9F81C3F5-4926-4045-9A8A-AB85A1564939","Pedestrian","None","None (No Improper Action)","Other","No","Suspected Minor Injury","None","39.09475035","-77.11011054","    (39.09475035, -77.11011054)"
"MCP3044008Z","250053951","MONTGOMERY","Injury Crash","12/02/2025 05:25:00 PM",,,,"Parking Stall        PARKING LOT OF 11200 LOCKWOOD DRIVE",,"Pedestrian","Single Vehicle","Clear",,"Dark - Lighted",,"Unknown, Unknown","Not Suspect of Alcohol Use, Not Suspect of Drug Use","0271F34A-9AE4-4691-AD03-724073F4F39D","Pedestrian","Other","None (No Improper Action)","Other","No","Suspected Minor Injury","None","39.04033151","-76.99149269","    (39.04033151, -76.99149269)"
"MCP3230007S","250053935","MONTGOMERY","Injury Crash","12/02/2025 04:45:00 PM","Maryland (State) Route",,"NORWOOD RD",,,"Cyclist (non-electric)","Single Vehicle","Cloudy","Wet","Dark - Lighted","Traffic Control Signal","Not Suspect of Alcohol Use, Not Suspect of Drug Use","Not Suspect of Alcohol Use, Not Suspect of Drug Use","B1B0F3ED-FD8B-43E5-9800-4A7B347FC1DE","Cyclist (non-electric)","Walking/Cycling Along Roadway With Traffic (In or Adjacent to Travel Lane)","None (No Improper Action)","Intersection Other","No","Suspected Minor Injury","Helmet","39.14918038","-77.02917747","    (39.14918038, -77.02917747)"
"MCP3307003D","250053853","MONTGOMERY","Injury Crash","12/02/2025 11:17:00 AM",,,,"Parking Lot Way        PARKING LOT OF 3305 N LEISURE WORLD BLVD",,"Pedestrian","Single Vehicle","Rain",,"Daylight",,"Not Suspect of Alcohol Use, Not Suspect of Drug Use","Not Suspect of Alcohol Use, Not Suspect of Drug Use","3497F73D-4A6F-49BC-BB1D-22BF9D323974","Pedestrian","Other","Unknown","Other","No","Possible Injury","None","39.10925715","-77.06470607","    (39.10925715, -77.06470607)"