"Report Number","Local Case Number","Agency Name","ACRS Report Type","Crash Date/Time","Route Type","Road Name","Cross-Street Name","Off-Road Description","Municipality","Related Non-Motorist","Collision Type","Weather","Surface Condition","Light","Traffic Control","Driver Substance Abuse","Non-Motorist Substance Abuse","Person ID","Pedestrian Type","Pedestrian Movement","Pedestrian Actions","Pedestrian Location","At Fault","Injury Severity","Safety Equipment","Latitude","Longitude","Location"
"MCP2761007L","250053845","MONTGOMERY","Injury Crash","12/02/2025 09:40:00 AM","Other Public Roadway","SUGAR VIEW DR","CLARKS CROSSING RD",,,"Pedestrian","Single Vehicle","Clear","Dry","Daylight","No Controls","Not Suspect of Alcohol Use, Not Suspect of Drug Use","Not Suspect of Alcohol Use, Not Suspect of Drug Use","A06B107D-6879-41E8-9F8F-E7ACDB56E6F7","Pedestrian","Cross/Enter at Intersection","None (No Improper Action)","Intersection Unmarked Crosswalk","No","Possible Injury","None","39.24330134","-77.26885267","    (39.24330134, -77.26885267)"
"MCP3192006V","250053747","MONTGOMERY","Injury Crash","12/01/2025 04:12:00 PM","County Route","JANET RD",,,,"Pedestrian","Single Vehicle","Clear","Dry","Daylight","No Controls","Unknown, Unknown","Not Suspect of Alcohol Use, Not Suspect of Drug Use","48301C61-79D8-410D-8347-176A8A5B5918","Pedestrian","None","None (No Improper Action)","Intersection Unmarked Crosswalk","No","Suspected Minor Injury","None","39.06930965","-77.06229705","    (39.06930965, -77.06229705)"
"MCP31970053","250053736","MONTGOMERY","Injury Crash","12/01/2025 03:12:00 PM","Bicycle Route",,"OLD BALTIMORE RD",,,"Pedestrian","Single Vehicle","Clear","Dry","Daylight","Traffic Control Signal","Not Suspect of Alcohol Use, Not Suspect of Drug Use","Not Suspect of Alcohol Use, Not Suspect of Drug Use","9F1D98D7-27D8-44A6-A329-DA026140F979","Pedestrian","Cross/Enter at Intersection","Failure to Yield Right-Of-Way","Intersection Marked Crosswalk","Yes","Suspected Minor Injury","None","39.14656749","-77.0504629","    (39.14656749, -77.0504629)"
"MCP28550064","250053604","MONTGOMERY","Injury Crash","11/30/2025 05:34:00 PM","Maryland (State) Route",,,,,"Pedestrian","Single Vehicle","Clear","Wet","Dark - Lighted","No Controls","Not Suspect of Alcohol Use, Not Suspect of Drug Use","Suspect of Alcohol Use, Not Suspect of Drug Use","59CD0C71-518A-4CFC-A744-EC18D1F2CDB3","Pedestrian","Cross/Enter Not at Intersection","Dart/Dash, Other","Intersection Other","Yes","Suspected Minor Injury","None","38.99985017","-76.9922425","    (38.99985017, -76.9922425)"
"MCP2761007J","250053282","MONTGOMERY","Injury Crash","11/28/2025 01:09:00 PM","County Route","SYCAMORE FARM DR",,,,"Pedestrian","Single Vehicle","Cloudy","Dry","Daylight","No Controls","Not Suspect of Alcohol Use, Not Suspect of Drug Use","Not Suspect of Alcohol Use, Not Suspect of Drug Use","58B2165D-4B9C-456C-BA00-3F0185E79467","Pedestrian","Getting Off/On Vehicle","Other","Other","Yes","Suspected Minor Injury","None","39.23149717","-77.25477433","    (39.23149717, -77.25477433)"
"MCP3429001R","250053273","MONTGOMERY","Injury Crash","11/28/2025 11:32:00 AM",,,,"Parking Lot Way        GAS STATION EXIT",,"Pedestrian","Single Vehicle","Severe Crosswinds",,"Daylight",,"Not Suspect of Alcohol Use, Not Suspect of Drug Use","Not Suspect of Alcohol Use, Not Suspect of Drug Use","BA5C2356-8945-46ED-81FB-9D9051B2928F","Pedestrian","Walking/Cycling on Sidewalk","Unknown","Intersection Unmarked Crosswalk","No","Possible Injury","None","39.07897262","-77.07249863","    (39.07897262, -77.07249863)"
"MCP3358003W","250053246","MONTGOMERY","Injury Crash","11/28/2025 06:37:00 AM","Maryland (State) Route","ROCKVILLE PIKE (SB/L)",,,,"Pedestrian","Single Vehicle","Clear","Dry","Dark - Lighted","No Controls","Not Suspect of Alcohol Use, Not Suspect of Drug Use","Not Suspect of Alcohol Use, Not Suspect of Drug Use","A8AA7480-D12F-46C4-95B7-32AB98146424","Pedestrian","Cross/Enter Not at Intersection","Dart/Dash, Not Visible (Dark Clothing, No Lighting, etc.)","Other","No","Suspected Minor Injury","None","39.04372831","-77.11137431","    (39.04372831, -77.11137431)"
"MCP30500078","250053214","MONTGOMERY","Injury Crash","11/27/2025 06:27:00 PM","Maryland (State) Route","CONNECTICUT AVE",,,,"Scooter (electric)","Single Vehicle","Clear","Dry","Dark - Lighted","Traffic Control Signal","Not Suspect of Alcohol Use, Not Suspect of Drug Use","Not Suspect of Alcohol Use, Not Suspect of Drug Use","0D0C83DB-205F-46E7-8A26-74C7D8E89E6E","Scooter (electric)","Cross/Enter Not at Intersection","None (No Improper Action)","Intersection Marked Crosswalk","No","Possible Injury","None","39.08028992","-77.08038333","    (39.08028992, -77.08038333)"
"MCP3262006G","250053198","MONTGOMERY","Injury Crash","11/27/2025 02:42:00 PM","County Route","E RANDOLPH RD (WB/L)",,,,"Pedestrian","Single Vehicle","Clear","Dry","Daylight","No Controls","Not Suspect of Alcohol Use, Not Suspect of Drug Use","Not Suspect of Alcohol Use, Not Suspect of Drug Use","447FF08B-19A2-4EC5-952E-5EE32BF95742","Pedestrian","Cross/Enter Not at Intersection","In Roadway Improperly (Standing, Lying, Working, Playing)","Median/Crossing Island","Yes","Suspected Minor Injury","None","39.07555117","-76.99486267","    (39.07555117, -76.99486267)"
"MCP31970051","250052973","MONTGOMERY","Injury Crash","11/25/2025 06:00:00 PM","County Route","APPOMATTOX AVE",,,,"Pedestrian","Single Vehicle","Rain","Wet","Dark - Lighted","No Controls","Unknown, Unknown","Not Suspect of Alcohol Use, Not Suspect of Drug Use","C361FE8C-C8D2-443A-9A77-6827637B8F23","Pedestrian","Cross/Enter at Intersection","None (No Improper Action)","Intersection Marked Crosswalk","No","Suspected Serious Injury","None","39.15328954","-77.06028982","    (39.15328954, -77.06028982)"
"MCP32180061","250052931","MONTGOMERY","Injury Crash","11/25/2025 05:20:00 PM","County Route","REEDIE DR","GEORGIA AVE",,,"Pedestrian","Single Vehicle","Rain","Wet","Dark - Lighted","Traffic Control Signal","Not Suspect of Alcohol Use, Not Suspect of Drug Use","Not Suspect of Alcohol Use, Not Suspect of Drug Use","CFF153A3-FB4D-4FFB-89E3-CEB89B29B353","Pedestrian","Cross/Enter at Intersection","None (No Improper Action)","Intersection Marked Crosswalk","No","Suspected Minor Injury","None","39.03868902","-77.0508142","    (39.03868902, -77.0508142)"
"MCP3452001X","250052900","MONTGOMERY","Injury Crash","11/25/2025 03:44:00 PM","Maryland (State) Route","GEORGIA AVE","RALPH RD",,,"Pedestrian","Unknown","Cloudy","Dry","Daylight","No Controls","Unknown, Unknown","Not Suspect of Alcohol Use, Not Suspect of Drug Use","23C87143-0654-4F77-A65B-BC3990B4E633","Pedestrian","Walking/Cycling on Sidewalk","None (No Improper Action)","Sidewalk","No","Suspected Minor Injury","None","39.07841299","-77.07172235","    (39.07841299, -77.07172235)"
"EJ7903005T","250053279","GAITHERSBURG","Injury Crash","11/24/2025 09:00:00 PM","Local Route","ALCOTT PL",,,,"Pedestrian","Single Vehicle","Clear","Dry","Dark - Lighted","Stop Sign","Unknown, Unknown","Not Suspect of Alcohol Use, Not Suspect of Drug Use","DED8D7EC-960C-4F88-BE99-9418C71028EB","Pedestrian","Cross/Enter at Intersection","None (No Improper Action)","Intersection Marked Crosswalk","No","Suspected Minor Injury","Unknown","39.11363202","-77.20464171","    (39.11363202, -77.20464171)"
"EJ7898007G","250052765","GAITHERSBURG","Injury Crash","11/24/2025 04:50:00 PM","Maryland (State) Route","FREDERICK RD",,,,"Pedestrian","Single Vehicle","Clear","Dry","Dark - Lighted","Traffic Control Signal","Not Suspect of Alcohol Use, Not Suspect of Drug Use","Not Suspect of Alcohol Use, Not Suspect of Drug Use","8208A3CD-55C1-474D-9386-8F5A44D9F552","Pedestrian","Cross/Enter Not at Intersection","Dart/Dash","Travel Lane Other Location","Yes","Suspected Serious Injury","None","39.15065762","-77.20952904","    (39.15065762, -77.20952904)"
"MCP3407001Y","250052753","MONTGOMERY","Injury Crash","11/24/2025 03:31:00 PM","County Route","SHAKESPEARE BLVD (WB/L)",,,,"Pedestrian","Single Vehicle","Clear","Dry","Daylight","Stop Sign","Not Suspect of Alcohol Use, Not Suspect of Drug Use","Not Suspect of Alcohol Use, Not Suspect of Drug Use","A8C7C0D3-348D-42F6-87BF-C7557262B429","Pedestrian","Cross/Enter at Intersection","None (No Improper Action)","Intersection Marked Crosswalk","No","Suspected Minor Injury","None","39.19745456","-77.25226412","    (39.19745456, -77.25226412)"
"MCP2099000F","250052650","MONTGOMERY","Injury Crash","11/24/2025 07:55:00 AM","County Route","URBANA DR","GEORGIA AVE",,,"Pedestrian","Single Vehicle","Clear","Dry","Daylight","Traffic Control Signal","Not Suspect of Alcohol Use, Not Suspect of Drug Use","Not Suspect of Alcohol Use, Not Suspect of Drug Use","142F0CB5-E27A-4601-94FB-C3CFBF451E5D","Pedestrian","Cross/Enter at Intersection","None (No Improper Action)","Intersection Marked Crosswalk","No","Suspected Minor Injury","None","39.0614609","-77.05248537","    (39.0614609, -77.05248537)"
"MCP32330060","250052582","MONTGOMERY","Injury Crash","11/23/2025 03:22:00 PM","County Route","CARROLL AVE",,,,"Scooter (electric)","Single Vehicle","Clear","Dry","Daylight","No Controls","Not Suspect of Alcohol Use, Not Suspect of Drug Use","Suspect of Alcohol Use, Suspect of Drug Use","7965A304-A09A-4920-B78B-6B86307E2A10","Scooter (electric)","Walking/Cycling on Sidewalk","Improper Turn/Merge)","Sidewalk","Yes","Suspected Minor Injury","None","38.99901034","-76.99111048","    (38.99901034, -76.99111048)"
"MCP289200JQ","250052482","MONTGOMERY","Injury Crash","11/22/2025 07:04:00 PM","County Route","TILTON DR",,,,"Pedestrian","Single Vehicle","Clear","Dry","Dark - Lighted","No Controls","Not Suspect of Alcohol Use, Not Suspect of Drug Use","Not Suspect of Alcohol Use, Not Suspect of Drug Use","1AF1BE6D-0F39-470E-A576-82D3F1F0BFFC","Pedestrian","Cross/Enter at Intersection","Not Visible (Dark Clothing, No Lighting, etc.)","Intersection Unmarked Crosswalk","No","Suspected Minor Injury","None","39.0184028","-77.04362734","    (39.0184028, -77.04362734)"
"EJ78950082","250052478","GAITHERSBURG","Injury Crash","11/22/2025 06:30:00 PM",,,,"Parking Lot Way        PARKING LOT OF 221 MUDDY BRANCH ROAD",,"Pedestrian","Single Vehicle","Clear",,"Dark - Lighted",,"Not Suspect of Alcohol Use, Not Suspect of Drug Use","Not Suspect of Alcohol Use, Not Suspect of Drug Use","C511199A-5916-4A57-9789-85445FDFBC02","Pedestrian","Standing","None (No Improper Action)","Other","No","Possible Injury","None","39.1281875","-77.20596","    (39.1281875, -77.20596)"
"MCP2162005Q","250052468","MONTGOMERY","Injury Crash","11/22/2025 05:40:00 PM","Bicycle Route",,"W CEDAR LA",,,"Cyclist (non-electric)","Single Vehicle","Clear","Dry","Dark - Lighted","Traffic Control Signal","Not Suspect of Alcohol Use, Not Suspect of Drug Use","Not Suspect of Alcohol Use, Not Suspect of Drug Use","8FC01CC0-F83A-4B3F-A8F5-1AB0EEB535DA","Cyclist (non-electric)","Cross/Enter at Intersection","None (No Improper Action)","Intersection Marked Crosswalk","No","Suspected Minor Injury","Unknown","39.00449857","-77.11039613","    (39.00449857, -77.11039613)"
"MCP3044008V","250052328","MONTGOMERY","Injury Crash","11/21/2025 05:30:00 PM","County Route","MUSGROVE RD",,,,"Pedestrian","Unknown","Clear","Dry","Dark - Unknown Lighting","Traffic Control Signal","Unknown, Unknown","Not Suspect of Alcohol Use, Not Suspect of Drug Use","FA95A965-D236-4F70-917F-64CDF1930E4A","Pedestrian","Cross/Enter at Intersection","Unknown","Intersection Marked Crosswalk","No","Suspected Minor Injury","None","39.06785275","-76.95956857","    (39.06785275, -76.95956857)"
"MCP3148008N","250052319","MONTGOMERY","Injury Crash","11/21/2025 05:17:00 PM","Local Route","BREWER HOUSE CIR","BREWER HOUSE RD",,,"Pedestrian","Single Vehicle","Cloudy","Dry","Dark - Lighted","No Controls","Not Suspect of Alcohol Use, Not Suspect of Drug Use","Not Suspect of Alcohol Use, Not Suspect of Drug Use","95385DD9-B019-452B-9E03-D71CD93C2650","Pedestrian","Cross/Enter at Intersection","Unknown","Intersection Unmarked Crosswalk","No","Suspected Serious Injury","None","39.03113356","-77.113689","    (39.03113356, -77.113689)"
"DD5663002L","250052283","ROCKVILLE","Fatal Crash","11/21/2025 02:53:00 PM","Municipality Route","E JEFFERSON ST","ROLLINS AVE",,,"Pedestrian","Single Vehicle","Clear","Dry","Daylight","Traffic Control Signal","Not Suspect of Alcohol Use, Not Suspect of Drug Use","Not Suspect of Alcohol Use, Not Suspect of Drug Use","481441D2-8242-4068-A807-9085A6CE520E","Pedestrian","Cross/Enter at Intersection","None (No Improper Action)","Intersection Marked Crosswalk","No","Fatal Injury","None","39.05848521","-77.12637594","    (39.05848521, -77.12637594)"
"MCP33470037","250052129","MONTGOMERY","Injury Crash","11/20/2025 04:53:00 PM","County Route","WOODMONT AVE","HAMPDEN LA",,,"Cyclist (non-electric)","Single Vehicle","Clear","Dry","Dark - Lighted","Traffic Control Signal","Not Suspect of Alcohol Use, Not Suspect of Drug Use","Not Suspect of Alcohol Use, Not Suspect of Drug Use","12771C10-118B-42D5-933D-CB04C33F4AB4","Cyclist (non-electric)","Cross/Enter at Intersection","None (No Improper Action)","Separated Bike Lanes","No","Suspected Minor Injury","Helmet, Lighting, Reflectors","38.98271255","-77.09612816","    (38.98271255, -77.09612816)"
"MCP3452001T","250052087","MONTGOMERY","Injury Crash","11/20/2025 01:32:00 PM",,,,"Parking Lot Way        PARKING LOT OF COSTCO LOCATED AT 11160 VEIRS MILL RD",,"Occupant of Motor Vehicle Not in Transport","Other","Cloudy",,"Daylight",,"Not Suspect of Alcohol Use, Not Suspect of Drug Use","Not Suspect of Alcohol Use, Not Suspect of Drug Use","B899C940-1069-4C18-B2A2-DDE3DEED7849","Occupant of Motor Vehicle Not in Transport","Other","None (No Improper Action)","Other","No","Suspected Minor Injury","None","39.03559523","-77.05577458","    (39.03559523, -77.05577458)"
"MCP3452001T","250052087","MONTGOMERY","Injury Crash","11/20/2025 01:32:00 PM",,,,"Parking Lot Way        PARKING LOT OF COSTCO LOCATED AT 11160 VEIRS MILL RD",,"Occupant of Motor Vehicle Not in Transport","Other","Cloudy",,"Daylight",,"Not Suspect of Alcohol Use, Not Suspect of Drug Use","Not Suspect of Alcohol Use, Not Suspect of Drug Use","A6E5C83E-5745-4817-8AF8-AFD6D6802364","Occupant of Motor Vehicle Not in Transport","None","None (No Improper Action)","Other","No","No Apparent Injury","None","39.03559523","-77.05577458","    (39.03559523, -77.05577458)"
"MCP311100BP","250052023","MONTGOMERY","Injury Crash","11/20/2025 07:44:00 AM","Maryland (State) Route","16TH ST (SB/L)",,,,"Pedestrian","Single Vehicle","Cloudy","Dry","Daylight","No Controls","Not Suspect of Alcohol Use, Not Suspect of Drug Use","Not Suspect of Alcohol Use, Not Suspect of Drug Use","A25DF176-16CC-467F-9543-D08C5866A269","Pedestrian","Cross/Enter Not at Intersection","Dart/Dash, In Roadway Improperly (Standing, Lying, Working, Playing)","Travel Lane Other Location","No","Possible Injury","None","38.99576567","-77.036488","    (38.99576567, -77.036488)"
"MCP3337004H","250051967","MONTGOMERY","Injury Crash","11/19/2025 05:42:00 PM","Other Public Roadway","GEORGIAN WOODS PL",,,,"Cyclist (Electric)","Single Vehicle","Clear","Dry","Dark - Unknown Lighting","Stop Sign","Not Suspect of Alcohol Use, Not Suspect of Drug Use","Not Suspect of Alcohol Use, Not Suspect of Drug Use","91310678-7426-4239-A2A2-A56C4F43C53C","Cyclist (Electric)","Unknown","Unknown","Driveway Access","No","Possible Injury","Helmet, Lighting, Reflectors","39.05583834","-77.04981636","    (39.05583834, -77.04981636)"
"MCP3163009D","250051929","MONTGOMERY","Injury Crash","11/19/2025 03:54:00 PM","County Route","LYTTONSVILLE RD",,,,"Pedestrian","Single Vehicle","Clear","Dry","Daylight","No Controls","Not Suspect of Alcohol Use, Not Suspect of Drug Use","Not Suspect of Alcohol Use, Not Suspect of Drug Use","A4124D08-F16E-4672-966A-F20CF6AAE477","Pedestrian","Cross/Enter Not at Intersection","None (No Improper Action)","Other","Yes","Possible Injury","None","39.00084433","-77.0495365","    (39.00084433, -77.0495365)"
"MCP3450001N","250051926","MONTGOMERY","Injury Crash","11/19/2025 03:50:00 PM","County Route","FAIRLAND RD","COLUMBIA PIKE (SB/L)",,,"Cyclist (non-electric)","Single Vehicle","Clear","Dry","Daylight","Traffic Control Signal","Not Suspect of Alcohol Use, Not Suspect of Drug Use","Not Suspect of Alcohol Use, Not Suspect of Drug Use","39E51E4E-4DB8-4F43-B5BD-80D959AC0427","Cyclist (non-electric)","Cross/Enter at Intersection","Failure to Obey Traffic Signs, Signals, or Officer","Intersection Marked Crosswalk","Yes","Suspected Minor Injury","Helmet","39.07330483","-76.95570217","    (39.07330483, -76.95570217)"
"MCP27380060","250051802","MONTGOMERY","Injury Crash","11/18/2025 10:22:00 PM","County Route",,,,,"Pedestrian","Single Vehicle","Rain","Wet","Dark - Lighted","No Controls","Not Suspect of Alcohol Use, Not Suspect of Drug Use","Not Suspect of Alcohol Use, Not Suspect of Drug Use","53B384D5-2D3F-4B87-97E9-8875A8BF685E","Pedestrian","Cross/Enter Not at Intersection","Not Visible (Dark Clothing, No Lighting, etc.)","Travel Lane Other Location","Yes","Possible Injury","None","39.03937195","-76.99132101","    (39.03937195, -76.99132101)"
"DD5669001J","250051771","ROCKVILLE","Injury Crash","11/18/2025 06:56:00 PM","Maryland (State) Route","VEIRS MILL RD (WB/L)","BROADWOOD DR",,,"Pedestrian","Single Vehicle","Rain","Wet","Dark - Lighted","Traffic Control Signal","Not Suspect of Alcohol Use, Not Suspect of Drug Use","Not Suspect of Alcohol Use, Not Suspect of Drug Use","39236181-840C-4891-B845-DCD61705CA46","Pedestrian","Other","None (No Improper Action)","Intersection Marked Crosswalk","No","Suspected Minor Injury","None","39.07722295","-77.12378542","    (39.07722295, -77.12378542)"
"DD5676001C","250051769","ROCKVILLE","Injury Crash","11/18/2025 06:25:00 PM","Municipality Route","TWINBROOK PKWY (NB/L)","ROCKVILLE PIKE ROLLINS AVE",,,"Pedestrian","Single Vehicle","Rain","Wet","Dark - Lighted","Traffic Control Signal","Not Suspect of Alcohol Use, Not Suspect of Drug Use","Not Suspect of Alcohol Use, Not Suspect of Drug Use","9190F9E6-7766-4AC8-A8D8-FA41164D384C","Pedestrian","Cross/Enter at Intersection","None (No Improper Action)","Intersection Marked Crosswalk","No","Suspected Minor Injury","None","39.05883175","-77.12104006","    (39.05883175, -77.12104006)"
"MCP2967007F","250051751","MONTGOMERY","Injury Crash","11/18/2025 05:33:00 PM","County Route","SUGARBUSH LA","TUCKERMAN LA TUCKERMAN LA (EB/L)",,,"Pedestrian","Single Vehicle","Rain","Wet","Dark - Lighted","Traffic Control Signal","Not Suspect of Alcohol Use, Not Suspect of Drug Use","Not Suspect of Alcohol Use, Not Suspect of Drug Use","D4FB683E-A552-4C64-9E29-0FF71523AE2E","Pedestrian","Cross/Enter at Intersection","None (No Improper Action)","Intersection Unmarked Crosswalk","No","Possible Injury","None","39.0319194","-77.11801286","    (39.0319194, -77.11801286)"
"DD556700BT","250051749","ROCKVILLE","Injury Crash","11/18/2025 05:28:00 PM","Local Route","KISS AND RIDE TWINBROOK LOT","BOUIC AVE CHAPMAN AVE",,,"Pedestrian","Single Vehicle","Rain","Wet","Dark - Lighted","Stop Sign","Not Suspect of Alcohol Use, Not Suspect of Drug Use","Not Suspect of Alcohol Use, Not Suspect of Drug Use","948E4585-39AE-49BE-869F-794273A5232B","Pedestrian","Cross/Enter at Intersection","None (No Improper Action)","Intersection Marked Crosswalk","No","Suspected Minor Injury","None","39.06111631","-77.12105684","    (39.06111631, -77.12105684)"
"MCP3335003X","250051738","MONTGOMERY","Property Damage Crash","11/18/2025 04:42:00 PM","Maryland (State) Route","UNIVERSITY BLVD E (WB/L)","RAMP 1 FR MD 193 NB TO IS 495 WB",,,"Cyclist (non-electric)","Single Vehicle","Clear","Dry","Daylight","Other Pavement Marking (excluding edgelines, centerlines, or lane lines)","Not Suspect of Alcohol Use, Not Suspect of Drug Use","Not Suspect of Alcohol Use, Not Suspect of Drug Use","E530D501-7969-4510-A349-835FD777C663","Cyclist (non-electric)","Cross/Enter at Intersection","None (No Improper Action)","Intersection Marked Crosswalk","No","No Apparent Injury","Helmet","39.01573851","-77.00519274","    (39.01573851, -77.00519274)"
"DD556700BQ","250051670","ROCKVILLE","Injury Crash","11/18/2025 11:29:00 AM","Maryland (State) Route","HUNGERFORD DR (SB/L)","BEALL AVE #2",,,"Pedestrian","Single Vehicle","Clear","Dry","Daylight","Pedestrian Crossing","Not Suspect of Alcohol Use, Not Suspect of Drug Use","Not Suspect of Alcohol Use, Not Suspect of Drug Use","E7BC97B4-5A8A-463A-AA73-8A2425AEE362","Pedestrian","Cross/Enter at Intersection","None (No Improper Action)","Intersection Marked Crosswalk","No","Suspected Serious Injury","None","39.08745832","-77.15015184","    (39.08745832, -77.15015184)"
"EJ78870069","250051618","GAITHERSBURG","Injury Crash","11/18/2025 07:50:00 AM","Municipality Route","QUINCE ORCHARD BLVD",,,,"Pedestrian","Single Vehicle","Clear","Dry","Daylight","No Controls","Not Suspect of Alcohol Use, Not Suspect of Drug Use","Not Suspect of Alcohol Use, Not Suspect of Drug Use","1A6AB7B7-D22F-4C01-82F9-31CFC8F5228D","Pedestrian","Walking/Cycling on Sidewalk","Unknown","Intersection Unmarked Crosswalk","No","Suspected Minor Injury","None","39.1417315","-77.22785867","    (39.1417315, -77.22785867)"
"MCP3290004P","250051611","MONTGOMERY","Injury Crash","11/18/2025 06:37:00 AM","Government Route","SLIGO CREEK PKWY","COLESVILLE RD COLESVILLE RD (SB/L) ST ANDREWS WAY",,,"Pedestrian","Single Vehicle","Clear","Dry","Dark - Lighted","Traffic Control Signal","Not Suspect of Alcohol Use, Not Suspect of Drug Use","Not Suspect of Alcohol Use, Not Suspect of Drug Use","C651A646-798C-48E1-8C5E-A7A3BAE3789D","Pedestrian","Cross/Enter at Intersection","Unknown","Intersection Marked Crosswalk","No","Suspected Minor Injury","None","39.00770243","-77.02014089","    (39.00770243, -77.02014089)"
"MCP3339005R","250051564","MONTGOMERY","Property Damage Crash","11/17/2025 05:48:00 PM","Maryland (State) Route","GEORGIA AVE (SB/L)",,,,"Cyclist (Electric)","Single Vehicle","Clear","Dry","Dark - Not Lighted","Stop Sign","Unknown, Unknown","Not Suspect of Alcohol Use, Not Suspect of Drug Use","723300E3-B8D4-4186-9ECE-0ABA9C6874AC","Cyclist (Electric)","Walking/Cycling on Sidewalk","None (No Improper Action)","Intersection Unmarked Crosswalk","No","No Apparent Injury","None","39.08276479","-77.07747279","    (39.08276479, -77.07747279)"
"MCP3073006W","250051551","MONTGOMERY","Injury Crash","11/17/2025 03:57:00 PM",,,,"Parking Lot Way        PARKING LOT IN FRONT OF GIANT",,"Pedestrian","Other","Clear",,"Daylight",,"Not Suspect of Alcohol Use, Not Suspect of Drug Use, Unknown, Unknown","Not Suspect of Alcohol Use, Not Suspect of Drug Use","9D4B6D8A-B2E7-4CCC-A63A-F264D4865267","Pedestrian","Standing","None (No Improper Action)","OffStreet Trails or Sidepaths","No","Possible Injury","Unknown","39.15326217","-77.06403733","    (39.15326217, -77.06403733)"
"MCP0617007D","250051450","MONTGOMERY","Injury Crash","11/17/2025 06:20:00 AM","Maryland (State) Route","LAYHILL RD",,,,"Pedestrian","Single Vehicle","Clear","Dry","Dark - Not Lighted","No Controls","Not Suspect of Alcohol Use, Not Suspect of Drug Use","Not Suspect of Alcohol Use, Not Suspect of Drug Use","21DA2D0F-CC57-4AC1-98FC-6D6A5627C785","Pedestrian","Walking/Cycling Along Roadway With Traffic (In or Adjacent to Travel Lane)","Not Visible (Dark Clothing, No Lighting, etc.)","Shoulder/Roadside","Yes","Suspected Minor Injury","None","39.10637395","-77.03806185","    (39.10637395, -77.03806185)"
"MCP2752007G","250051435","MONTGOMERY","Injury Crash","11/16/2025 07:05:00 PM","Maryland (State) Route","WISCONSIN AVE (SB/L)","S PARK AVE",,,"Pedestrian","Single Vehicle","Clear","Dry","Dark - Lighted","Traffic Control Signal","Unknown, Unknown","Not Suspect of Alcohol Use, Not Suspect of Drug Use","72F4323C-5058-4E50-A1EF-36A90E4196C9","Pedestrian","Cross/Enter at Intersection","Unknown","Intersection Marked Crosswalk","No","Suspected Minor Injury","None","38.96374388","-77.08727478","    (38.96374388, -77.08727478)"
"MCP3382002Z","250051321","MONTGOMERY","Injury Crash","11/15/2025 09:03:00 PM","County Route","COLESVILLE MANOR DR","NEW HAMPSHIRE AVE (SB/L)",,,"Pedestrian","Single Vehicle","Clear","Dry","Dark - Not Lighted","No Controls","Not Suspect of Alcohol Use, Not Suspect of Drug Use","Not Suspect of Alcohol Use, Not Suspect of Drug Use","2D469C8E-A260-4676-B44E-8E7999C17C28","Pedestrian","None","None (No Improper Action)","Intersection Unmarked Crosswalk","No","Possible Injury","None","39.08548007","-76.99980399","    (39.08548007, -76.99980399)"