"Report Number","Local Case Number","Agency Name","ACRS Report Type","Crash Date/Time","Route Type","Road Name","Cross-Street Name","Off-Road Description","Municipality","Related Non-Motorist","Collision Type","Weather","Surface Condition","Light","Traffic Control","Driver Substance Abuse","Non-Motorist Substance Abuse","Person ID","Pedestrian Type","Pedestrian Movement","Pedestrian Actions","Pedestrian Location","At Fault","Injury Severity","Safety Equipment","Latitude","Longitude","Location"
"MCP1227002D","250042552","MONTGOMERY","Fatal Crash","09/21/2025 09:14:00 PM","Maryland (State) Route","UNIVERSITY BLVD W (WB/L)",,,,"Pedestrian","Single Vehicle","Clear","Dry","Dark - Lighted","Pedestrian Crossing Sign","Not Suspect of Alcohol Use, Not Suspect of Drug Use","Not Suspect of Alcohol Use, Not Suspect of Drug Use","DD0202F3-2A0C-4823-96FE-C4D66C8B000D","Pedestrian","Cross/Enter at Intersection","Unknown","Intersection Other","No","Fatal Injury","None","39.0353116","-77.06818582","    (39.0353116, -77.06818582)"
"MCP3445000W","250042143","MONTGOMERY","Injury Crash","09/19/2025 07:45:00 AM","Local Route","NO NAME","ROCKVILLE PIKE S WOOD RD",,,"Pedestrian","Single Vehicle","Clear","Dry","Daylight","Traffic Control Signal","Not Suspect of Alcohol Use, Not Suspect of Drug Use","Not Suspect of Alcohol Use, Not Suspect of Drug Use","409C8276-BE7F-443A-8421-39E3369E2AC6","Pedestrian","Cross/Enter Not at Intersection","Failure to Yield Right-Of-Way","Travel Lane Other Location","Yes","Suspected Minor Injury","None","38.99952445","-77.09682509","    (38.99952445, -77.09682509)"
"MCP28180057","250042147","MONTGOMERY","Injury Crash","09/19/2025 07:40:00 AM",,,,"Parking Lot Way        REAR PARKING LOT OF ROCKVILLE HIGH SCHOOL. 2100 BALTIMORE RD. ROCKVILLE, MD 20851",,"Pedestrian","Single Vehicle","Clear",,"Daylight",,"Not Suspect of Alcohol Use, Not Suspect of Drug Use","Not Suspect of Alcohol Use, Not Suspect of Drug Use","BCA424BC-A9AF-4B8D-AD63-B783FEC0BBB4","Pedestrian","Other","None (No Improper Action)","Other","No","Suspected Minor Injury","None","39.08867233","-77.11833723","    (39.08867233, -77.11833723)"
"MCP311100BC","250042142","MONTGOMERY","Injury Crash","09/19/2025 07:20:00 AM","County Route","CHELTENHAM DR","PEARL ST",,,"Pedestrian","Single Vehicle","Clear","Dry","Daylight","Stop Sign","Not Suspect of Alcohol Use, Not Suspect of Drug Use","Not Suspect of Alcohol Use, Not Suspect of Drug Use","43B573E1-90AF-49C0-BCF0-CA4AC13353D6","Pedestrian","Cross/Enter at Intersection","None (No Improper Action)","Intersection Unmarked Crosswalk","No","Suspected Serious Injury","None","38.98857218","-77.09170852","    (38.98857218, -77.09170852)"
"MCP23950037","250042096","MONTGOMERY","Injury Crash","09/18/2025 07:56:00 PM","County Route","DUFIEF MILL RD",,,,"Pedestrian","Single Vehicle","Clear","Dry","Dark - Unknown Lighting","No Controls","Not Suspect of Alcohol Use, Not Suspect of Drug Use","Not Suspect of Alcohol Use, Not Suspect of Drug Use","563B4C4E-4D18-424C-859F-B0BBDED53416","Pedestrian","Cross/Enter Not at Intersection","Not Visible (Dark Clothing, No Lighting, etc.)","Intersection Other","No","Suspected Serious Injury","None","39.09362389","-77.23311606","    (39.09362389, -77.23311606)"
"DD5631006D","250042112","ROCKVILLE","Injury Crash","09/18/2025 07:00:00 PM","Municipality Route","N HORNERS LA","HOWARD AVE",,,"Scooter (electric)","Unknown","Clear","Dry","Dark - Lighted","Pedestrian Crossing Sign","Not Suspect of Alcohol Use, Not Suspect of Drug Use","Unknown, Unknown","50F1DD11-3DAE-41E1-A805-416174170AD3","Scooter (electric)","Unknown","Unknown","Intersection Marked Crosswalk","No","Possible Injury","None","39.09093304","-77.14346222","    (39.09093304, -77.14346222)"
"DD5604005P","250042043","ROCKVILLE","Injury Crash","09/18/2025 03:25:00 PM","Municipality Route","N WASHINGTON ST",,,,"Cyclist (non-electric)","Single Vehicle","Clear","Dry","Daylight","No Controls","Not Suspect of Alcohol Use, Not Suspect of Drug Use","Not Suspect of Alcohol Use, Not Suspect of Drug Use","11EC0F51-D225-47C9-9A85-8128B06741F3","Cyclist (non-electric)","Walking/Cycling Along Roadway With Traffic (In or Adjacent to Travel Lane)","Improper Turn/Merge)","Travel Lane Other Location","Yes","Suspected Minor Injury","Helmet","39.0902574","-77.15362682","    (39.0902574, -77.15362682)"
"DD57060002","250041847","ROCKVILLE","Property Damage Crash","09/17/2025 03:29:00 PM","Crossover",,"ROCKVILLE PIKE",,,"Pedestrian","Single Vehicle","Cloudy","Dry","Daylight","Traffic Control Signal","Not Suspect of Alcohol Use, Not Suspect of Drug Use","Not Suspect of Alcohol Use, Not Suspect of Drug Use","23D3704B-6E3A-4C49-AAF1-FD26BD6F18ED","Pedestrian","Walking/Cycling on Sidewalk","None (No Improper Action)","Intersection Marked Crosswalk","No","No Apparent Injury","None","39.06308408","-77.12489274","    (39.06308408, -77.12489274)"
"DD562000CP","250041832","ROCKVILLE","Property Damage Crash","09/17/2025 12:28:00 PM","Service Road","N CAMPUS DR",,,,"Pedestrian","Single Vehicle","Cloudy","Dry","Daylight","No Controls","Not Suspect of Alcohol Use, Not Suspect of Drug Use","Not Suspect of Alcohol Use, Not Suspect of Drug Use","60388359-732C-4F22-9B8D-CF95802FAD93","Pedestrian","Cross/Enter Not at Intersection","None (No Improper Action)","Travel Lane Other Location","No","No Apparent Injury","None","39.09948456","-77.15952203","    (39.09948456, -77.15952203)"
"MCP2710004L","250041683","MONTGOMERY","Injury Crash","09/16/2025 04:20:00 PM",,,,"Parking Lot Way        2223 BEL PRE RD, PARKING LOT,  IFO ALDI, CROSSWALK",,"Pedestrian","Single Vehicle","Rain",,"Daylight",,"Not Suspect of Alcohol Use, Not Suspect of Drug Use","Not Suspect of Alcohol Use, Not Suspect of Drug Use","D998DE90-34E7-4AF9-B6E8-965D7F1C2CF2","Pedestrian","Other","None (No Improper Action)","Other","No","Possible Injury","None","39.09194015","-77.04735531","    (39.09194015, -77.04735531)"
"MCP2855005S","250041506","MONTGOMERY","Injury Crash","09/15/2025 05:33:00 PM","Maryland (State) Route",,,,,"Pedestrian","Single Vehicle","Clear","Dry","Daylight","Traffic Control Signal","Not Suspect of Alcohol Use, Not Suspect of Drug Use","Not Suspect of Alcohol Use, Not Suspect of Drug Use","8CE3CFE2-45A4-4009-A263-1103CF7BC5BA","Pedestrian","Cross/Enter Not at Intersection","Failure to Yield Right-Of-Way","Intersection Other","Yes","Possible Injury","None","38.99817733","-77.00313533","    (38.99817733, -77.00313533)"
"MCP3374003L","250041620","MONTGOMERY","Injury Crash","09/15/2025 03:40:00 PM","County Route","ROOSEVELT ST","OLD GEORGETOWN RD",,,"Cyclist (non-electric)","Single Vehicle","Clear","Dry","Daylight","Stop Sign","Not Suspect of Alcohol Use, Not Suspect of Drug Use","Not Suspect of Alcohol Use, Not Suspect of Drug Use","05726F9E-1A54-4A1B-B4C4-861E2E9F19E7","Cyclist (non-electric)","Walking/Cycling on Sidewalk","None (No Improper Action)","Intersection Other","No","Suspected Minor Injury","Unknown","38.99585387","-77.10877253","    (38.99585387, -77.10877253)"
"MCP3408001W","250041127","MONTGOMERY","Injury Crash","09/13/2025 10:19:00 AM","County Route","13TH ST",,,,"Pedestrian","Single Vehicle","Clear","Dry","Daylight","Traffic Control Signal","Not Suspect of Alcohol Use, Not Suspect of Drug Use","Not Suspect of Alcohol Use, Not Suspect of Drug Use","A078C1D1-E67A-4956-B7B4-57518A68DC1D","Pedestrian","Cross/Enter at Intersection","None (No Improper Action)","Intersection Marked Crosswalk","No","Suspected Minor Injury","None","38.98736426","-77.02679136","    (38.98736426, -77.02679136)"
"MCP22980185","250040955","MONTGOMERY","Injury Crash","09/12/2025 08:46:00 AM","Other Public Roadway","OBSERVATION DR",,,,"Pedestrian","Single Vehicle","Clear","Wet","Daylight","Stop Sign","Unknown, Unknown","Not Suspect of Alcohol Use, Not Suspect of Drug Use","14DEED85-F854-4F12-88F6-A5FC0022A83C","Pedestrian","Cross/Enter at Intersection","None (No Improper Action)","Intersection Marked Crosswalk","No","Possible Injury","None","39.18743818","-77.24876419","    (39.18743818, -77.24876419)"
"MCP296500BJ","250040784","MONTGOMERY","Injury Crash","09/11/2025 06:56:00 AM",,,,"Parking Lot Way        15509 NEW HAMPSHIARE AVE, SILVER SPRING, MD 20905",,"Pedestrian","Single Vehicle","Cloudy",,"Dawn",,"Unknown, Unknown","Not Suspect of Alcohol Use, Not Suspect of Drug Use","AF679595-FA97-42E3-8DA5-D5AAC0A17C36","Pedestrian","Other","None (No Improper Action)","Other","No","Suspected Minor Injury","None","39.1102339","-76.99575384","    (39.1102339, -76.99575384)"
"MCP32620066","250040689","MONTGOMERY","Injury Crash","09/10/2025 03:30:00 PM","US (State)","COLUMBIA PIKE",,,,"Pedestrian","Unknown","Clear","Dry","Daylight","Traffic Control Signal","Not Suspect of Alcohol Use, Not Suspect of Drug Use","Not Suspect of Alcohol Use, Not Suspect of Drug Use","E9A84AB3-F665-463F-AF35-E0673A6C21AE","Pedestrian","None","None (No Improper Action)","Intersection Marked Crosswalk","No","Suspected Minor Injury","None","39.07320197","-76.95565145","    (39.07320197, -76.95565145)"
"MCP33300033","250040664","MONTGOMERY","Injury Crash","09/10/2025 01:30:00 PM","County Route","KENSINGTON BLVD","GRANDVIEW AVE",,,"Pedestrian","Single Vehicle","Rain","Wet","Daylight","Stop Sign","Not Suspect of Alcohol Use, Not Suspect of Drug Use","Not Suspect of Alcohol Use, Not Suspect of Drug Use","4775C951-80F0-4E44-9349-6ACEAC87F606","Pedestrian","Cross/Enter at Intersection","None (No Improper Action)","Intersection Marked Crosswalk","No","Suspected Minor Injury","None","39.04172642","-77.05317159","    (39.04172642, -77.05317159)"
"MCP209400PN","250040613","MONTGOMERY","Injury Crash","09/10/2025 08:52:00 AM","County Route","MOHICAN RD","MACARTHUR BLVD",,,"Pedestrian","Single Vehicle","Rain","Wet","Daylight","No Controls","Not Suspect of Alcohol Use, Not Suspect of Drug Use","Not Suspect of Alcohol Use, Not Suspect of Drug Use","82EE1B4E-4401-474A-9606-692FC89EA07A","Pedestrian","Cross/Enter Not at Intersection","Dart/Dash","Travel Lane Other Location","Yes","Suspected Serious Injury","None","38.96097698","-77.13300019","    (38.96097698, -77.13300019)"
"MCP3074006M","250040524","MONTGOMERY","Injury Crash","09/09/2025 05:15:00 PM","County Route",,,,,"Cyclist (non-electric)","Single Vehicle","Clear","Dry","Daylight","No Controls","Not Suspect of Alcohol Use, Not Suspect of Drug Use","Not Suspect of Alcohol Use, Not Suspect of Drug Use","EA210BB8-A7AD-4645-B888-D1BB7FE1D948","Cyclist (non-electric)","Walking/Cycling Along Roadway With Traffic (In or Adjacent to Travel Lane)","None (No Improper Action)","OnStreet Buffered Bike Lanes","No","Suspected Minor Injury","Helmet","39.01588066","-77.03820376","    (39.01588066, -77.03820376)"
"MCP33470034","250040503","MONTGOMERY","Injury Crash","09/09/2025 03:00:00 PM","County Route","MARINELLI RD (EB/L)","ROCKVILLE PIKE (SB/L)",,,"Pedestrian","Single Vehicle","Clear","Dry","Daylight","Traffic Control Signal","Not Suspect of Alcohol Use, Not Suspect of Drug Use","Not Suspect of Alcohol Use, Not Suspect of Drug Use","8EE6C008-4531-4FBD-86A8-E4C18879932B","Pedestrian","Cross/Enter at Intersection","None (No Improper Action)","Intersection Marked Crosswalk","No","Suspected Minor Injury","None","39.04702869","-77.11287836","    (39.04702869, -77.11287836)"
"DD5644004C","250040480","ROCKVILLE","Injury Crash","09/09/2025 01:58:00 PM","Municipality Route","CRABB AVE","N HORNERS LA",,,"Cyclist (non-electric)","Single Vehicle","Clear","Dry","Daylight","Stop Sign","Not Suspect of Alcohol Use, Not Suspect of Drug Use","Not Suspect of Alcohol Use, Not Suspect of Drug Use","E09A0D1C-2FC4-403C-8DC6-C7999536B34C","Cyclist (non-electric)","Cross/Enter at Intersection","Dart/Dash","Intersection Marked Crosswalk","Yes","Suspected Minor Injury","None","39.08875226","-77.14344483","    (39.08875226, -77.14344483)"
"MCP25520085","250121790","MONTGOMERY","Injury Crash","09/09/2025 01:10:00 PM","County Route","QUINCE ORCHARD RD",,,,"Cyclist (non-electric)","Single Vehicle","Clear","Dry","Daylight","No Controls","Not Suspect of Alcohol Use, Not Suspect of Drug Use","Not Suspect of Alcohol Use, Not Suspect of Drug Use","D7DB478E-DA23-4978-B3F2-BE03AAA4C2A4","Cyclist (non-electric)","Walking/Cycling Along Roadway With Traffic (In or Adjacent to Travel Lane)","None (No Improper Action)","Travel Lane Other Location","No","Suspected Minor Injury","Helmet, Protective Pads (elbows, knees, shins, etc.), Reflectors","39.09149124","-77.24870112","    (39.09149124, -77.24870112)"
"MCP29160035","250040411","MONTGOMERY","Injury Crash","09/09/2025 09:00:00 AM","Maryland (State) Route","OLNEY SANDY SPRING RD",,,,"Pedestrian","Single Vehicle","Clear","Dry","Daylight","No Controls","Not Suspect of Alcohol Use, Not Suspect of Drug Use","Not Suspect of Alcohol Use, Not Suspect of Drug Use","A5BCDDFF-94E8-48A2-88D7-B00A48F3F6BD","Pedestrian","Walking/Cycling Along Roadway With Traffic (In or Adjacent to Travel Lane)","None (No Improper Action)","Shoulder/Roadside","No","Suspected Minor Injury","None","39.14627615","-77.04020721","    (39.14627615, -77.04020721)"
"MCP243600JY","250040443","MONTGOMERY","Injury Crash","09/08/2025 07:15:00 PM","County Route","FORT SUMNER DR","BROOKEWAY DR",,,"Cyclist (non-electric)","Single Vehicle","Clear","Dry","Daylight","Stop Sign","Not Suspect of Alcohol Use, Not Suspect of Drug Use","Not Suspect of Alcohol Use, Not Suspect of Drug Use","219B54E0-4AEF-4EE2-9EB3-83804690C8D5","Cyclist (non-electric)","Walking/Cycling Along Roadway With Traffic (In or Adjacent to Travel Lane)","None (No Improper Action)","Intersection Other","No","Suspected Minor Injury","Helmet","38.95532229","-77.11316122","    (38.95532229, -77.11316122)"
"EJ786600GD","250040332","GAITHERSBURG","Injury Crash","09/08/2025 05:16:00 PM",,,,"Parking Lot Way        842 MUDDY BRANCH RD",,"Pedestrian","Single Vehicle","Clear",,"Daylight",,"Not Suspect of Alcohol Use, Not Suspect of Drug Use","Not Suspect of Alcohol Use, Not Suspect of Drug Use","67A3F7E1-4B91-4852-B1C2-DB07D833CFD7","Pedestrian","Cross/Enter Not at Intersection","Unknown","Travel Lane Other Location","No","Suspected Serious Injury","None","39.11502444","-77.21734579","    (39.11502444, -77.21734579)"
"DD5690000J","250040301","ROCKVILLE","Injury Crash","09/08/2025 03:07:00 PM",,,,"Parking Lot Way        PARKING GARAGE ENTERING ROADWAY AT 33 MONROE STREET.",,"Cyclist (non-electric)","Single Vehicle","Clear",,"Daylight",,"Not Suspect of Alcohol Use, Not Suspect of Drug Use","Not Suspect of Alcohol Use, Not Suspect of Drug Use","9EB55DF4-73F2-4947-A90B-496213D53DF6","Cyclist (non-electric)","Walking/Cycling on Sidewalk","None (No Improper Action)","Sidewalk","No","Possible Injury","None","39.08439812","-77.14907229","    (39.08439812, -77.14907229)"
"MCP3384001Q","250040328","MONTGOMERY","Injury Crash","09/08/2025 02:35:00 PM","Government Route","SLIGO CREEK PKWY","COLESVILLE RD COLESVILLE RD (SB/L) ST ANDREWS WAY",,,"Cyclist (non-electric)","Single Vehicle","Clear","Dry","Daylight","Traffic Control Signal","Not Suspect of Alcohol Use, Not Suspect of Drug Use","Not Suspect of Alcohol Use, Not Suspect of Drug Use","2A7F8EF2-6EB0-4F9B-B085-6FBED75759F7","Cyclist (non-electric)","Cross/Enter at Intersection","None (No Improper Action)","Intersection Marked Crosswalk","No","Suspected Minor Injury","Helmet","39.00768624","-77.02008906","    (39.00768624, -77.02008906)"
"EJ7906002N","250040171","GAITHERSBURG","Injury Crash","09/07/2025 06:53:00 PM","Municipality Route","CHESTERTOWN ST",,,,"Pedestrian","Single Vehicle","Clear","Dry","Daylight","No Controls","Not Suspect of Alcohol Use, Not Suspect of Drug Use","Not Suspect of Alcohol Use, Not Suspect of Drug Use","A81335BE-B93D-48E0-99E1-D01BDB464D4E","Pedestrian","Other","Unknown","Travel Lane Other Location","No","Suspected Serious Injury","None","39.12309412","-77.24126533","    (39.12309412, -77.24126533)"
"MCP301000C2","250040138","MONTGOMERY","Injury Crash","09/07/2025 02:00:00 PM","County Route","JONES MILL RD","COQUELIN TERR W COQUELIN TERR",,,"Cyclist (non-electric)","Single Vehicle","Clear","Dry","Daylight","No Controls","Not Suspect of Alcohol Use, Not Suspect of Drug Use","Not Suspect of Alcohol Use, Not Suspect of Drug Use","422A11C9-F38D-4054-98AA-E7D7FAC419CA","Cyclist (non-electric)","Walking/Cycling Along Roadway With Traffic (In or Adjacent to Travel Lane)","None (No Improper Action)","Shoulder/Roadside","No","Suspected Minor Injury","Helmet, Protective Pads (elbows, knees, shins, etc.)","38.99735709","-77.06595076","    (38.99735709, -77.06595076)"
"MCP2931008B","250040053","MONTGOMERY","Injury Crash","09/06/2025 07:06:00 PM",,,,"Driveway        ENTRANCE T0 12266 ROCKVILLE PIKE",,"Pedestrian","Single Vehicle","Clear",,"Daylight",,"Not Suspect of Alcohol Use, Not Suspect of Drug Use","Not Suspect of Alcohol Use, Not Suspect of Drug Use","9BAF5733-EFC0-48E9-94AD-F81B0A21162B","Pedestrian","None","None (No Improper Action)","Shoulder/Roadside","No","Possible Injury","None","39.05832948","-77.12230564","    (39.05832948, -77.12230564)"
"EJ7905003L","250039850","GAITHERSBURG","Injury Crash","09/05/2025 03:32:00 PM",,,,"Parking Lot Way        PARKING LOT ENTRY",,"Pedestrian","Single Vehicle","Clear",,"Daylight",,"Not Suspect of Alcohol Use, Not Suspect of Drug Use","Not Suspect of Alcohol Use, Not Suspect of Drug Use","DF63B32D-5573-4C6D-9AE9-B9F62F6A1A92","Pedestrian","Other","None (No Improper Action)","NonTrafficway Area","Yes","Suspected Minor Injury","None","39.11883892","-77.21382815","    (39.11883892, -77.21382815)"
"MCP33620066","250039789","MONTGOMERY","Injury Crash","09/05/2025 11:40:00 AM",,,,"Driveway        TRADER JOES PARKING LOT 
10741 COLUMBIA PIKE",,"Pedestrian","Unknown","Clear",,"Daylight",,"Unknown, Unknown","Not Suspect of Alcohol Use, Not Suspect of Drug Use","9AC84D0D-093D-4D86-B032-612A1D19DC81","Pedestrian","Cross/Enter at Intersection","None (No Improper Action)","Driveway Access","No","Suspected Minor Injury","None","39.03179533","-77.00402059","    (39.03179533, -77.00402059)"
"MCP3408001S","250039778","MONTGOMERY","Injury Crash","09/05/2025 09:15:00 AM","County Route","PIERCE DR","LEXINGTON DR",,,"Pedestrian","Single Vehicle","Clear","Dry","Daylight","Traffic Control Signal","Unknown, Unknown","Not Suspect of Alcohol Use, Not Suspect of Drug Use","D7F1A98C-4284-4F23-A4DE-F312E2E337D4","Pedestrian","Cross/Enter at Intersection","None (No Improper Action)","Intersection Marked Crosswalk","No","Possible Injury","None","39.02012244","-77.01058555","    (39.02012244, -77.01058555)"
"MCP311100B4","250039588","MONTGOMERY","Injury Crash","09/04/2025 07:52:00 AM","County Route",,"GLOXINIA DR",,,"Pedestrian","Single Vehicle","Clear","Dry","Daylight","Traffic Control Signal","Not Suspect of Alcohol Use, Not Suspect of Drug Use","Not Suspect of Alcohol Use, Not Suspect of Drug Use","ECABF6B4-69F7-40C0-B2D8-CA77679F259E","Pedestrian","Cross/Enter at Intersection","Dart/Dash","Intersection Marked Crosswalk","No","Possible Injury","None","39.03315271","-77.12136953","    (39.03315271, -77.12136953)"
"MCP30530097","250039545","MONTGOMERY","Injury Crash","09/03/2025 08:43:00 PM",,,,"Private Road        SIDEWALK ENTERANCE",,"Cyclist (non-electric)","Single Vehicle","Clear",,"Dark - Lighted",,"Not Suspect of Alcohol Use, Not Suspect of Drug Use","Not Suspect of Alcohol Use, Not Suspect of Drug Use","E3CDA1C6-90E0-481B-B7CF-AFE09209CA65","Cyclist (non-electric)","None","None (No Improper Action)","Other","No","Suspected Minor Injury","None","39.05584913","-77.04983793","    (39.05584913, -77.04983793)"
"MCP3422001Z","250039458","MONTGOMERY","Injury Crash","09/03/2025 01:55:00 PM","County Route","CEDAR ST","WAYNE AVE",,,"Pedestrian","Single Vehicle","Clear","Dry","Daylight","Person (including flagger, law enforcement, crossing guard, etc.","Unknown, Unknown","Not Suspect of Alcohol Use, Not Suspect of Drug Use","275C809B-ADCF-46CF-8C05-818D26D2F631","Pedestrian","Standing","None (No Improper Action)","Travel Lane Other Location","No","Suspected Minor Injury","None","38.99720129","-77.02182264","    (38.99720129, -77.02182264)"
"MCP2678005V","250039453","MONTGOMERY","Injury Crash","09/03/2025 01:17:00 PM","Maryland (State) Route","VEIRS MILL RD","CONNECTICUT AVE",,,"Scooter (electric)","Single Vehicle","Clear","Dry","Daylight","Traffic Control Signal","Not Suspect of Alcohol Use, Not Suspect of Drug Use","Not Suspect of Alcohol Use, Not Suspect of Drug Use","F2EBE164-8F16-4644-9E50-4719E8A9C7E1","Scooter (electric)","Cross/Enter at Intersection","Failure to Obey Traffic Signs, Signals, or Officer","Intersection Marked Crosswalk","Yes","Suspected Minor Injury","None","39.05139017","-77.07480508","    (39.05139017, -77.07480508)"
"MCP301000C1","250039420","MONTGOMERY","Injury Crash","09/03/2025 09:55:00 AM","County Route","LONE OAK DR","OLD GEORGETOWN RD (SB/L)",,,"Cyclist (non-electric)","Single Vehicle","Clear","Dry","Daylight","No Controls","Not Suspect of Alcohol Use, Not Suspect of Drug Use","Not Suspect of Alcohol Use, Not Suspect of Drug Use","8886F770-5BA0-4764-B789-3D67D2FF9934","Cyclist (non-electric)","Walking/Cycling Along Roadway With Traffic (In or Adjacent to Travel Lane)","None (No Improper Action)","OnStreet Bike Lanes","No","Suspected Minor Injury","Helmet, Protective Pads (elbows, knees, shins, etc.)","39.02078976","-77.12238712","    (39.02078976, -77.12238712)"
"MCP3230007K","250039331","MONTGOMERY","Property Damage Crash","09/02/2025 05:30:00 PM","Maryland (State) Route","NEW HAMPSHIRE AVE","BRIGGS CHANEY RD",,,"Cyclist (non-electric)","Single Vehicle","Clear","Dry","Daylight","Traffic Control Signal","Not Suspect of Alcohol Use, Not Suspect of Drug Use","Not Suspect of Alcohol Use, Not Suspect of Drug Use","BE2C400E-EF16-4496-9A9D-39CD30B6FE5D","Cyclist (non-electric)","Cross/Enter at Intersection","None (No Improper Action)","Intersection Marked Crosswalk","No","No Apparent Injury","None","39.1085623","-76.99782201","    (39.1085623, -76.99782201)"
"MCP34140023","250039214","MONTGOMERY","Injury Crash","09/02/2025 09:20:00 AM","County Route","DIXON AVE",,,,"Pedestrian","Single Vehicle","Clear","Dry","Other","No Controls","Unknown, Unknown","Not Suspect of Alcohol Use, Not Suspect of Drug Use","174FF5B2-8A61-41CF-8C76-862844FBDF0B","Pedestrian","Standing","None (No Improper Action)","Other","No","Suspected Serious Injury","None","38.99361622","-77.02798006","    (38.99361622, -77.02798006)"
"MCP2182003N","250039204","MONTGOMERY","Injury Crash","09/02/2025 07:44:00 AM","County Route",,,,,"Pedestrian","Single Vehicle","Clear","Dry","Daylight","Pedestrian Crossing","Not Suspect of Alcohol Use, Not Suspect of Drug Use","Not Suspect of Alcohol Use, Not Suspect of Drug Use","F51A65DD-DF19-412A-9280-7D638E6F5307","Pedestrian","Cross/Enter at Intersection","Dart/Dash","Intersection Marked Crosswalk","No","Suspected Minor Injury","None","39.04123045","-76.98549347","    (39.04123045, -76.98549347)"
"EJ78940067","250039196","GAITHERSBURG","Property Damage Crash","09/02/2025 05:02:00 AM","Ramp","RAMP 4 FR IS 270 NB TO WATKINS MILL RD","W WATKINS MILL RD",,,"Cyclist (non-electric)","Single Vehicle","Clear","Dry","Dark - Not Lighted","Traffic Control Signal","Not Suspect of Alcohol Use, Not Suspect of Drug Use","Not Suspect of Alcohol Use, Not Suspect of Drug Use","1299D8AC-7C92-45A5-82F9-541B9197BD13","Cyclist (non-electric)","Walking/Cycling on Sidewalk","None (No Improper Action)","Intersection Marked Crosswalk","No","No Apparent Injury","Unknown","39.15671006","-77.22465824","    (39.15671006, -77.22465824)"
"MCP3171002S","250038977","MONTGOMERY","Injury Crash","08/31/2025 12:25:00 PM",,,,"Dirt Road/Trail        IN THE FRONT LAWN ON THE SIDEWALK OF 18905 FOUNTAIN HILLS DRIVE GERMANTOWN MD 20874.",,"Pedestrian","Unknown","Clear",,"Daylight",,"Not Suspect of Alcohol Use, Not Suspect of Drug Use","Not Suspect of Alcohol Use, Not Suspect of Drug Use","37293092-3917-4939-A784-CE23E74791C2","Pedestrian","Other","None (No Improper Action)","OffStreet Trails or Sidepaths","No","Suspected Serious Injury","None","39.16472295","-77.27516836","    (39.16472295, -77.27516836)"