"Report Number","Local Case Number","Agency Name","ACRS Report Type","Crash Date/Time","Route Type","Road Name","Cross-Street Name","Off-Road Description","Municipality","Related Non-Motorist","Collision Type","Weather","Surface Condition","Light","Traffic Control","Driver Substance Abuse","Non-Motorist Substance Abuse","Person ID","Pedestrian Type","Pedestrian Movement","Pedestrian Actions","Pedestrian Location","At Fault","Injury Severity","Safety Equipment","Latitude","Longitude","Location"
"MCP26080060","250038879","MONTGOMERY","Injury Crash","08/30/2025 04:55:00 PM",,,,"Driveway        ON THE LAWN AREA  OF 3 KINGSMAN VIEW CIRCLE",,"Pedestrian","Single Vehicle","Clear",,"Daylight",,"Not Suspect of Alcohol Use, Not Suspect of Drug Use","Not Suspect of Alcohol Use, Not Suspect of Drug Use","30AB95C5-3B4B-402B-B5C2-03FCA4456088","Pedestrian","Walking/Cycling on Sidewalk","None (No Improper Action)","Sidewalk","No","Possible Injury","None","39.0271419","-77.01138092","    (39.0271419, -77.01138092)"
"MCP2466006C","250038875","MONTGOMERY","Injury Crash","08/30/2025 04:23:00 PM","Maryland (State) Route","RIVER RD","RIVER RD SENECA RD",,,"Cyclist (non-electric)","Single Vehicle","Clear","Dry","Daylight","Stop Sign","Not Suspect of Alcohol Use, Not Suspect of Drug Use","Not Suspect of Alcohol Use, Not Suspect of Drug Use","8B2EB3DC-E76E-419E-AA63-B184340C3670","Cyclist (non-electric)","Walking/Cycling Along Roadway With Traffic (In or Adjacent to Travel Lane)","None (No Improper Action)","Travel Lane Other Location","No","Suspected Minor Injury","Helmet, Reflectors","39.07882979","-77.32759602","    (39.07882979, -77.32759602)"
"MCP2466006B","250038771","MONTGOMERY","Injury Crash","08/29/2025 07:28:00 PM",,,,"Parking Aisle        PARKING LOT OF QUINCE ORCHARD HIGH SCHOOL 15800 QUINCE ORCHARD ROAD",,"Pedestrian","Single Vehicle","Clear",,"Daylight",,"Not Suspect of Alcohol Use, Not Suspect of Drug Use","Not Suspect of Alcohol Use, Not Suspect of Drug Use","61872D0F-301F-4D65-BF26-C857A5E54115","Pedestrian","Other","Inattentive (Talking, Eating, etc.)","Travel Lane Other Location","Yes","Suspected Minor Injury","None","39.11658561","-77.25398011","    (39.11658561, -77.25398011)"
"MCP31920069","250038544","MONTGOMERY","Property Damage Crash","08/28/2025 05:29:00 PM","County Route","KENDALL ST","RANDOLPH RD",,,"Cyclist (non-electric)","Single Vehicle","Clear","Dry","Daylight","No Controls","Not Suspect of Alcohol Use, Not Suspect of Drug Use","Not Suspect of Alcohol Use, Not Suspect of Drug Use","A8C8713B-F5DE-43CF-BCC8-5E8F56057AA0","Cyclist (non-electric)","Walking/Cycling on Sidewalk","Inattentive (Talking, Eating, etc.)","Intersection Other","Yes","No Apparent Injury","None","39.05943829","-77.06032409","    (39.05943829, -77.06032409)"
"MCP94190064","250038671","MONTGOMERY","Property Damage Crash","08/28/2025 03:55:00 PM","County Route","MELINDA LA","WOODCREST DR",,,"Pedestrian","Single Vehicle","Clear","Dry","Daylight","Stop Sign","Not Suspect of Alcohol Use, Not Suspect of Drug Use","Not Suspect of Alcohol Use, Not Suspect of Drug Use","BA48F25C-E1BF-4EAE-BA76-64A77FD79F61","Pedestrian","Cross/Enter Not at Intersection","Dart/Dash","Other","No","No Apparent Injury","None","39.09462457","-77.09825856","    (39.09462457, -77.09825856)"
"DM84930052","250038512","TAKOMA","Injury Crash","08/28/2025 03:06:00 PM","Municipality Route","BOYD AVE",,,,"Cyclist (Electric)","Single Vehicle","Clear","Dry","Daylight","No Controls","Not Suspect of Alcohol Use, Not Suspect of Drug Use","Not Suspect of Alcohol Use, Not Suspect of Drug Use","7B21378F-7865-4BFC-85BC-834357A1BF47","Cyclist (Electric)","Cross/Enter at Intersection","None (No Improper Action)","Intersection Marked Crosswalk","No","Suspected Minor Injury","None","38.98057787","-77.00387256","    (38.98057787, -77.00387256)"
"DD5567009P","250038448","ROCKVILLE","Injury Crash","08/28/2025 08:38:00 AM","Municipality Route","W MONTGOMERY AVE","N ADAMS ST S ADAMS ST",,,"Pedestrian","Single Vehicle","Clear","Dry","Daylight","Stop Sign","Not Suspect of Alcohol Use, Not Suspect of Drug Use, Not Suspect of Alcohol Use, Not Suspect of Drug Use","Not Suspect of Alcohol Use, Not Suspect of Drug Use","B98DFF48-4783-4E02-8F27-197908EBE4D0","Pedestrian","Standing","None (No Improper Action)","Sidewalk","No","Suspected Minor Injury","None","39.08414069","-77.15481496","    (39.08414069, -77.15481496)"
"DD5567009P","250038448","ROCKVILLE","Injury Crash","08/28/2025 08:38:00 AM","Municipality Route","W MONTGOMERY AVE","N ADAMS ST S ADAMS ST",,,"Pedestrian","Single Vehicle","Clear","Dry","Daylight","No Controls","Not Suspect of Alcohol Use, Not Suspect of Drug Use, Not Suspect of Alcohol Use, Not Suspect of Drug Use","Not Suspect of Alcohol Use, Not Suspect of Drug Use","B98DFF48-4783-4E02-8F27-197908EBE4D0","Pedestrian","Standing","None (No Improper Action)","Sidewalk","No","Suspected Minor Injury","None","39.08414069","-77.15481496","    (39.08414069, -77.15481496)"
"MCP32750035","250038432","MONTGOMERY","Injury Crash","08/28/2025 04:21:00 AM","Municipality Route","FENTON ST",,,,"Scooter (electric)","Single Vehicle","Clear","Dry","Dark - Lighted","No Controls","Unknown, Unknown","Not Suspect of Alcohol Use, Not Suspect of Drug Use","6068D1D1-10F2-4CD9-88B5-75D138E899AA","Scooter (electric)","Cross/Enter at Intersection","None (No Improper Action)","Intersection Marked Crosswalk","No","Suspected Minor Injury","Helmet","38.98267528","-77.02094095","    (38.98267528, -77.02094095)"
"MCP27560072","25003831","MONTGOMERY","Injury Crash","08/27/2025 05:02:00 PM","Maryland (State) Route","GEORGIA AVE (SB/L)",,,,"Pedestrian","Single Vehicle","Clear","Dry","Daylight","No Controls","Not Suspect of Alcohol Use, Not Suspect of Drug Use","Not Suspect of Alcohol Use, Not Suspect of Drug Use","2491EB3E-2E88-4F6B-BCAB-0A93353093FB","Pedestrian","Cross/Enter Not at Intersection","Dart/Dash","Travel Lane Other Location","Yes","Suspected Minor Injury","None","39.02701719","-77.04685988","    (39.02701719, -77.04685988)"
"MCP209400PL","250038291","MONTGOMERY","Injury Crash","08/27/2025 08:17:00 AM","Ramp","RAMP 8 FR IS 270Y SB TO DEMOCRACY BLVD",,,,"Pedestrian","Single Vehicle","Clear","Dry","Daylight","Yield Sign","Unknown, Unknown","Not Suspect of Alcohol Use, Not Suspect of Drug Use","CC5DF73E-E5A4-4FF9-BAB5-0255A84FF6CA","Pedestrian","Cross/Enter at Intersection","Dart/Dash","Intersection Marked Crosswalk","Yes","Possible Injury","None","39.02199223","-77.1447585","    (39.02199223, -77.1447585)"
"MCP32750037","250038259","MONTGOMERY","Injury Crash","08/26/2025 10:16:00 PM","County Route","SWEETBRIAR PKWY",,,,"Unknown","Other","Clear","Dry","Dark - Lighted","No Controls","Not Suspect of Alcohol Use, Not Suspect of Drug Use, Not Suspect of Alcohol Use, Not Suspect of Drug Use","Not Suspect of Alcohol Use, Not Suspect of Drug Use","57264E99-A3C9-44C2-9DEF-45C518373021","Unknown","None","None (No Improper Action)","Other","No","No Apparent Injury","None","39.02396249","-76.97292481","    (39.02396249, -76.97292481)"
"EJ7870007N","250038145","GAITHERSBURG","Injury Crash","08/26/2025 12:44:00 PM",,,,"Parking Lot Way        PARKING LOT, 305 METROPOLITAN GROVE WAY, GAITHERSBURG, MD",,"Pedestrian","Single Vehicle","Clear",,"Daylight",,"Not Suspect of Alcohol Use, Not Suspect of Drug Use","Not Suspect of Alcohol Use, Not Suspect of Drug Use","4375BC3F-60B8-4584-842C-8FDF1DCAFBA2","Pedestrian","Cross/Enter Not at Intersection","None (No Improper Action)","Driveway Access","No","Possible Injury","None","39.14887541","-77.22342038","    (39.14887541, -77.22342038)"
"DD5652005P","250037984","ROCKVILLE","Injury Crash","08/25/2025 02:24:00 PM","Maryland (State) Route",,"S WASHINGTON ST",,,"Cyclist (Electric)","Single Vehicle","Clear","Dry","Daylight","Traffic Control Signal","Not Suspect of Alcohol Use, Not Suspect of Drug Use","Not Suspect of Alcohol Use, Not Suspect of Drug Use","4A78CA39-34A6-49C5-9F4A-3F368F0B1D91","Cyclist (Electric)","Other","None (No Improper Action)","Intersection Other","No","Suspected Minor Injury","None","39.08322937","-77.15293368","    (39.08322937, -77.15293368)"
"EJ7907002D","250037791","GAITHERSBURG","Injury Crash","08/23/2025 09:45:00 PM","Maryland (State) Route","FREDERICK RD (SB/L)",,,,"Pedestrian","Single Vehicle","Clear","Dry","Dark - Not Lighted","Traffic Control Signal","Not Suspect of Alcohol Use, Not Suspect of Drug Use","Not Suspect of Alcohol Use, Not Suspect of Drug Use","57326244-706F-4CAA-AF30-C99C8747D89B","Pedestrian","Cross/Enter at Intersection","None (No Improper Action)","Intersection Other","No","Suspected Serious Injury","None","39.12290102","-77.17826828","    (39.12290102, -77.17826828)"
"MCP34530011","250037735","MONTGOMERY","Property Damage Crash","08/23/2025 02:48:00 PM",,,,"Parking Aisle        DRIVE THRU LANE OF MCDONALD'S",,"Pedestrian","Single Vehicle","Clear",,"Daylight",,"Unknown, Unknown","Not Suspect of Alcohol Use, Not Suspect of Drug Use","765B15D2-7522-4F91-B945-3B370569D903","Pedestrian","Other","None (No Improper Action)","NonTrafficway Area","No","No Apparent Injury","None","39.08271911","-76.94718759","    (39.08271911, -76.94718759)"
"MCP34530011","250037735","MONTGOMERY","Property Damage Crash","08/23/2025 02:48:00 PM",,,,"Parking Aisle        DRIVE THRU LANE OF MCDONALD'S",,"Pedestrian","Single Vehicle","Clear",,"Daylight",,"Unknown, Unknown","Not Suspect of Alcohol Use, Not Suspect of Drug Use","538CAA2A-9798-407C-B0F7-86B3DD01BE08","Pedestrian","None","None (No Improper Action)","NonTrafficway Area","No","No Apparent Injury","None","39.08271911","-76.94718759","    (39.08271911, -76.94718759)"
"MCP34530011","250037735","MONTGOMERY","Property Damage Crash","08/23/2025 02:48:00 PM",,,,"Parking Aisle        DRIVE THRU LANE OF MCDONALD'S",,"Pedestrian","Single Vehicle","Clear",,"Daylight",,"Unknown, Unknown","Not Suspect of Alcohol Use, Not Suspect of Drug Use","144BE119-0F3B-4423-848E-D4D26AA5490B","Pedestrian","Other","None (No Improper Action)","Other","No","No Apparent Injury","None","39.08271911","-76.94718759","    (39.08271911, -76.94718759)"
"MCP2968005X","250037708","MONTGOMERY","Injury Crash","08/23/2025 11:50:00 AM","Maryland (State) Route","ROCKVILLE PIKE (SB/L)",,,,"Pedestrian","Single Vehicle","Clear","Dry","Daylight","Stop Sign","Not Suspect of Alcohol Use, Not Suspect of Drug Use","Not Suspect of Alcohol Use, Not Suspect of Drug Use","477EDA0C-B31B-4B6C-A96D-0B01C3A9B8A1","Pedestrian","Walking/Cycling on Sidewalk","None (No Improper Action)","Sidewalk","No","Suspected Minor Injury","None","39.05846583","-77.12126533","    (39.05846583, -77.12126533)"
"MCP320000GH","250037697","MONTGOMERY","Injury Crash","08/23/2025 10:28:00 AM","County Route","S GLEN RD","GLEN RD",,,"Cyclist (non-electric)","Single Vehicle","Clear","Dry","Daylight","No Controls","Not Suspect of Alcohol Use, Not Suspect of Drug Use","Not Suspect of Alcohol Use, Not Suspect of Drug Use","910B9211-6B1A-4A17-A7B6-D352D6EFD159","Cyclist (non-electric)","Walking/Cycling Along Roadway With Traffic (In or Adjacent to Travel Lane)","None (No Improper Action)","Travel Lane Other Location","No","Suspected Minor Injury","Helmet","39.04591437","-77.21718449","    (39.04591437, -77.21718449)"
"MCP9379005P","250037328","MONTGOMERY","Injury Crash","08/21/2025 08:50:00 AM","Bicycle Route",,"BALTIMORE RD",,,"Pedestrian","Single Vehicle","Rain","Wet","Daylight","Pedestrian Crossing Sign","Not Suspect of Alcohol Use, Not Suspect of Drug Use","Not Suspect of Alcohol Use, Not Suspect of Drug Use","BF3B5E69-B983-436C-AFE4-18AE23DA34BF","Pedestrian","Walking/Cycling Along Roadway Against Traffic (In or Adjacent to Travel Lane)","None (No Improper Action)","Intersection Marked Crosswalk","No","Suspected Minor Injury","None","39.09073675","-77.11498471","    (39.09073675, -77.11498471)"
"DD5567009J","250037220","ROCKVILLE","Injury Crash","08/20/2025 02:26:00 PM","Municipality Route","ATLANTIC AVE (NB/L)","VEIRS MILL RD",,,"Pedestrian","Single Vehicle","Clear","Dry","Daylight","Traffic Control Signal","Not Suspect of Alcohol Use, Not Suspect of Drug Use","Suspect of Alcohol Use, Unknown","F1DCAFFF-3C7D-4CF7-8BCA-DFA1923778B8","Pedestrian","Cross/Enter at Intersection","Dart/Dash, Failure to Obey Traffic Signs, Signals, or Officer, Failure to Yield Right-Of-Way","Intersection Marked Crosswalk","Yes","Suspected Serious Injury","None","39.07500327","-77.11547905","    (39.07500327, -77.11547905)"
"MCP3230007H","250037215","MONTGOMERY","Injury Crash","08/20/2025 02:20:00 PM","County Route","ASPEN HILL RD",,,,"Cyclist (Electric)","Single Vehicle","Clear","Dry","Daylight","Pedestrian Crossing Sign","Not Suspect of Alcohol Use, Not Suspect of Drug Use","Not Suspect of Alcohol Use, Not Suspect of Drug Use","2109CCA7-D98C-4E79-A4AE-BF746E1794E0","Cyclist (Electric)","Cross/Enter at Intersection","Other","Intersection Marked Crosswalk","Yes","Suspected Minor Injury","None","39.08021635","-77.08034069","    (39.08021635, -77.08034069)"
"MCP2181005M","250037163","MONTGOMERY","Fatal Crash","08/20/2025 07:34:00 AM","Maryland (State) Route","FREDERICK RD (SB/L)",,,,"Pedestrian","Single Vehicle","Rain","Wet","Daylight","Traffic Control Signal","Not Suspect of Alcohol Use, Not Suspect of Drug Use","Unknown, Suspect of Drug Use","FC32F240-29F9-4D7D-B15A-03A45DDB61A3","Pedestrian","Cross/Enter Not at Intersection","Dart/Dash","Travel Lane Other Location","No","Fatal Injury","None","39.20404173","-77.24598275","    (39.20404173, -77.24598275)"
"HA2433001G","25001788","MCPARK","Injury Crash","08/19/2025 07:44:00 PM","County Route","WESTLAKE DR (SB/L)",,,,"Scooter (electric)","Single Vehicle","Clear","Dry","Dark - Lighted","Stop Sign","Not Suspect of Alcohol Use, Not Suspect of Drug Use","Not Suspect of Alcohol Use, Not Suspect of Drug Use","2E4D4B5E-21DA-415C-92A5-98ECE5B89521","Scooter (electric)","Cross/Enter at Intersection","Dart/Dash, Improper Passing, Improper Turn/Merge), Not Visible (Dark Clothing, No Lighting, etc.), Wrong-Way Riding or Walking","Intersection Unmarked Crosswalk","No","Suspected Minor Injury","None","39.02912907","-77.14728814","    (39.02912907, -77.14728814)"
"MCP29310088","250037081","MONTGOMERY","Injury Crash","08/19/2025 04:22:00 PM",,,,"Parking Lot Way        2100 CHAPMAN AVE",,"Pedestrian","Single Vehicle","Clear",,"Daylight",,"Not Suspect of Alcohol Use, Not Suspect of Drug Use","Not Suspect of Alcohol Use, Not Suspect of Drug Use","04D26975-55D1-4199-B864-D28444CB62E5","Pedestrian","None","None (No Improper Action)","Travel Lane Other Location","No","Suspected Minor Injury","Reflective Wear (backpack, triangles, etc.)","39.05773333","-77.11644692","    (39.05773333, -77.11644692)"
"MCP284600BN","250037004","MONTGOMERY","Injury Crash","08/19/2025 09:50:00 AM","County Route","GRAND PRE RD",,,,"Pedestrian","Single Vehicle","Rain","Wet","Daylight","No Controls","Not Suspect of Alcohol Use, Not Suspect of Drug Use","Not Suspect of Alcohol Use, Not Suspect of Drug Use","4885F982-64E5-4AB8-AA78-C03D9FF786F8","Pedestrian","Cross/Enter Not at Intersection","Dart/Dash","Intersection Unmarked Crosswalk","No","Suspected Minor Injury","None","39.09273383","-77.07647","    (39.09273383, -77.07647)"
"EJ7898006Q","250036983","GAITHERSBURG","Injury Crash","08/19/2025 06:23:00 AM","Bicycle Route",,,,,"Cyclist (Electric)","Single Vehicle","Cloudy","Dry","Daylight","Traffic Control Signal","Not Suspect of Alcohol Use, Not Suspect of Drug Use","Not Suspect of Alcohol Use, Not Suspect of Drug Use","82427791-D34E-4942-BCEA-93F9DED442B2","Cyclist (Electric)","Cross/Enter at Intersection","None (No Improper Action)","Intersection Marked Crosswalk","No","Suspected Serious Injury","None","39.15388367","-77.21396733","    (39.15388367, -77.21396733)"
"MCP3284002P","250036981","MONTGOMERY","Injury Crash","08/18/2025 03:24:00 AM","US (State)","COLUMBIA PIKE (SB/L)",,,,"Pedestrian","Single Vehicle","Clear","Dry","Dark - Lighted","No Controls","Not Suspect of Alcohol Use, Not Suspect of Drug Use","Unknown, Unknown","C4E6CB8B-1393-4209-89C6-BBC3E2D48FFA","Pedestrian","Walking/Cycling Along Roadway With Traffic (In or Adjacent to Travel Lane)","In Roadway Improperly (Standing, Lying, Working, Playing)","Travel Lane Other Location","Yes","Suspected Serious Injury","None","39.08985772","-76.94265212","    (39.08985772, -76.94265212)"
"MCP3094006D","250036639","MONTGOMERY","Injury Crash","08/16/2025 06:13:00 PM",,,,"Parking Stall        PARKING LOT OF 19425 WOODFIELD RD, GAITHERSBURG, MD 20879",,"Pedestrian","Other","Clear",,"Daylight",,"Not Suspect of Alcohol Use, Not Suspect of Drug Use","Not Suspect of Alcohol Use, Not Suspect of Drug Use","F77A89FF-0A8C-47D3-97FE-8CCC00C5E589","Pedestrian","Walking/Cycling Along Roadway Against Traffic (In or Adjacent to Travel Lane)","None (No Improper Action)","Other","No","Suspected Serious Injury","None","39.1764974","-77.15032987","    (39.1764974, -77.15032987)"
"EJ7875006Y","250036611","GAITHERSBURG","Injury Crash","08/16/2025 03:25:00 PM","Bicycle Route",,,,,"Cyclist (non-electric)","Single Vehicle","Clear","Dry","Daylight","No Controls","Not Suspect of Alcohol Use, Not Suspect of Drug Use","Not Suspect of Alcohol Use, Not Suspect of Drug Use","4846B963-4530-4E79-A6D6-F7199CFA07DD","Cyclist (non-electric)","None","None (No Improper Action)","Intersection Marked Crosswalk","No","Suspected Minor Injury","Helmet","39.12544511","-77.23388974","    (39.12544511, -77.23388974)"
"MCP33620062","250036583","MONTGOMERY","Injury Crash","08/16/2025 12:03:00 PM",,,,"Driveway        EXIT OF BLAIR HIGH SCHOOL, ONTO COLESVILLE ROAD NORTHBOUND AT CROSSWALK",,"Cyclist (non-electric)","Single Vehicle","Clear",,"Daylight",,"Unknown, Unknown","Not Suspect of Alcohol Use, Not Suspect of Drug Use","B46D3E18-094C-4702-813C-5432F0D072A7","Cyclist (non-electric)","Cross/Enter at Intersection","None (No Improper Action)","Intersection Marked Crosswalk","No","Suspected Minor Injury","Helmet","39.01901441","-77.01364108","    (39.01901441, -77.01364108)"
"MCP2783006Q","250036391","MONTGOMERY","Injury Crash","08/15/2025 12:47:00 AM","Maryland (State) Route","GEORGIA AVE",,,,"Pedestrian","Single Vehicle","Clear","Dry","Dark - Lighted","No Controls","Unknown, Unknown","Unknown, Unknown","70CF1386-DC54-466F-9285-A44E62452534","Pedestrian","Cross/Enter Not at Intersection","Other","Travel Lane Other Location","Yes","Suspected Serious Injury","None","39.06106726","-77.05213999","    (39.06106726, -77.05213999)"
"MCP30900090","250036372","MONTGOMERY","Injury Crash","08/14/2025 08:19:00 PM","Local Route","RETAIL PL","CLUB HOUSE RD RIDGELINE DR",,,"Pedestrian","Single Vehicle","Clear","Dry","Dark - Lighted","Pedestrian Crossing","Not Suspect of Alcohol Use, Not Suspect of Drug Use","Suspect of Alcohol Use, Not Suspect of Drug Use","888BA3D7-CBB5-4F2F-85BC-C79990BD783F","Pedestrian","Cross/Enter at Intersection","Unknown","Intersection Marked Crosswalk","Yes","Suspected Minor Injury","None","39.17450002","-77.20509292","    (39.17450002, -77.20509292)"
"MCP9429001M","250036162","MONTGOMERY","Injury Crash","08/13/2025 03:56:00 PM",,,,"Parking Lot Way        8600 COLESVILLE RD    GAS STAION PARKING LOT",,"Scooter (electric)","Single Vehicle","Cloudy",,"Daylight",,"Unknown, Unknown","Not Suspect of Alcohol Use, Not Suspect of Drug Use","5ED2C71A-408F-4FEB-8DD4-E9845EC1582E","Scooter (electric)","Walking/Cycling on Sidewalk","None (No Improper Action)","Sidewalk","Yes","Possible Injury","None","38.99581518","-77.0287247","    (38.99581518, -77.0287247)"
"MCP3457001G","250035978","MONTGOMERY","Property Damage Crash","08/12/2025 04:25:00 PM","County Route","SILVER SPRING AVE",,,,"Scooter (electric)","Single Vehicle","Clear","Dry","Daylight","No Controls","Not Suspect of Alcohol Use, Not Suspect of Drug Use","Not Suspect of Alcohol Use, Not Suspect of Drug Use","4FA1C4FE-593A-4898-BB2D-D2E871B4E94D","Scooter (electric)","Walking/Cycling Along Roadway With Traffic (In or Adjacent to Travel Lane)","None (No Improper Action)","Travel Lane Other Location","No","No Apparent Injury","None","38.99171262","-77.02519531","    (38.99171262, -77.02519531)"
"MCP2898006D","250035963","MONTGOMERY","Injury Crash","08/12/2025 03:46:00 PM",,,,"Private Road        SIDEWALK OF 21123 TULIP POPLAR WAY",,"Pedestrian","Single Vehicle","Clear",,"Daylight",,"Not Suspect of Alcohol Use, Not Suspect of Drug Use","Not Suspect of Alcohol Use, Not Suspect of Drug Use","FC27DB5A-2CB9-496A-8AF8-FC11762985CD","Pedestrian","Standing","None (No Improper Action)","Sidewalk","No","Suspected Minor Injury","None","39.20390465","-77.23508737","    (39.20390465, -77.23508737)"
"MCP3171002R","250035892","MONTGOMERY","Injury Crash","08/12/2025 10:48:00 AM","County Route","WISTERIA DR",,,,"Cyclist (non-electric)","Single Vehicle","Clear","Dry","Daylight","No Controls","Not Suspect of Alcohol Use, Not Suspect of Drug Use","Not Suspect of Alcohol Use, Not Suspect of Drug Use","9EA2CF7A-2F22-4800-8ED9-D6BC9A6002D7","Cyclist (non-electric)","Walking/Cycling on Sidewalk","None (No Improper Action)","Intersection Marked Crosswalk","No","Suspected Minor Injury","None","39.17647867","-77.26931207","    (39.17647867, -77.26931207)"
"MCP24550088","250035523","MONTGOMERY","Injury Crash","08/09/2025 04:58:00 PM","Private Route",,"ROCKVILLE PIKE (SB/L)",,,"Scooter (electric)","Single Vehicle","Clear","Dry","Daylight","Traffic Control Signal","Unknown, Unknown","Not Suspect of Alcohol Use, Not Suspect of Drug Use","135D59C6-8E86-480B-95DE-0DB657B1F916","Scooter (electric)","Cross/Enter at Intersection","None (No Improper Action)","Intersection Marked Crosswalk","No","Suspected Minor Injury","None","39.05500474","-77.11840446","    (39.05500474, -77.11840446)"
"MCP24550088","250035523","MONTGOMERY","Injury Crash","08/09/2025 04:58:00 PM","Private Route",,"ROCKVILLE PIKE (SB/L)",,,"Scooter (electric)","Single Vehicle","Clear","Dry","Daylight","Traffic Control Signal","Unknown, Unknown","Not Suspect of Alcohol Use, Not Suspect of Drug Use","B850D13F-2863-47F4-9B5A-F7359C313050","Scooter (electric)","Cross/Enter at Intersection","None (No Improper Action)","Intersection Marked Crosswalk","No","No Apparent Injury","None","39.05500474","-77.11840446","    (39.05500474, -77.11840446)"
"MCP3339005F","250035406","MONTGOMERY","Property Damage Crash","08/08/2025 08:50:00 PM","County Route","GRANDVIEW AVE","ARVIN ST",,,"Cyclist (non-electric)","Single Vehicle","Clear","Dry","Dark - Not Lighted","No Controls","Unknown, Unknown","Not Suspect of Alcohol Use, Not Suspect of Drug Use","985984B7-0210-4093-AA1A-CEB74DCCC6C6","Cyclist (non-electric)","Cross/Enter at Intersection","Failure to Obey Traffic Signs, Signals, or Officer","Intersection Other","Yes","No Apparent Injury","None","39.0495395","-77.05296483","    (39.0495395, -77.05296483)"
"MCP2203009M","250035270","MONTGOMERY","Injury Crash","08/07/2025 08:45:00 PM","County Route","REEDIE DR","GEORGIA AVE",,,"Pedestrian","Single Vehicle","Clear","Dry","Dark - Lighted","Pedestrian Crossing Sign","Not Suspect of Alcohol Use, Not Suspect of Drug Use","Suspect of Alcohol Use, Not Suspect of Drug Use","4D985C32-C01D-41EA-9499-6181A37EA413","Pedestrian","Cross/Enter at Intersection","Unknown","Intersection Marked Crosswalk","No","Possible Injury","None","39.03859966","-77.05071892","    (39.03859966, -77.05071892)"
"MCP2671004K","250035185","MONTGOMERY","Injury Crash","08/07/2025 03:58:00 PM","County Route","ALLEY",,,,"Pedestrian","Single Vehicle","Clear","Dry","Daylight","Lane Use Control Signal","Not Suspect of Alcohol Use, Not Suspect of Drug Use","Not Suspect of Alcohol Use, Not Suspect of Drug Use","1351C05A-DCD1-4A2D-8817-214E15E10AD4","Pedestrian","Cross/Enter Not at Intersection","Dart/Dash","Travel Lane Other Location","Yes","Suspected Minor Injury","None","38.99689433","-77.02804904","    (38.99689433, -77.02804904)"
"MCP2717010L","250035161","MONTGOMERY","Fatal Crash","08/07/2025 02:11:00 PM","County Route","KARA LA","E RANDOLPH RD",,,"Cyclist (non-electric)","Single Vehicle","Clear","Dry","Daylight","Stop Sign","Not Suspect of Alcohol Use, Not Suspect of Drug Use","Not Suspect of Alcohol Use, Not Suspect of Drug Use","ADEC7B03-BD3A-43DC-BBCA-B94564AA474E","Cyclist (non-electric)","Cross/Enter at Intersection","None (No Improper Action)","Intersection Unmarked Crosswalk","No","Fatal Injury","Helmet","39.07554986","-77.00037267","    (39.07554986, -77.00037267)"