"Report Number","Local Case Number","Agency Name","ACRS Report Type","Crash Date/Time","Route Type","Road Name","Cross-Street Name","Off-Road Description","Municipality","Related Non-Motorist","Collision Type","Weather","Surface Condition","Light","Traffic Control","Driver Substance Abuse","Non-Motorist Substance Abuse","Person ID","Pedestrian Type","Pedestrian Movement","Pedestrian Actions","Pedestrian Location","At Fault","Injury Severity","Safety Equipment","Latitude","Longitude","Location"
"MCP3473000B","250031836","MONTGOMERY","Injury Crash","07/16/2025 09:52:00 PM","Maryland (State) Route","UNIVERSITY BLVD E",,,,"Pedestrian","Single Vehicle","Rain","Wet","Dark - Lighted","Traffic Control Signal","Not Suspect of Alcohol Use, Not Suspect of Drug Use","Not Suspect of Alcohol Use, Not Suspect of Drug Use","5513E85C-44E0-431E-B432-41324FDECC00","Pedestrian","Cross/Enter at Intersection","None (No Improper Action)","Intersection Marked Crosswalk","No","Suspected Minor Injury","None","39.01204766","-77.00263386","    (39.01204766, -77.00263386)"
"MCP2723009Q","250031783","MONTGOMERY","Injury Crash","07/16/2025 04:20:00 PM","County Route","BONIFANT RD","ALDERTON RD",,,"Cyclist (non-electric)","Single Vehicle","Clear","Dry","Daylight","No Controls","Not Suspect of Alcohol Use, Not Suspect of Drug Use","Not Suspect of Alcohol Use, Not Suspect of Drug Use","48CD0EA6-DF86-458A-87DE-5FAF885300E0","Cyclist (non-electric)","Walking/Cycling Along Roadway With Traffic (In or Adjacent to Travel Lane)","None (No Improper Action)","Shoulder/Roadside","No","Suspected Minor Injury","None","39.09349827","-77.0358374","    (39.09349827, -77.0358374)"
"MCP26350092","250031694","MONTGOMERY","Fatal Crash","07/16/2025 10:40:00 AM","Maryland (State) Route","CONNECTICUT AVE",,,,"Pedestrian","Single Vehicle","Clear","Dry","Daylight","No Controls","Not Suspect of Alcohol Use, Not Suspect of Drug Use","Unknown, Unknown","EF2DB3A6-CD77-4C6F-9580-F4BC63AD282F","Pedestrian","Walking/Cycling on Sidewalk","Unknown","Driveway Access","No","Fatal Injury","None","39.03030919","-77.07557466","    (39.03030919, -77.07557466)"
"MCP3372003Q","250031691","MONTGOMERY","Property Damage Crash","07/16/2025 10:23:00 AM","Maryland (State) Route","OLNEY SANDY SPRING RD",,,,"Cyclist (non-electric)","Single Vehicle","Clear","Dry","Daylight","No Controls","Not Suspect of Alcohol Use, Not Suspect of Drug Use","Not Suspect of Alcohol Use, Not Suspect of Drug Use","120A4BA0-FC26-4744-A348-B9895E95A989","Cyclist (non-electric)","Other","Improper Passing, Improper Turn/Merge), Other","Travel Lane Other Location","Yes","No Apparent Injury","Helmet, Other, Reflectors","39.14604634","-77.04999823","    (39.14604634, -77.04999823)"
"MCP3463000R","250031478","MONTGOMERY","Injury Crash","07/15/2025 08:00:00 AM",,,,"Driveway        DRIVEWAY OF 8041 SNOUFFER SCHOOL RD",,"Pedestrian","Single Vehicle","Clear",,"Daylight",,"Not Suspect of Alcohol Use, Not Suspect of Drug Use","Not Suspect of Alcohol Use, Not Suspect of Drug Use","275A5D15-D5FC-4306-81DA-32D36ABE691B","Pedestrian","Standing","Other","Driveway Access","Yes","Suspected Minor Injury","None","39.16127691","-77.16340414","    (39.16127691, -77.16340414)"
"MCP263900HB","250031315","MONTGOMERY","Injury Crash","07/14/2025 09:43:00 AM","Maryland (State) Route","KEY WEST AVE (WB/L)",,,,"Cyclist (non-electric)","Single Vehicle","Clear","Dry","Daylight","No Controls","Not Suspect of Alcohol Use, Not Suspect of Drug Use","Not Suspect of Alcohol Use, Not Suspect of Drug Use","03499F59-FD10-4BFD-B88E-9EC5D93724D1","Cyclist (non-electric)","Walking/Cycling on Sidewalk","None (No Improper Action)","Driveway Access","Yes","Possible Injury","Helmet","39.10562749","-77.1990546","    (39.10562749, -77.1990546)"
"MCP24660069","250031122","MONTGOMERY","Injury Crash","07/12/2025 08:02:00 PM","Local Route","GLENSTONE BLDG 6 7 8 ENT","GLEN RD",,,"Cyclist (Electric)","Single Vehicle","Clear","Dry","Daylight","No Controls","Not Suspect of Alcohol Use, Not Suspect of Drug Use","Not Suspect of Alcohol Use, Not Suspect of Drug Use","A08ACFE8-8D65-429C-9D9A-D5A17689C739","Cyclist (Electric)","Walking/Cycling Along Roadway With Traffic (In or Adjacent to Travel Lane)","None (No Improper Action)","Travel Lane Other Location","No","Possible Injury","Helmet","39.06304122","-77.25090093","    (39.06304122, -77.25090093)"
"MCP3387002W","250031067","MONTGOMERY","Injury Crash","07/12/2025 02:00:00 PM","Spur",,"NEW HAMPSHIRE AVE (SB/L)",,,"Cyclist (non-electric)","Single Vehicle","Cloudy","Dry","Daylight","Traffic Control Signal","Not Suspect of Alcohol Use, Not Suspect of Drug Use","Not Suspect of Alcohol Use, Not Suspect of Drug Use","72966FEE-57FC-44B7-9A4A-855C4035A197","Cyclist (non-electric)","Cross/Enter at Intersection","None (No Improper Action)","Intersection Marked Crosswalk","No","Suspected Minor Injury","None","39.0394784","-76.99073258","    (39.0394784, -76.99073258)"
"MCP2863003V","250031100","MONTGOMERY","Injury Crash","07/12/2025 08:30:00 AM","Other Public Roadway","W WATKINS MILL RD (SB/L)","RAMP 2 FR WATKINS MILL RD TO IS 270 NB",,,"Cyclist (non-electric)","Single Vehicle","Unknown",,"Unknown","Traffic Control Signal","Unknown, Unknown","Not Suspect of Alcohol Use, Not Suspect of Drug Use","553BC94C-8715-4D78-A96F-6C62ED7C136B","Cyclist (non-electric)","Cross/Enter at Intersection","Unknown","Intersection Marked Crosswalk","No","Suspected Minor Injury","Unknown","39.15679255","-77.22479893","    (39.15679255, -77.22479893)"
"MCP33010037","250030983","MONTGOMERY","Property Damage Crash","07/11/2025 10:15:00 PM","County Route","NEW HAMPSHIRE AVE SER RD",,,,"Pedestrian","Single Vehicle","Clear","Dry","Dark - Lighted","No Controls","Unknown, Unknown","Not Suspect of Alcohol Use, Not Suspect of Drug Use","5E05F944-8B35-4218-95A6-078EE2F56901","Pedestrian","Getting Off/On Vehicle","Other","OffStreet Trails or Sidepaths","No","No Apparent Injury","None","39.01174409","-76.97866377","    (39.01174409, -76.97866377)"
"MCP34570016","250030925","MONTGOMERY","Injury Crash","07/11/2025 04:20:00 PM","Maryland (State) Route",,,,,"Pedestrian","Single Vehicle","Clear","Dry","Daylight","Traffic Control Signal","Unknown, Unknown","Not Suspect of Alcohol Use, Not Suspect of Drug Use","E55E8A13-6CA4-45E9-8CFA-70B86FC9F31D","Pedestrian","Cross/Enter at Intersection","Failure to Yield Right-Of-Way","Intersection Marked Crosswalk","No","Suspected Minor Injury","None","38.98759107","-77.02679645","    (38.98759107, -77.02679645)"
"MCP3409000S","250030829","MONTGOMERY","Injury Crash","07/10/2025 11:27:00 PM",,,,"Parking Lot Way        THE EXIT OF THE MCDONALDS PARKING LOT. TURNING RIGHT INTO MONTGOMERY VILLAGE AVE.",,"Pedestrian","Single Vehicle","Clear",,"Dark - Lighted",,,"Not Suspect of Alcohol Use, Not Suspect of Drug Use","E1640745-B479-4D35-8695-9B80861FD999","Pedestrian","Walking/Cycling on Sidewalk","Unknown","Sidewalk","No","Suspected Minor Injury","None","39.17341239","-77.20404577","    (39.17341239, -77.20404577)"
"MCP3381002P","250030808","MONTGOMERY","Injury Crash","07/10/2025 09:16:00 PM","Maryland (State) Route",,,,,"Pedestrian","Single Vehicle","Clear","Dry","Dark - Lighted","No Controls","Not Suspect of Alcohol Use, Not Suspect of Drug Use","Not Suspect of Alcohol Use, Not Suspect of Drug Use","CCD74FF4-A5BA-4E83-A0A4-386279475006","Pedestrian","Getting Off/On Vehicle","In Roadway Improperly (Standing, Lying, Working, Playing)","Other","Yes","Suspected Minor Injury","None","39.22978775","-77.26801688","    (39.22978775, -77.26801688)"
"MCP2622004Y","250030600","MONTGOMERY","Injury Crash","07/09/2025 06:39:00 PM",,,,"Parking Lot Way        PARKING LOT OF 10113 NEW HAMPSHIRE AVE",,"Pedestrian","Single Vehicle","Rain",,"Daylight",,"Not Suspect of Alcohol Use, Not Suspect of Drug Use","Not Suspect of Alcohol Use, Not Suspect of Drug Use","C69AF1D4-314B-4C82-B22A-67B672152AE0","Pedestrian","Cross/Enter at Intersection","Unknown","Intersection Marked Crosswalk","No","Possible Injury","None","39.02079749","-76.97548898","    (39.02079749, -76.97548898)"
"MCP31700049","250030375","MONTGOMERY","Injury Crash","07/08/2025 12:40:00 PM",,,,"Parking Lot Way        PARKING LOT OF 20924 FREDERICK RD",,"Pedestrian","Single Vehicle","Clear",,"Daylight",,"Unknown, Unknown","Not Suspect of Alcohol Use, Not Suspect of Drug Use","6CE3572A-718D-4F10-9B66-A97103E82103","Pedestrian","None","None (No Improper Action)","Other","No","Suspected Minor Injury","None","39.20161376","-77.24961592","    (39.20161376, -77.24961592)"
"MCP25630026","250030192","MONTGOMERY","Fatal Crash","07/07/2025 11:39:00 AM","Maryland (State) Route",,,,,"Pedestrian","Single Vehicle","Clear","Dry","Daylight","Curve Ahead Warning Sign","Not Suspect of Alcohol Use, Not Suspect of Drug Use","Not Suspect of Alcohol Use, Not Suspect of Drug Use","C62C459E-F54C-4F25-9CAB-069F672ED7C4","Pedestrian","Walking/Cycling on Sidewalk","None (No Improper Action)","Sidewalk","No","Fatal Injury","None","39.14144708","-77.13803748","    (39.14144708, -77.13803748)"
"MCP1227002B","250030119","MONTGOMERY","Fatal Crash","07/06/2025 09:36:00 PM","Maryland (State) Route","VEIRS MILL RD (WB/L)",,,,"Pedestrian","Single Vehicle","Clear","Dry","Dark - Lighted","Intersection Ahead Warning Sign","Not Suspect of Alcohol Use, Not Suspect of Drug Use","Not Suspect of Alcohol Use, Not Suspect of Drug Use","75AEF960-E76D-4EE9-A7F0-B03213E9D728","Pedestrian","Cross/Enter Not at Intersection","Unknown","Travel Lane Other Location","No","Fatal Injury","None","39.04183488","-77.05875871","    (39.04183488, -77.05875871)"
"MCP3387002T","250030033","MONTGOMERY","Injury Crash","07/06/2025 11:36:00 AM",,,,"Parking Lot Way        FORCEY BIBLE CHURCH PARKING LOT",,"Pedestrian","Single Vehicle","Clear",,"Daylight",,"Not Suspect of Alcohol Use, Not Suspect of Drug Use","Not Suspect of Alcohol Use, Not Suspect of Drug Use","FB9697BC-A29F-4223-92F2-55BE1EB1D53B","Pedestrian","Standing","None (No Improper Action)","Other","No","Suspected Minor Injury","None","39.06436898","-76.96644317","    (39.06436898, -76.96644317)"
"MCP3402003T","250030007","MONTGOMERY","Injury Crash","07/06/2025 06:59:00 AM","Ramp","RAMP 7 FR US 29 WB TO MD 650 SB",,,,"Cyclist (non-electric)","Single Vehicle","Clear","Dry","Daylight","No Controls","Not Suspect of Alcohol Use, Not Suspect of Drug Use","Not Suspect of Alcohol Use, Not Suspect of Drug Use","1C93A1E7-373B-4894-B7D3-59270C72949B","Cyclist (non-electric)","Cross/Enter at Intersection","None (No Improper Action)","Intersection Marked Crosswalk","No","Suspected Serious Injury","Helmet","39.04416004","-76.99242322","    (39.04416004, -76.99242322)"
"MCP3051008N","250029851","MONTGOMERY","Injury Crash","07/04/2025 10:50:00 PM","Maryland (State) Route","ROCKVILLE PIKE",,,,"Scooter (electric)","Single Vehicle","Clear","Dry","Dark - Not Lighted","Traffic Control Signal","Not Suspect of Alcohol Use, Not Suspect of Drug Use","Not Suspect of Alcohol Use, Not Suspect of Drug Use","1FD5E0B6-E039-4046-913B-F75E53650ED9","Scooter (electric)","Walking/Cycling Along Roadway With Traffic (In or Adjacent to Travel Lane)","None (No Improper Action)","Other","No","Possible Injury","Helmet, Lighting, Protective Pads (elbows, knees, shins, etc.)","39.02278767","-77.10275583","    (39.02278767, -77.10275583)"
"MCP3050006Q","250029827","MONTGOMERY","Injury Crash","07/04/2025 07:59:00 PM","Maryland (State) Route","GEORGIA AVE",,,,"Pedestrian","Single Vehicle","Clear","Dry","Daylight","Traffic Control Signal","Unknown, Unknown","Not Suspect of Alcohol Use, Not Suspect of Drug Use","0584C933-10C0-4EFF-A967-FF3E85BA0EDC","Pedestrian","Cross/Enter at Intersection","None (No Improper Action)","Intersection Marked Crosswalk","No","Suspected Minor Injury","None","39.07767731","-77.07088914","    (39.07767731, -77.07088914)"
"HA25560006","25001318","MCPARK","Injury Crash","07/03/2025 10:20:00 AM","Bicycle Route",,"CAPITAL CRESCENT TR LITTLE FALLS PKWY (NB/L)",,,"Pedestrian","Single Vehicle","Clear","Dry","Daylight","Pedestrian Crossing Sign","Not Suspect of Alcohol Use, Not Suspect of Drug Use","Not Suspect of Alcohol Use, Not Suspect of Drug Use","014E46E9-8B8A-44A4-BF6D-9CF109BAB83C","Pedestrian","Cross/Enter Not at Intersection","Dart/Dash, Failure to Obey Traffic Signs, Signals, or Officer","Midblock Marked Crosswalk","No","Possible Injury","None","38.9734963","-77.10115123","    (38.9734963, -77.10115123)"
"MCP3430000F","250029428","MONTGOMERY","Injury Crash","07/02/2025 02:19:00 PM","County Route","FENTON ST",,,,"Pedestrian","Single Vehicle","Clear","Dry","Daylight","No Controls","Not Suspect of Alcohol Use, Not Suspect of Drug Use","Not Suspect of Alcohol Use, Not Suspect of Drug Use","DEF0DD11-A0F1-4BD3-8585-8C47E1133CE9","Pedestrian","Cross/Enter Not at Intersection","In Roadway Improperly (Standing, Lying, Working, Playing)","Travel Lane Other Location","No","Suspected Minor Injury","None","38.99191198","-77.02409793","    (38.99191198, -77.02409793)"
"MCP308600BX","250029362","MONTGOMERY","Injury Crash","07/02/2025 08:00:00 AM",,,,"Parking Lot Way        PARKING LOT OF 20926 FREDERICK  RD GERMANTOWN MD 20874",,"Pedestrian","Single Vehicle","Cloudy",,"Daylight",,"Not Suspect of Alcohol Use, Not Suspect of Drug Use","Not Suspect of Alcohol Use, Not Suspect of Drug Use","B0C71B40-686D-4EDE-A8A9-B270544FB132","Pedestrian","None","None (No Improper Action)","NonTrafficway Area","No","Suspected Minor Injury","None","39.20260479","-77.24906207","    (39.20260479, -77.24906207)"
"MCP3414001X","250029254","MONTGOMERY","Injury Crash","07/01/2025 12:27:00 PM","County Route","FENTON ST","PHILADELPHIA AVE",,,"Pedestrian","Single Vehicle","Clear","Dry","Daylight","No Controls","Not Suspect of Alcohol Use, Not Suspect of Drug Use","Not Suspect of Alcohol Use, Not Suspect of Drug Use","3F3828C8-A462-45E9-8B83-BB608BEF0728","Pedestrian","Cross/Enter at Intersection","Unknown","Intersection Marked Crosswalk","No","Suspected Minor Injury","None","38.98885233","-77.023994","    (38.98885233, -77.023994)"
"DD5674001K","250029139","ROCKVILLE","Injury Crash","06/30/2025 05:17:00 PM","Municipality Route",,,,,"Pedestrian","Single Vehicle","Cloudy","Dry","Daylight","No Controls","Not Suspect of Alcohol Use, Not Suspect of Drug Use","Not Suspect of Alcohol Use, Not Suspect of Drug Use","3D4AFB25-4696-4715-A771-353478509F60","Pedestrian","Cross/Enter Not at Intersection","Dart/Dash","Shared Lane Markings)","Yes","Suspected Minor Injury","None","39.0608502","-77.13035406","    (39.0608502, -77.13035406)"
"MCP3455000T","250030230","MONTGOMERY","Property Damage Crash","06/30/2025 04:10:00 PM","Maryland (State) Route","UNIVERSITY BLVD W (WB/L)","SLIGO CREEK PKWY",,,"Cyclist (non-electric)","Single Vehicle","Clear","Dry","Daylight","Traffic Control Signal","Unknown, Unknown","Not Suspect of Alcohol Use, Not Suspect of Drug Use","2E9673CC-A9F2-4053-84E2-6F656C0BE1F6","Cyclist (non-electric)","Cross/Enter at Intersection","None (No Improper Action)","Intersection Marked Crosswalk","No","No Apparent Injury","Helmet","39.03661471","-77.03049065","    (39.03661471, -77.03049065)"
"MCP30310077","250029046","MONTGOMERY","Injury Crash","06/30/2025 08:40:00 AM","Other Public Roadway","HENDERSON CORNER RD","SENECA CROSSING DR",,,"Pedestrian","Single Vehicle","Clear","Dry","Daylight","Flashing Traffic Control Signal","Not Suspect of Alcohol Use, Not Suspect of Drug Use","Not Suspect of Alcohol Use, Not Suspect of Drug Use","EFDB1E21-4C6D-405C-8CCA-7C239306C1D8","Pedestrian","Cross/Enter at Intersection","None (No Improper Action)","Intersection Marked Crosswalk","No","Possible Injury","None","39.20346683","-77.24442317","    (39.20346683, -77.24442317)"
"MCP3090008N","250028837","MONTGOMERY","Injury Crash","06/28/2025 02:41:00 PM","County Route","CAPEHART DR",,,,"Cyclist (non-electric)","Single Vehicle","Clear","Dry","Daylight","No Controls","Not Suspect of Alcohol Use, Not Suspect of Drug Use","Not Suspect of Alcohol Use, Not Suspect of Drug Use","8494996B-A767-4D83-8D33-E12278D8A1B8","Cyclist (non-electric)","Walking/Cycling Along Roadway Against Traffic (In or Adjacent to Travel Lane)","Other","Travel Lane Other Location","Yes","Possible Injury","Unknown","39.16776863","-77.21789662","    (39.16776863, -77.21789662)"
"DD56440046","250028765","ROCKVILLE","Injury Crash","06/27/2025 09:37:00 PM","Municipality Route","WOOTTON PKWY (EB/L)",,,,"Pedestrian","Single Vehicle","Rain","Wet","Dark - Not Lighted","No Controls","Unknown, Unknown","Not Suspect of Alcohol Use, Not Suspect of Drug Use","B3D863FE-E4DD-4220-BCB4-4A9D5A82236A","Pedestrian","Cross/Enter Not at Intersection","In Roadway Improperly (Standing, Lying, Working, Playing)","Travel Lane Other Location","Yes","Possible Injury","None","39.0690078","-77.16899209","    (39.0690078, -77.16899209)"
"MCP93180043","250028717","MONTGOMERY","Property Damage Crash","06/27/2025 04:43:00 PM","Maryland (State) Route",,,,,"Scooter (electric)","Single Vehicle","Clear","Dry","Daylight","No Controls","Not Suspect of Alcohol Use, Not Suspect of Drug Use","Not Suspect of Alcohol Use, Not Suspect of Drug Use","FA9D033D-BB45-4BF9-A534-27B06EDE1545","Scooter (electric)","Other","None (No Improper Action)","Driveway Access","No","No Apparent Injury","Unknown","38.99258765","-76.9929002","    (38.99258765, -76.9929002)"
"EJ79050039","250028695","GAITHERSBURG","Injury Crash","06/27/2025 03:09:00 PM","Other Public Roadway","W WATKINS MILL RD",,,,"Scooter (electric)","Single Vehicle","Cloudy","Dry","Daylight","Traffic Control Signal","Not Suspect of Alcohol Use, Not Suspect of Drug Use","Not Suspect of Alcohol Use, Not Suspect of Drug Use","2BFA19FB-6CB5-428C-B91B-6AC32FC87F68","Scooter (electric)","Cross/Enter at Intersection","Failure to Obey Traffic Signs, Signals, or Officer","Intersection Marked Crosswalk","Yes","Possible Injury","None","39.15916637","-77.21933489","    (39.15916637, -77.21933489)"
"MCP320000GB","250028502","MONTGOMERY","Injury Crash","06/26/2025 12:38:00 PM","County Route","W CEDAR LA","OLD GEORGETOWN RD",,,"Cyclist (non-electric)","Single Vehicle","Clear","Dry","Daylight","Pedestrian Crossing","Not Suspect of Alcohol Use, Not Suspect of Drug Use","Not Suspect of Alcohol Use, Not Suspect of Drug Use","90378BD4-4C3B-4369-AC59-477CBE45A38B","Cyclist (non-electric)","Cross/Enter at Intersection","None (No Improper Action)","Intersection Marked Crosswalk","No","Suspected Minor Injury","None","39.00454138","-77.11057708","    (39.00454138, -77.11057708)"
"DD56630025","250028444","ROCKVILLE","Injury Crash","06/26/2025 07:28:00 AM","Municipality Route","TOWER OAKS BLVD",,,,"Cyclist (non-electric)","Single Vehicle","Clear","Dry","Daylight","No Controls","Not Suspect of Alcohol Use, Not Suspect of Drug Use","Not Suspect of Alcohol Use, Not Suspect of Drug Use","EFC78771-A2A8-43F2-AEFF-85DB0D185776","Cyclist (non-electric)","Walking/Cycling Along Roadway With Traffic (In or Adjacent to Travel Lane)","None (No Improper Action)","OnStreet Buffered Bike Lanes","No","Possible Injury","Helmet","39.0568583","-77.1503252","    (39.0568583, -77.1503252)"
"DD57010003","250028402","ROCKVILLE","Injury Crash","06/25/2025 09:14:00 PM","Municipality Route",,,,,"Pedestrian","Single Vehicle","Clear","Dry","Dark - Lighted","Traffic Control Signal","Not Suspect of Alcohol Use, Not Suspect of Drug Use","Not Suspect of Alcohol Use, Not Suspect of Drug Use","AD70911D-7436-4D40-B2BC-20AD7B06C9E8","Pedestrian","Cross/Enter at Intersection","Unknown","Intersection Marked Crosswalk","No","Suspected Minor Injury","None","39.11550679","-77.16624081","    (39.11550679, -77.16624081)"
"MCP3376002C","250028348","MONTGOMERY","Injury Crash","06/25/2025 02:30:00 PM",,,,"Parking Lot Way        PARKING LOT AROUND 2100  MC MAHON RD",,"Cyclist (non-electric)","Single Vehicle","Clear",,"Daylight",,"Not Suspect of Alcohol Use, Not Suspect of Drug Use","Not Suspect of Alcohol Use, Not Suspect of Drug Use","3C121593-3436-4534-B261-9E02A3B63BDA","Cyclist (non-electric)","Walking/Cycling Along Roadway With Traffic (In or Adjacent to Travel Lane)","Unknown","Unknown","Yes","Possible Injury","Unknown","39.03323854","-77.04179831","    (39.03323854, -77.04179831)"
"MCP3446000G","250028327","MONTGOMERY","Injury Crash","06/25/2025 12:40:00 PM","County Route","MACDUFF AVE",,,,"Pedestrian","Single Vehicle","Clear","Dry","Daylight","No Controls","Not Suspect of Alcohol Use, Not Suspect of Drug Use","Not Suspect of Alcohol Use, Not Suspect of Drug Use","3024B830-7141-4AD4-A590-5B68680D76E8","Pedestrian","Other Working","In Roadway Improperly (Standing, Lying, Working, Playing)","Travel Lane Other Location","Yes","Suspected Minor Injury","None","39.1422912","-77.0888234","    (39.1422912, -77.0888234)"
"MCP32450076","250027971","MONTGOMERY","Property Damage Crash","06/23/2025 04:11:00 PM","County Route","CINNABAR DR",,,,"Pedestrian","Single Vehicle","Clear","Dry","Daylight","No Controls","Not Suspect of Alcohol Use, Not Suspect of Drug Use","Not Suspect of Alcohol Use, Not Suspect of Drug Use","3DEB0CC1-8837-4765-8FAF-6128C78AD984","Pedestrian","Cross/Enter Not at Intersection","Dart/Dash","Travel Lane Other Location","Yes","No Apparent Injury","None","39.18849316","-77.15759436","    (39.18849316, -77.15759436)"
"MCP295200FX","250027938","MONTGOMERY","Injury Crash","06/23/2025 12:58:00 PM","Maryland (State) Route","16TH ST (SB/L)",,,,"Cyclist (Electric)","Single Vehicle","Clear","Dry","Daylight","Traffic Control Signal","Not Suspect of Alcohol Use, Not Suspect of Drug Use","Not Suspect of Alcohol Use, Not Suspect of Drug Use","C687DD27-E46F-4499-B47F-F936268C38E0","Cyclist (Electric)","Walking/Cycling Along Roadway With Traffic (In or Adjacent to Travel Lane)","Failure to Obey Traffic Signs, Signals, or Officer","Unknown","No","Possible Injury","Helmet","38.99464637","-77.03635113","    (38.99464637, -77.03635113)"
"MCP2845009M","250027921","MONTGOMERY","Injury Crash","06/23/2025 10:20:00 AM","County Route","DIXON AVE","WAYNE AVE",,,"Scooter (electric)","Single Vehicle","Clear","Dry","Daylight","Pedestrian Crossing Sign","Unknown, Unknown","Not Suspect of Alcohol Use, Not Suspect of Drug Use","EA0A87E8-4891-4DB8-B2E6-879C46B9EEDD","Scooter (electric)","Cross/Enter at Intersection","None (No Improper Action)","Intersection Marked Crosswalk","No","Suspected Minor Injury","Helmet","38.99434464","-77.0279865","    (38.99434464, -77.0279865)"
"MCP34570014","250027552","MONTGOMERY","Injury Crash","06/20/2025 05:36:00 PM","County Route","DARCY FOREST DR","FOREST GLEN RD",,,"Pedestrian","Single Vehicle","Clear","Dry","Daylight","Stop Sign","Not Suspect of Alcohol Use, Not Suspect of Drug Use","Not Suspect of Alcohol Use, Not Suspect of Drug Use","DAFCC345-27B0-4748-80A7-27BDCE0E88EE","Pedestrian","Cross/Enter at Intersection","None (No Improper Action)","Intersection Marked Crosswalk","No","Suspected Minor Injury","None","39.01538301","-77.04741672","    (39.01538301, -77.04741672)"
"MCP312900CX","250027526","MONTGOMERY","Injury Crash","06/20/2025 04:03:00 PM","Ramp","RAMP 7 FR RANDOLPH RD WB TO MD 97 SB",,,,"Pedestrian","Single Vehicle","Clear","Dry","Daylight","Traffic Control Signal","Not Suspect of Alcohol Use, Not Suspect of Drug Use","Not Suspect of Alcohol Use, Not Suspect of Drug Use","73F8E6B0-A272-4DCD-A42C-BD4DBC4A00C9","Pedestrian","Cross/Enter at Intersection","None (No Improper Action)","Intersection Marked Crosswalk","No","Possible Injury","None","39.05842167","-77.04959783","    (39.05842167, -77.04959783)"
"MCP3355001P","250027484","MONTGOMERY","Injury Crash","06/20/2025 12:18:00 PM","Maryland (State) Route","WAYNE AVE","GEORGIA AVE",,,"Pedestrian","Single Vehicle","Clear","Dry","Daylight","Pedestrian Crossing Sign","Not Suspect of Alcohol Use, Not Suspect of Drug Use","Not Suspect of Alcohol Use, Not Suspect of Drug Use","2ABCC134-FE5A-4B35-A393-955B43E6D6ED","Pedestrian","Cross/Enter at Intersection","None (No Improper Action)","Intersection Marked Crosswalk","No","Suspected Minor Injury","None","38.99446385","-77.02660766","    (38.99446385, -77.02660766)"
"DM8494003Z","250027409","TAKOMA","Injury Crash","06/19/2025 09:11:00 PM","Maryland (State) Route","PINEY BRANCH RD",,,,"Pedestrian","Unknown","Clear","Wet","Dark - Lighted","Flashing Traffic Control Signal","Unknown, Unknown","Not Suspect of Alcohol Use, Not Suspect of Drug Use","3D06753C-52EC-4B4E-8A88-75CAA99B51E8","Pedestrian","Cross/Enter at Intersection","Unknown","Intersection Marked Crosswalk","No","Suspected Minor Injury","None","38.98314894","-77.01551686","    (38.98314894, -77.01551686)"