"Report Number","Local Case Number","Agency Name","ACRS Report Type","Crash Date/Time","Route Type","Road Name","Cross-Street Name","Off-Road Description","Municipality","Related Non-Motorist","Collision Type","Weather","Surface Condition","Light","Traffic Control","Driver Substance Abuse","Non-Motorist Substance Abuse","Person ID","Pedestrian Type","Pedestrian Movement","Pedestrian Actions","Pedestrian Location","At Fault","Injury Severity","Safety Equipment","Latitude","Longitude","Location"
"DD5567008S","250027376","ROCKVILLE","Injury Crash","06/19/2025 05:11:00 PM","Local Route","KISS AND RIDE TWINBROOK LOT","BOUIC AVE CHAPMAN AVE",,,"Pedestrian","Single Vehicle","Clear","Wet","Daylight","Stop Sign","Unknown, Unknown","Not Suspect of Alcohol Use, Not Suspect of Drug Use","B16D430A-3F02-48A1-9242-F7D143AE774C","Pedestrian","Cross/Enter at Intersection","None (No Improper Action)","Intersection Marked Crosswalk","No","Possible Injury","None","39.06111396","-77.12100136","    (39.06111396, -77.12100136)"
"MCP0617006Z","250027478","MONTGOMERY","Injury Crash","06/19/2025 01:00:00 PM",,,,"Parking Lot Way        PARKING LOT OF 12028 CHERRY HILL RD SILVER SPRING MD (GIANT FOOD)",,"Pedestrian","Single Vehicle","Clear",,"Daylight",,"Unknown, Unknown","Unknown, Not Suspect of Drug Use","5BC3DFA5-AB9A-43D7-A075-6AD3E78EDD8C","Pedestrian","Standing","None (No Improper Action)","Other","No","Possible Injury","None","39.05467611","-76.95587864","    (39.05467611, -76.95587864)"
"MCP0617006Z","250027478","MONTGOMERY","Injury Crash","06/19/2025 01:00:00 PM",,,,"Parking Lot Way        PARKING LOT OF 12028 CHERRY HILL RD SILVER SPRING MD (GIANT FOOD)",,"Pedestrian","Single Vehicle","Clear",,"Daylight",,"Unknown, Unknown","Unknown, Unknown","7748D664-D24A-4507-BDEA-1E2481C55957","Pedestrian","None","None (No Improper Action)","Other","No","Possible Injury","None","39.05467611","-76.95587864","    (39.05467611, -76.95587864)"
"MCP24550084","250027201","MONTGOMERY","Injury Crash","06/18/2025 01:55:00 PM",,,,"Parking Lot Way        PARKING LOT OF 12266 ROCKVILLE PIKE",,"Pedestrian","Single Vehicle","Rain",,"Daylight",,"Not Suspect of Alcohol Use, Not Suspect of Drug Use","Not Suspect of Alcohol Use, Not Suspect of Drug Use","520F63B2-4E0B-4ED8-8D92-347A7D9E4D4B","Pedestrian","Other","Failure to Obey Traffic Signs, Signals, or Officer, Failure to Yield Right-Of-Way","Other","No","Possible Injury","None","39.05726706","-77.12255051","    (39.05726706, -77.12255051)"
"MCP2181005K","250027100","MONTGOMERY","Fatal Crash","06/18/2025 12:54:00 AM","Maryland (State) Route","FREDERICK RD",,,,"Pedestrian","Single Vehicle","Fog, Smog, Smoke","Dry","Dark - Lighted","Flashing Traffic Control Signal","Suspect of Alcohol Use, Unknown","Suspect of Alcohol Use, Unknown","AE5CB8F3-F83D-4482-B847-3D79F80F66A9","Pedestrian","Standing","In Roadway Improperly (Standing, Lying, Working, Playing)","Travel Lane Other Location","No","Fatal Injury","None","39.1127206","-77.16205086","    (39.1127206, -77.16205086)"
"MCP3068006D","250026884","MONTGOMERY","Injury Crash","06/16/2025 04:17:00 PM","County Route","NO NAME","GRUBB RD",,,"Pedestrian","Single Vehicle","Rain","Wet","Daylight","Traffic Control Signal","Not Suspect of Alcohol Use, Not Suspect of Drug Use","Not Suspect of Alcohol Use, Not Suspect of Drug Use","184E02FD-D7B9-42B1-8A87-BE1267D05337","Pedestrian","Cross/Enter at Intersection","Dart/Dash","Intersection Marked Crosswalk","Yes","Suspected Minor Injury","None","38.993744","-77.05184567","    (38.993744, -77.05184567)"
"MCP33580034","250026786","MONTGOMERY","Injury Crash","06/16/2025 09:01:00 AM","Municipality Route","THE HILLS PLAZA","S PARK AVE",,,"Pedestrian","Single Vehicle","Cloudy","Wet","Daylight","Stop Sign","Not Suspect of Alcohol Use, Not Suspect of Drug Use","Not Suspect of Alcohol Use, Not Suspect of Drug Use","481BA9E6-DA5B-413F-9467-A1DC0E0ADA30","Pedestrian","Cross/Enter at Intersection","None (No Improper Action)","Intersection Marked Crosswalk","No","Suspected Minor Injury","None","38.96332483","-77.08817482","    (38.96332483, -77.08817482)"
"MCP3126006N","250026708","MONTGOMERY","Injury Crash","06/15/2025 03:28:00 PM","Local Route","COUNTRY SQUIRE WAY","COUNTRY SQUIRE WAY NEWCUT RD",,,"Scooter (electric)","Single Vehicle","Clear","Dry","Daylight","Stop Sign","Not Suspect of Alcohol Use, Not Suspect of Drug Use","Not Suspect of Alcohol Use, Not Suspect of Drug Use","B98AB4C8-AE5C-49D5-BF00-91055326DE85","Scooter (electric)","Cross/Enter at Intersection","Failure to Yield Right-Of-Way, None (No Improper Action)","Intersection Unmarked Crosswalk","No","Suspected Minor Injury","None","39.22888005","-77.24959561","    (39.22888005, -77.24959561)"
"MCP3126006N","250026708","MONTGOMERY","Injury Crash","06/15/2025 03:28:00 PM","Local Route","COUNTRY SQUIRE WAY","COUNTRY SQUIRE WAY NEWCUT RD",,,"Scooter (electric)","Single Vehicle","Clear","Dry","Daylight","Stop Sign","Not Suspect of Alcohol Use, Not Suspect of Drug Use","Not Suspect of Alcohol Use, Not Suspect of Drug Use","9885A6CA-7FD0-41B7-B402-38DAAF7992DE","Scooter (electric)","Cross/Enter at Intersection","Failure to Yield Right-Of-Way, None (No Improper Action)","Intersection Unmarked Crosswalk","Yes","Suspected Minor Injury","None","39.22888005","-77.24959561","    (39.22888005, -77.24959561)"
"MCP3079007B","250026687","MONTGOMERY","Injury Crash","06/15/2025 11:00:00 AM","County Route","MIDDLEBROOK RD","GERMANTOWN RD (SB/L)",,,"Cyclist (non-electric)","Single Vehicle","Clear","Dry","Daylight","Traffic Control Signal","Not Suspect of Alcohol Use, Not Suspect of Drug Use","Not Suspect of Alcohol Use, Not Suspect of Drug Use","53FD185B-6151-439C-91D7-5EB477FB26E8","Cyclist (non-electric)","Cross/Enter at Intersection","None (No Improper Action)","Intersection Marked Crosswalk","No","Possible Injury","None","39.17882657","-77.26751501","    (39.17882657, -77.26751501)"
"MCP3163008T","250027815","MONTGOMERY","Injury Crash","06/13/2025 07:50:00 PM","Maryland (State) Route","UNIVERSITY BLVD W","DRUMM AVE",,,"Pedestrian","Single Vehicle","Clear","Dry","Daylight","Pedestrian Crossing","Unknown, Unknown","Not Suspect of Alcohol Use, Not Suspect of Drug Use","B2686BDB-A713-4F69-AD57-136D886079F5","Pedestrian","Cross/Enter at Intersection","None (No Improper Action)","Intersection Marked Crosswalk","No","Suspected Minor Injury","None","39.03679314","-77.06147663","    (39.03679314, -77.06147663)"
"MCP3050006P","250026441","MONTGOMERY","Injury Crash","06/13/2025 03:10:00 PM","Private Route",,,,,"Cyclist (non-electric)","Single Vehicle","Clear","Dry","Daylight","Stop Sign","Unknown, Unknown","Not Suspect of Alcohol Use, Not Suspect of Drug Use","D4D68A3D-3E55-4531-B187-8D9E09A76A22","Cyclist (non-electric)","Other","None (No Improper Action)","Midblock Marked Crosswalk","No","Possible Injury","Unknown","39.10118898","-77.07573585","    (39.10118898, -77.07573585)"
"MCP3438000P","250026404","MONTGOMERY","Injury Crash","06/13/2025 01:05:00 PM","County Route","STRATHMORE ST","WOODMONT AVE",,,"Pedestrian","Single Vehicle","Clear","Dry","Daylight","Stop Sign","Not Suspect of Alcohol Use, Not Suspect of Drug Use","Not Suspect of Alcohol Use, Not Suspect of Drug Use","7FC8118C-A3FE-478E-88E3-148F5E1B1E95","Pedestrian","Cross/Enter at Intersection","None (No Improper Action)","Intersection Marked Crosswalk","No","Suspected Minor Injury","None","38.97993183","-77.09324767","    (38.97993183, -77.09324767)"
"EJ7913000K","250026302","GAITHERSBURG","Injury Crash","06/12/2025 09:13:00 PM","Municipality Route","E DIAMOND AVE","N SUMMIT AVE S SUMMIT AVE",,,"Pedestrian","Single Vehicle","Clear","Dry","Dark - Lighted","Traffic Control Signal","Not Suspect of Alcohol Use, Not Suspect of Drug Use","Not Suspect of Alcohol Use, Not Suspect of Drug Use","F39EDF62-83D0-485A-9F4F-B85141A5F4F7","Pedestrian","Cross/Enter at Intersection","Failure to Yield Right-Of-Way","Intersection Marked Crosswalk","Yes","Possible Injury","None","39.14222414","-77.19334541","    (39.14222414, -77.19334541)"
"MCP3411002F","250026292","MONTGOMERY","Injury Crash","06/12/2025 08:30:00 PM","County Route","HILLMEAD RD",,,,"Pedestrian","Single Vehicle","Clear","Dry","Daylight","No Controls",,"Not Suspect of Alcohol Use, Not Suspect of Drug Use","EBE0C050-77D9-42CD-AE62-3FA231C25B28","Pedestrian","Standing","None (No Improper Action)","Shoulder/Roadside","Yes","Possible Injury","None","39.00165483","-77.130653","    (39.00165483, -77.130653)"
"MCP2356004J","250026255","MONTGOMERY","Injury Crash","06/12/2025 05:15:00 PM","Bicycle Route",,"REDLAND RD",,,"Pedestrian","Single Vehicle","Clear","Dry","Daylight","Traffic Control Signal","Not Suspect of Alcohol Use, Not Suspect of Drug Use","Not Suspect of Alcohol Use, Not Suspect of Drug Use","FAA11F06-878B-446A-93E2-0C8B4472CDDF","Pedestrian","Cross/Enter at Intersection","None (No Improper Action)","Intersection Marked Crosswalk","No","Suspected Minor Injury","None","39.11999006","-77.15984766","    (39.11999006, -77.15984766)"
"MCP3426001Y","250026201","MONTGOMERY","Injury Crash","06/12/2025 07:00:00 AM","County Route","LINDEN AVE","POOKS HILL RD",,,"Pedestrian","Single Vehicle","Clear","Dry","Daylight","Stop Sign","Not Suspect of Alcohol Use, Not Suspect of Drug Use","Not Suspect of Alcohol Use, Not Suspect of Drug Use","4D79D149-820E-4125-A63E-3A6AA1A9472E","Pedestrian","Cross/Enter at Intersection","None (No Improper Action)","Intersection Marked Crosswalk","No","Possible Injury","None","39.01425441","-77.10618723","    (39.01425441, -77.10618723)"
"MCP312900CW","250025829","MONTGOMERY","Property Damage Crash","06/10/2025 10:27:00 AM","Private Route",,,,,"Other Pedestrian (person in a building, skater, personal conveyance, etc.)","Single Vehicle","Clear","Dry","Daylight","No Controls","Not Suspect of Alcohol Use, Not Suspect of Drug Use, Not Suspect of Alcohol Use, Not Suspect of Drug Use","Not Suspect of Alcohol Use, Not Suspect of Drug Use","2F8F658B-3406-4080-B74C-33F35C23A5C6","Other Pedestrian (person in a building, skater, personal conveyance, etc.)","None","None (No Improper Action)","Other","No","No Apparent Injury","None","39.09486797","-77.07085314","    (39.09486797, -77.07085314)"
"MCP3233005P","250025696","MONTGOMERY","Injury Crash","06/09/2025 02:50:00 PM","County Route","TIMBERWOOD AVE",,,,"Pedestrian","Single Vehicle","Clear","Dry","Daylight","Pedestrian Crossing","Not Suspect of Alcohol Use, Not Suspect of Drug Use","Not Suspect of Alcohol Use, Not Suspect of Drug Use","4F5B2534-8F92-4391-A1C6-C2F4EA882B1A","Pedestrian","Cross/Enter at Intersection","None (No Improper Action)","Intersection Marked Crosswalk","No","Suspected Minor Injury","None","39.02151501","-77.01165768","    (39.02151501, -77.01165768)"
"DD5538005D","250025612","ROCKVILLE","Injury Crash","06/09/2025 08:18:00 AM","Maryland (State) Route","FIRST ST","VEIRS MILL RD",,,"Scooter (electric)","Single Vehicle","Cloudy","Dry","Daylight","Traffic Control Signal","Not Suspect of Alcohol Use, Not Suspect of Drug Use","Not Suspect of Alcohol Use, Not Suspect of Drug Use","48953ACC-15B5-4513-99CC-0AFD4A8007D1","Scooter (electric)","Cross/Enter at Intersection","Other","Intersection Marked Crosswalk","Yes","Suspected Minor Injury","None","39.07966761","-77.13775854","    (39.07966761, -77.13775854)"
"MCP913000L0","250025487","MONTGOMERY","Injury Crash","06/08/2025 08:01:00 AM",,,,"Parking Lot Way        PARKING LOT OF MCDONALDS 106 UNIVERSITY BLVD W SILVER SPRING, MD 20901",,"Pedestrian","Single Vehicle","Cloudy",,"Daylight",,"Not Suspect of Alcohol Use, Not Suspect of Drug Use","Not Suspect of Alcohol Use, Not Suspect of Drug Use","7370707D-36CD-4B00-892D-AADA8D40B025","Pedestrian","Other","None (No Improper Action)","Other","No","Suspected Minor Injury","None","39.02046125","-77.01368648","    (39.02046125, -77.01368648)"
"MCP2662003B","250025412","MONTGOMERY","Injury Crash","06/07/2025 04:47:00 PM","County Route","YELLOWWOOD DR","ALLEY CUT THRU CUT",,,"Cyclist (non-electric)","Single Vehicle","Cloudy","Dry","Daylight","Stop Sign","Not Suspect of Alcohol Use, Not Suspect of Drug Use","Not Suspect of Alcohol Use, Not Suspect of Drug Use","3CD253A1-9B4D-4CE9-972E-D0052DA73DE3","Cyclist (non-electric)","Cross/Enter at Intersection","Failure to Obey Traffic Signs, Signals, or Officer, Failure to Yield Right-Of-Way","Driveway Access","Yes","Suspected Minor Injury","Helmet","39.235268","-77.23938533","    (39.235268, -77.23938533)"
"MCP203900CM","250025014","MONTGOMERY","Injury Crash","06/05/2025 08:31:00 AM","Local Route","INDEPENDENCE ST","CONNECTICUT AVE",,,"Cyclist (non-electric)","Single Vehicle","Cloudy","Dry","Daylight","Traffic Control Signal","Not Suspect of Alcohol Use, Not Suspect of Drug Use","Not Suspect of Alcohol Use, Not Suspect of Drug Use","2F48D71F-9BD8-434B-B8F9-34FD202E53CA","Cyclist (non-electric)","Cross/Enter at Intersection","None (No Improper Action)","Intersection Marked Crosswalk","No","Suspected Minor Injury","None","39.07631632","-77.08050136","    (39.07631632, -77.08050136)"
"DD5668001S","250024969","ROCKVILLE","Injury Crash","06/04/2025 09:13:00 PM","Municipality Route","NELSON ST",,,,"Pedestrian","Single Vehicle","Clear","Dry","Dark - Lighted","Pedestrian Crossing Sign","Suspect of Alcohol Use, Not Suspect of Drug Use","Not Suspect of Alcohol Use, Not Suspect of Drug Use","949B7899-F824-45DD-8FBB-A104C244BBAE","Pedestrian","Cross/Enter at Intersection","None (No Improper Action)","Intersection Marked Crosswalk","No","Suspected Minor Injury","None","39.09193917","-77.17372029","    (39.09193917, -77.17372029)"
"MCP3395003G","250024826","MONTGOMERY","Property Damage Crash","06/04/2025 09:59:00 AM",,,,"Parking Lot Way        8484 16TH ST PARKING LOT",,"Cyclist (Electric)","Single Vehicle","Clear",,"Daylight",,"Not Suspect of Alcohol Use, Not Suspect of Drug Use","Not Suspect of Alcohol Use, Not Suspect of Drug Use","3AE19CC2-B156-40B8-9678-13FFA88B2BA6","Cyclist (Electric)","Unknown","Other","Other","Yes","No Apparent Injury","Helmet","38.99545662","-77.03704674","    (38.99545662, -77.03704674)"
"DD56690018","250024772","ROCKVILLE","Injury Crash","06/03/2025 08:11:00 PM",,,,"Parking Lot Way        PARKING LOT AREA.",,"Pedestrian","Single Vehicle","Clear",,"Daylight",,"Unknown, Unknown","Not Suspect of Alcohol Use, Not Suspect of Drug Use","71BAC57A-A9CB-4C25-B91E-586AB264753F","Pedestrian","Cross/Enter Not at Intersection","None (No Improper Action)","Driveway Access","No","Suspected Minor Injury","None","39.0908808","-77.1519553","    (39.0908808, -77.1519553)"
"MCP3456000N","250024340","MONTGOMERY","Fatal Crash","06/01/2025 01:57:00 PM","Private Route",,,,,"Cyclist (non-electric)","Single Vehicle","Cloudy","Dry","Daylight","No Controls","Not Suspect of Alcohol Use, Not Suspect of Drug Use","Not Suspect of Alcohol Use, Not Suspect of Drug Use","6941AA9C-3E17-4643-BF6B-5BBD64CE5DDF","Cyclist (non-electric)","Walking/Cycling Along Roadway With Traffic (In or Adjacent to Travel Lane)","Unknown","Travel Lane Other Location","No","Fatal Injury","Helmet, Lighting, Protective Pads (elbows, knees, shins, etc.), Reflective Wear (backpack, triangles, etc.)","39.10823815","-77.07324083","    (39.10823815, -77.07324083)"
"MCP30670035","250024332","MONTGOMERY","Injury Crash","06/01/2025 01:00:00 PM",,,,"Driveway        18801 SHREMORE DRIVE DERWOOD MD 20855",,"Pedestrian","Single Vehicle","Clear",,"Daylight",,"Not Suspect of Alcohol Use, Not Suspect of Drug Use","Not Suspect of Alcohol Use, Not Suspect of Drug Use","72070F72-D52A-4100-A168-DFEE61F04D04","Pedestrian","None","In Roadway Improperly (Standing, Lying, Working, Playing), Other","Driveway Access","No","Suspected Minor Injury","None","39.16390915","-77.1133819","    (39.16390915, -77.1133819)"
"MCP304800DX","250024313","MONTGOMERY","Injury Crash","06/01/2025 10:00:00 AM","Maryland (State) Route","ROCKVILLE PIKE (SB/L)","GOLF LA",,,"Cyclist (non-electric)","Single Vehicle","Clear","Dry","Daylight","Stop Sign","Not Suspect of Alcohol Use, Not Suspect of Drug Use","Not Suspect of Alcohol Use, Not Suspect of Drug Use","9E200A95-0A51-49D4-94C9-4D1630658BDB","Cyclist (non-electric)","Cross/Enter at Intersection","None (No Improper Action)","Intersection Unmarked Crosswalk","No","Suspected Minor Injury","Helmet","39.03703533","-77.1080595","    (39.03703533, -77.1080595)"
"DM8490003F","250024301","TAKOMA","Property Damage Crash","06/01/2025 05:51:00 AM","Municipality Route","LINCOLN AVE",,,,"Unknown","Single Vehicle","Unknown","Dry","Daylight","Stop Sign","Unknown, Unknown","Not Suspect of Alcohol Use, Not Suspect of Drug Use","C5CE9D78-CD3E-4BF1-AA0D-2BE832F44595","Unknown","None","Unknown","Unknown","No","No Apparent Injury","Unknown","38.9810075","-77.0023468","    (38.9810075, -77.0023468)"
"MCP3436000L","250023549","MONTGOMERY","Injury Crash","05/29/2025 06:00:00 PM","County Route","HIDDEN VALLEY LA",,,,"Cyclist (non-electric)","Single Vehicle","Clear","Dry","Daylight","No Controls","Not Suspect of Alcohol Use, Not Suspect of Drug Use","Not Suspect of Alcohol Use, Not Suspect of Drug Use","03F12FEF-6B1B-4896-8071-91251B5C56C0","Cyclist (non-electric)","Walking/Cycling Along Roadway With Traffic (In or Adjacent to Travel Lane)","None (No Improper Action)","Other","No","Suspected Minor Injury","Helmet","39.07257664","-76.96414316","    (39.07257664, -76.96414316)"
"DM8522004F","250032881","TAKOMA","Property Damage Crash","05/29/2025 03:10:00 PM","Maryland (State) Route","NEW HAMPSHIRE AVE (SB/L)","GLENSIDE DR",,,"Cyclist (Electric)","Single Vehicle","Clear","Dry","Daylight","Traffic Control Signal","Not Suspect of Alcohol Use, Not Suspect of Drug Use","Not Suspect of Alcohol Use, Not Suspect of Drug Use","80812865-F5D7-4958-89A6-DB4FD7147762","Cyclist (Electric)","Cross/Enter at Intersection","None (No Improper Action)","Intersection Marked Crosswalk","No","No Apparent Injury","Helmet","38.9816261","-76.98898662","    (38.9816261, -76.98898662)"
"DD5674001H","250023796","ROCKVILLE","Injury Crash","05/29/2025 10:09:00 AM","Maryland (State) Route","FREDERICK RD",,,,"Pedestrian","Single Vehicle","Cloudy","Dry","Daylight","No Controls","Not Suspect of Alcohol Use, Not Suspect of Drug Use","Unknown, Unknown","AA802547-FF02-43AF-8950-E663248A490E","Pedestrian","Walking/Cycling Along Roadway Against Traffic (In or Adjacent to Travel Lane)","None (No Improper Action)","Sidewalk","No","Suspected Minor Injury","None","39.11020885","-77.16039041","    (39.11020885, -77.16039041)"
"MCP1086000L","250023816","MONTGOMERY","Injury Crash","05/29/2025 07:45:00 AM",,,,"Parking Aisle        UPPER PARKING LOT AT NORTHWEST HIGH SCHOOL.",,"Pedestrian","Single Vehicle","Cloudy",,"Daylight",,"Not Suspect of Alcohol Use, Not Suspect of Drug Use","Not Suspect of Alcohol Use, Not Suspect of Drug Use","E60B23C7-191C-424C-AC1C-4E1CEB973CDD","Pedestrian","Other","Entering/Exiting Parked/Standing Vehicle, Failure to Yield Right-Of-Way, Inattentive (Talking, Eating, etc.)","Other","No","Suspected Minor Injury","None","39.1517401","-77.28177249","    (39.1517401, -77.28177249)"
"MCP33860030","250023685","MONTGOMERY","Injury Crash","05/28/2025 03:00:00 PM","Maryland (State) Route",,,,,"Pedestrian","Single Vehicle","Rain","Wet","Daylight","Traffic Control Signal","Not Suspect of Alcohol Use, Not Suspect of Drug Use","Not Suspect of Alcohol Use, Not Suspect of Drug Use","4A73F613-58AF-419F-B850-8BAA73111C36","Pedestrian","Cross/Enter Not at Intersection","In Roadway Improperly (Standing, Lying, Working, Playing)","Travel Lane Other Location","No","Suspected Minor Injury","None","38.99487788","-77.04531908","    (38.99487788, -77.04531908)"
"MCP3460000F","250023413","MONTGOMERY","Injury Crash","05/27/2025 08:41:00 AM","County Route","EWING DR","GREENTREE RD",,,"Pedestrian","Angle","Clear","Dry","Daylight","No Controls","Not Suspect of Alcohol Use, Not Suspect of Drug Use, Not Suspect of Alcohol Use, Not Suspect of Drug Use","Not Suspect of Alcohol Use, Not Suspect of Drug Use","A013246C-B28E-4BC0-8615-44B7ABA9F1F1","Pedestrian","Walking/Cycling on Sidewalk","None (No Improper Action)","Shared Use Path or Trail","No","Suspected Serious Injury","Unknown","39.0012327","-77.12319255","    (39.0012327, -77.12319255)"
"MCP3460000F","250023413","MONTGOMERY","Injury Crash","05/27/2025 08:41:00 AM","County Route","EWING DR","GREENTREE RD",,,"Pedestrian","Angle","Clear","Dry","Daylight","Stop Sign","Not Suspect of Alcohol Use, Not Suspect of Drug Use, Not Suspect of Alcohol Use, Not Suspect of Drug Use","Not Suspect of Alcohol Use, Not Suspect of Drug Use","A013246C-B28E-4BC0-8615-44B7ABA9F1F1","Pedestrian","Walking/Cycling on Sidewalk","None (No Improper Action)","Shared Use Path or Trail","No","Suspected Serious Injury","Unknown","39.0012327","-77.12319255","    (39.0012327, -77.12319255)"
"MCP3431000T","250023301","MONTGOMERY","Injury Crash","05/26/2025 02:30:00 PM","Private Route",,,,,"Scooter (non-Electric)","Single Vehicle","Clear","Dry","Daylight","No Controls","Not Suspect of Alcohol Use, Not Suspect of Drug Use","Not Suspect of Alcohol Use, Not Suspect of Drug Use","CBC8D7E2-F65D-4338-B66F-308816D12428","Scooter (non-Electric)","Unknown","Unknown","Other","No","Suspected Minor Injury","None","39.16660202","-77.28694648","    (39.16660202, -77.28694648)"
"MCP3328004S","250023227","MONTGOMERY","Injury Crash","05/25/2025 09:00:00 PM","Maryland (State) Route","VEIRS MILL RD (WB/L)",,,,"Pedestrian","Single Vehicle","Clear","Dry","Dark - Lighted","Pedestrian Crossing Sign","Not Suspect of Alcohol Use, Not Suspect of Drug Use","Suspect of Alcohol Use, Not Suspect of Drug Use","81D80606-A115-42C6-BFA2-A28E6A8DAA01","Pedestrian","Cross/Enter Not at Intersection","Dart/Dash, Failure to Yield Right-Of-Way, Not Visible (Dark Clothing, No Lighting, etc.)","Travel Lane Other Location","Yes","Suspected Serious Injury","None","39.04417177","-77.06320304","    (39.04417177, -77.06320304)"
"DM84790024","250023088","TAKOMA","Injury Crash","05/24/2025 07:59:00 PM","Maryland (State) Route","CARROLL AVE","FLOWER AVE",,,"Cyclist (Electric)","Single Vehicle","Clear","Dry","Daylight","Traffic Control Signal","Not Suspect of Alcohol Use, Not Suspect of Drug Use","Not Suspect of Alcohol Use, Not Suspect of Drug Use","AE147615-2C08-43D5-8581-794C2F6CD885","Cyclist (Electric)","Cross/Enter at Intersection","Failure to Obey Traffic Signs, Signals, or Officer, Failure to Yield Right-Of-Way","Intersection Marked Crosswalk","Yes","Suspected Minor Injury","None","38.98479604","-76.99852955","    (38.98479604, -76.99852955)"
"MCP3423001V","250023054","MONTGOMERY","Injury Crash","05/24/2025 04:45:00 PM","County Route","INDIAN SPRING DR",,,,"Pedestrian","Single Vehicle","Clear","Dry","Daylight","No Controls","Not Suspect of Alcohol Use, Not Suspect of Drug Use","Not Suspect of Alcohol Use, Not Suspect of Drug Use","ED57D443-99E9-4752-8274-95718219DB37","Pedestrian","Standing","None (No Improper Action)","Driveway Access","No","Possible Injury","None","39.01569335","-76.99779933","    (39.01569335, -76.99779933)"
"MCP2939007Q","250022932","MONTGOMERY","Injury Crash","05/23/2025 07:05:00 PM","County Route","NEWCUT RD","SNOWDEN FARM PKW (WB/L)Y",,,"Cyclist (non-electric)","Single Vehicle","Clear","Dry","Daylight","Traffic Control Signal","Not Suspect of Alcohol Use, Not Suspect of Drug Use","Unknown, Unknown","B592A5CD-7C5C-4140-A53A-7484ECE35666","Cyclist (non-electric)","Cross/Enter at Intersection","Failure to Obey Traffic Signs, Signals, or Officer, Inattentive (Talking, Eating, etc.), Other","Intersection Other","Yes","Suspected Minor Injury","None","39.22833993","-77.2501832","    (39.22833993, -77.2501832)"
"MCP299100BF","250022852","MONTGOMERY","Injury Crash","05/23/2025 11:00:00 AM","County Route","SAHALEA TERR",,,,"Unknown","Single Vehicle","Clear","Dry","Daylight","No Controls","Not Suspect of Alcohol Use, Not Suspect of Drug Use","Not Suspect of Alcohol Use, Not Suspect of Drug Use","EB5A719B-5B91-433B-B834-9EE3E691B95F","Unknown","Other Working","Other","Other","No","Possible Injury","Other","39.12668267","-76.9689055","    (39.12668267, -76.9689055)"