"Report Number","Local Case Number","Agency Name","ACRS Report Type","Crash Date/Time","Route Type","Road Name","Cross-Street Name","Off-Road Description","Municipality","Related Non-Motorist","Collision Type","Weather","Surface Condition","Light","Traffic Control","Driver Substance Abuse","Non-Motorist Substance Abuse","Person ID","Pedestrian Type","Pedestrian Movement","Pedestrian Actions","Pedestrian Location","At Fault","Injury Severity","Safety Equipment","Latitude","Longitude","Location"
"MCP27520074","250022783","MONTGOMERY","Injury Crash","05/22/2025 08:38:00 PM","County Route","SEVEN LOCKS RD","TUCKERMAN LA",,,"Pedestrian","Single Vehicle","Rain","Wet","Daylight","Traffic Control Signal","Not Suspect of Alcohol Use, Not Suspect of Drug Use","Not Suspect of Alcohol Use, Not Suspect of Drug Use","93F0AB03-FBE3-4003-967C-3524511CA6A3","Pedestrian","Cross/Enter at Intersection","Dart/Dash","Intersection Marked Crosswalk","No","Suspected Minor Injury","None","39.04090039","-77.15924","    (39.04090039, -77.15924)"
"MCP2756006S","250022742","MONTGOMERY","Injury Crash","05/22/2025 04:48:00 PM",,,,"Parking Lot Way        REAR PARKING LOT OF 11135 NEWPORT MILL RD.",,"Pedestrian","Single Vehicle","Rain",,"Daylight",,"Not Suspect of Alcohol Use, Not Suspect of Drug Use","Not Suspect of Alcohol Use, Not Suspect of Drug Use","ED8B3616-BD39-40ED-8DB6-6C2BD39B536D","Pedestrian","Other","None (No Improper Action)","Other","No","Possible Injury","None","39.04001893","-77.06655832","    (39.04001893, -77.06655832)"
"MCP3387002P","250022656","MONTGOMERY","Injury Crash","05/22/2025 10:17:00 AM",,,,"Alley        ALLEY BEHIND TECH RD SHOPPING CENTER",,"Pedestrian","Single Vehicle","Rain",,"Daylight",,"Not Suspect of Alcohol Use, Not Suspect of Drug Use","Not Suspect of Alcohol Use, Not Suspect of Drug Use","17284F14-4D3C-4DD0-B55E-2DE5DE9583D6","Pedestrian","Cross/Enter Not at Intersection","Failure to Yield Right-Of-Way","NonTrafficway Area","Yes","Suspected Minor Injury","None","39.05758728","-76.96672413","    (39.05758728, -76.96672413)"
"EJ7894005V","250022671","GAITHERSBURG","Injury Crash","05/21/2025 10:30:00 AM","Municipality Route","CHRISTOPHER AVE",,,,"Pedestrian","Single Vehicle","Rain","Wet","Daylight","No Controls","Not Suspect of Alcohol Use, Not Suspect of Drug Use","Not Suspect of Alcohol Use, Not Suspect of Drug Use","EEA17A12-F314-4C7A-8FA8-769629E31DC9","Pedestrian","Other","None (No Improper Action)","Other","No","Possible Injury","None","39.15672888","-77.21458782","    (39.15672888, -77.21458782)"
"DD56690017","250022434","ROCKVILLE","Injury Crash","05/20/2025 11:24:00 PM","Municipality Route","FIRST ST",,,,"Pedestrian","Front to Rear","Clear","Dry","Dark - Lighted","No Controls","Unknown, Unknown","Not Suspect of Alcohol Use, Not Suspect of Drug Use","56F9AAE2-09D8-4330-A44C-58A0AF791A5E","Pedestrian","Other","Other","Other","No","Suspected Minor Injury","None","39.0887569","-77.1361305","    (39.0887569, -77.1361305)"
"MCP3050006M","250022405","MONTGOMERY","Injury Crash","05/20/2025 07:33:00 PM","County Route","GLENALLAN AVE (WB/L)",,,,"Pedestrian","Single Vehicle","Clear","Dry","Daylight","Traffic Control Signal","Not Suspect of Alcohol Use, Not Suspect of Drug Use, Unknown, Unknown","Not Suspect of Alcohol Use, Not Suspect of Drug Use","7794B5B4-3EAD-4769-A402-60AFD2D33F2C","Pedestrian","Cross/Enter at Intersection","Dart/Dash, Failure to Yield Right-Of-Way","Intersection Marked Crosswalk","No","Possible Injury","None","39.06317325","-77.0544775","    (39.06317325, -77.0544775)"
"MCP285300B6","250022228","MONTGOMERY","Injury Crash","05/19/2025 09:06:00 PM","US (State)","COLUMBIA PIKE",,,,"Pedestrian","Single Vehicle","Clear","Dry","Dark - Lighted","No Controls","Not Suspect of Alcohol Use, Not Suspect of Drug Use","Suspect of Alcohol Use, Not Suspect of Drug Use","BE394FB4-2A91-4F51-8D40-C53F5983C88C","Pedestrian","Walking/Cycling on Sidewalk","In Roadway Improperly (Standing, Lying, Working, Playing)","Sidewalk","No","Possible Injury","None","39.032216","-77.00361283","    (39.032216, -77.00361283)"
"MCP33900023","250022171","MONTGOMERY","Injury Crash","05/19/2025 04:01:00 PM","Local Route","DEERWATER DR",,,,"Pedestrian","Unknown","Clear","Dry","Daylight","No Controls","Unknown, Unknown","Not Suspect of Alcohol Use, Not Suspect of Drug Use","BAF052D5-9B92-400A-A047-3F142EA43F51","Pedestrian","Cross/Enter Not at Intersection","Dart/Dash","Travel Lane Other Location","No","Suspected Minor Injury","None","39.1919257","-77.2800692","    (39.1919257, -77.2800692)"
"DD5673001V","250022139","ROCKVILLE","Injury Crash","05/19/2025 02:23:00 PM",,,,"Private Road        PARKING LOT AT FLAGSHIP CAR WASH",,"Pedestrian","Single Vehicle","Clear",,"Daylight",,"Not Suspect of Alcohol Use, Not Suspect of Drug Use","Not Suspect of Alcohol Use, Not Suspect of Drug Use","F3211CD6-C692-4B79-86D0-03865E96383E","Pedestrian","Standing","None (No Improper Action)","Other","No","Suspected Minor Injury","None","39.0578314","-77.11629767","    (39.0578314, -77.11629767)"
"MCP2231008P","250022097","MONTGOMERY","Injury Crash","05/19/2025 10:58:00 AM",,,,"Driveway        PARKING LOT OF 438 N FREDERICK AVE",,"Pedestrian","Single Vehicle","Clear",,"Daylight",,"Not Suspect of Alcohol Use, Not Suspect of Drug Use","Not Suspect of Alcohol Use, Not Suspect of Drug Use","1448F03F-7AB0-48F7-BA73-379C7C1CF8E2","Pedestrian","Walking/Cycling on Sidewalk","None (No Improper Action)","Sidewalk","No","Suspected Minor Injury","None","39.14771349","-77.20618924","    (39.14771349, -77.20618924)"
"MCP91180059","250022019","MONTGOMERY","Injury Crash","05/18/2025 10:28:00 PM","County Route","CENTERHILL ST","VEIRS MILL RD (WB/L)",,,"Pedestrian","Single Vehicle","Clear","Dry","Dark - Unknown Lighting","Stop Sign","Not Suspect of Alcohol Use, Not Suspect of Drug Use","Not Suspect of Alcohol Use, Not Suspect of Drug Use","0B6DA1FF-C0B8-4307-B2DA-655DF0012EDB","Pedestrian","Cross/Enter at Intersection","Unknown","Intersection Marked Crosswalk","No","Possible Injury","None","39.05041779","-77.07256584","    (39.05041779, -77.07256584)"
"MCP2270004S","250021950","MONTGOMERY","Injury Crash","05/18/2025 11:00:00 AM",,,,"Parking Lot Way        SHELL GAS STATION
300 EAST GUDE DRIVE
ROCKVILLE, MD 20850",,"Pedestrian","Single Vehicle","Clear",,"Daylight",,"Not Suspect of Alcohol Use, Not Suspect of Drug Use","Not Suspect of Alcohol Use, Not Suspect of Drug Use","AE04CE2D-B2A9-4B64-B242-C63AB7421D00","Pedestrian","Walking/Cycling Along Roadway With Traffic (In or Adjacent to Travel Lane)","None (No Improper Action)","Driveway Access","No","Suspected Serious Injury","None","39.10617971","-77.15167737","    (39.10617971, -77.15167737)"
"MCP30770025","250021529","MONTGOMERY","Injury Crash","05/15/2025 08:55:00 PM","County Route","TOWN COMMONS BLVD","CENTURY BLVD",,,"Pedestrian","Single Vehicle","Clear","Dry","Dark - Lighted","Pedestrian Crossing","Not Suspect of Alcohol Use, Not Suspect of Drug Use","Not Suspect of Alcohol Use, Not Suspect of Drug Use","F23AB700-1079-4BEF-8897-6EC7A5A0CD6A","Pedestrian","Cross/Enter at Intersection","None (No Improper Action)","Intersection Marked Crosswalk","No","Suspected Minor Injury","None","39.18107375","-77.2671538","    (39.18107375, -77.2671538)"
"MCP22980173","250021436","MONTGOMERY","Injury Crash","05/15/2025 01:27:00 PM","County Route","ASPEN HILL RD","CONNECTICUT AVE (SB/L)",,,"Cyclist (Electric)","Unknown","Clear","Dry","Daylight","Traffic Control Signal","Not Suspect of Alcohol Use, Not Suspect of Drug Use","Not Suspect of Alcohol Use, Not Suspect of Drug Use","358F002A-D8F5-4721-814A-F86041BACED6","Cyclist (Electric)","Walking/Cycling Along Roadway Against Traffic (In or Adjacent to Travel Lane)","Failure to Yield Right-Of-Way","Intersection Other","Yes","Suspected Minor Injury","None","39.08023256","-77.08076385","    (39.08023256, -77.08076385)"
"MCP3052004K","250021433","MONTGOMERY","Injury Crash","05/15/2025 11:00:00 AM","County Route",,,,,"Cyclist (Electric)","Single Vehicle","Clear","Dry","Daylight","No Controls","Not Suspect of Alcohol Use, Not Suspect of Drug Use","Not Suspect of Alcohol Use, Not Suspect of Drug Use","A08CA3D1-D5F7-4C91-B642-FF616A5B9BCA","Cyclist (Electric)","Walking/Cycling on Sidewalk","Failure to Obey Traffic Signs, Signals, or Officer, Not Visible (Dark Clothing, No Lighting, etc.), Wrong-Way Riding or Walking","Driveway Access","Yes","Possible Injury","None","39.1677852","-77.17428102","    (39.1677852, -77.17428102)"
"MCP3208006W","250021341","MONTGOMERY","Injury Crash","05/14/2025 11:00:00 PM","County Route","FENTON ST","SLIGO AVE",,,"Pedestrian","Single Vehicle","Clear",,"Unknown","Traffic Control Signal","Unknown, Unknown","Suspect of Alcohol Use, Not Suspect of Drug Use","8E5F4660-66C0-4D1D-A24C-8C7CDEB8C1A6","Pedestrian","Cross/Enter at Intersection","Unknown","Intersection Marked Crosswalk","No","Suspected Minor Injury","None","38.99019397","-77.02389503","    (38.99019397, -77.02389503)"
"MCP2181005J","250021195","MONTGOMERY","Fatal Crash","05/14/2025 05:31:00 AM","Other Public Roadway","W WATKINS MILL RD",,,,"Pedestrian","Single Vehicle","Rain","Wet","Dark - Lighted","Flashing Traffic Control Signal","Unknown, Unknown","Unknown, Unknown","7D47DB54-F9FA-4B8F-8EE4-22009215FC41","Pedestrian","Cross/Enter at Intersection","Unknown","Intersection Marked Crosswalk","No","Fatal Injury","None","39.15797194","-77.22180418","    (39.15797194, -77.22180418)"
"MCP3305004F","250021000","MONTGOMERY","Injury Crash","05/12/2025 09:20:00 PM","County Route","SCHINDLER DR","NEW HAMPSHIRE AVE (SB/L)",,,"Pedestrian","Single Vehicle","Cloudy","Wet","Dark - Not Lighted","Traffic Control Signal","Not Suspect of Alcohol Use, Not Suspect of Drug Use","Not Suspect of Alcohol Use, Not Suspect of Drug Use","E4DDFBF8-CD88-4CCF-A574-FDB30CA78EC9","Pedestrian","Cross/Enter at Intersection","Unknown","Intersection Marked Crosswalk","No","Suspected Minor Injury","None","39.03343794","-76.986232","    (39.03343794, -76.986232)"
"EJ7891002F","250020676","GAITHERSBURG","Injury Crash","05/10/2025 09:01:00 PM","Ramp","RAMP 1 FR IS 270 NB TO MD 117 WB",,,,"Pedestrian","Single Vehicle","Clear","Dry","Dark - Lighted","Traffic Control Signal","Not Suspect of Alcohol Use, Not Suspect of Drug Use","Suspect of Alcohol Use, Not Suspect of Drug Use","5C9C85B8-054E-4016-AAFB-83D0650D5D7E","Pedestrian","Cross/Enter at Intersection","None (No Improper Action)","Intersection Marked Crosswalk","No","Suspected Minor Injury","None","39.14068682","-77.21070021","    (39.14068682, -77.21070021)"
"MCP3352002V","250020659","MONTGOMERY","Injury Crash","05/10/2025 07:25:00 PM","County Route","EMORY GROVE RD",,,,"Pedestrian","Single Vehicle","Clear","Dry","Daylight","No Controls","Not Suspect of Alcohol Use, Not Suspect of Drug Use","Not Suspect of Alcohol Use, Not Suspect of Drug Use","93512BDF-EC45-41D4-9280-1A329151CC95","Pedestrian","Cross/Enter Not at Intersection","None (No Improper Action)","Travel Lane Other Location","No","Suspected Minor Injury","None","39.15325669","-77.17374858","    (39.15325669, -77.17374858)"
"MCP32200056","250020510","MONTGOMERY","Injury Crash","05/09/2025 05:42:00 PM","Municipality Route","WASHINGTONIAN BLVD",,,,"Pedestrian","Single Vehicle","Clear","Dry","Daylight","Pedestrian Crossing Sign","Not Suspect of Alcohol Use, Not Suspect of Drug Use","Not Suspect of Alcohol Use, Not Suspect of Drug Use","AA0BC266-632A-4259-AA17-D105AEE26A83","Pedestrian","Cross/Enter at Intersection","None (No Improper Action)","Intersection Marked Crosswalk","No","Possible Injury","None","39.11645959","-77.19923171","    (39.11645959, -77.19923171)"
"MCP3050006J","250020502","MONTGOMERY","Injury Crash","05/09/2025 04:48:00 PM","Maryland (State) Route","GEORGIA AVE",,,,"Pedestrian","Single Vehicle","Clear","Dry","Daylight","No Controls","Unknown, Unknown","Not Suspect of Alcohol Use, Not Suspect of Drug Use","6CADFB4C-004C-4E3C-AB49-7AAB6BBF7DC2","Pedestrian","Other","None (No Improper Action)","Driveway Access","No","Possible Injury","None","39.08463197","-77.07799855","    (39.08463197, -77.07799855)"
"MCP284600B8","250020425","MONTGOMERY","Injury Crash","05/09/2025 09:30:00 AM","Maryland (State) Route","MUNCASTER MILL RD",,,,"Pedestrian","Unknown","Rain","Wet","Daylight","Pedestrian Crossing","Not Suspect of Alcohol Use, Not Suspect of Drug Use","Not Suspect of Alcohol Use, Not Suspect of Drug Use","D4FD5ACA-2EA5-4D6D-88E0-14962CEF9228","Pedestrian","Cross/Enter at Intersection","Dart/Dash","Intersection Marked Crosswalk","Yes","Suspected Minor Injury","None","39.10891144","-77.08008727","    (39.10891144, -77.08008727)"
"MCP235800DP","250020405","MONTGOMERY","Injury Crash","05/09/2025 06:49:00 AM","County Route","WESTBARD AVE",,,,"Pedestrian","Single Vehicle","Rain","Wet","Daylight","Traffic Control Signal","Not Suspect of Alcohol Use, Not Suspect of Drug Use","Not Suspect of Alcohol Use, Not Suspect of Drug Use","7D5B7E11-CFB0-4255-9D28-D6D4098E700A","Pedestrian","Cross/Enter at Intersection","None (No Improper Action)","Intersection Marked Crosswalk","No","Suspected Minor Injury","None","38.96370034","-77.10657709","    (38.96370034, -77.10657709)"
"MCP3053008R","250020345","MONTGOMERY","Property Damage Crash","05/08/2025 06:15:00 PM",,,,"Parking Lot Way        PARKING LOT OF 12325 GEORGIA AVE",,"Cyclist (non-electric)","Unknown","Clear",,"Daylight",,"Not Suspect of Alcohol Use, Not Suspect of Drug Use","Unknown, Unknown","C199BC61-E835-43A3-8E95-0253D01D196B","Cyclist (non-electric)","Cross/Enter Not at Intersection","Dart/Dash","Other","No","No Apparent Injury","None","39.05977367","-77.04914167","    (39.05977367, -77.04914167)"
"MCP3230006Y","250020302","MONTGOMERY","Injury Crash","05/08/2025 03:05:00 PM","County Route","TURKEY BRANCH PKWY","INDEPENDENCE ST",,,"Scooter (electric)","Single Vehicle","Clear","Dry","Daylight","No Controls","Not Suspect of Alcohol Use, Not Suspect of Drug Use","Not Suspect of Alcohol Use, Not Suspect of Drug Use","9F129704-88F8-4443-ABB7-B7D7ACB1786B","Scooter (electric)","Cross/Enter at Intersection","Failure to Yield Right-Of-Way","Intersection Unmarked Crosswalk","No","Suspected Minor Injury","None","39.07575217","-77.08181067","    (39.07575217, -77.08181067)"
"DD5583009P","250020118","ROCKVILLE","Property Damage Crash","05/07/2025 02:11:00 PM","Spur",,,,,"Cyclist (Electric)","Single Vehicle","Clear","Dry","Daylight","Pedestrian Crossing Sign","Not Suspect of Alcohol Use, Not Suspect of Drug Use","Not Suspect of Alcohol Use, Not Suspect of Drug Use","60D3D145-1E39-4B3A-9BAD-4238DD9BBC3E","Cyclist (Electric)","Cross/Enter at Intersection","Failure to Yield Right-Of-Way","Intersection Marked Crosswalk","No","No Apparent Injury","None","39.09189755","-77.15368625","    (39.09189755, -77.15368625)"
"MCP2612005M","250020271","MONTGOMERY","Injury Crash","05/07/2025 12:57:00 PM","County Route","GRANDVIEW AVE","WEISMAN RD",,,"Pedestrian","Single Vehicle","Clear","Dry","Daylight","Stop Sign","Unknown, Unknown","Unknown, Unknown","7F0989EF-A3B2-4180-B9B6-E4F92CAE7BD7","Pedestrian","Cross/Enter at Intersection","None (No Improper Action)","Intersection Marked Crosswalk","No","Possible Injury","None","39.04308501","-77.05313664","    (39.04308501, -77.05313664)"
"MCP3441000K","250019866","MONTGOMERY","Injury Crash","05/06/2025 12:19:00 PM","County Route","CHESTNUT ST","WISCONSIN AVE",,,"Cyclist (Electric)","Single Vehicle","Clear","Dry","Daylight","No Controls","Not Suspect of Alcohol Use, Not Suspect of Drug Use","Not Suspect of Alcohol Use, Not Suspect of Drug Use","6514C085-24E0-4D14-972D-A269FBBC6775","Cyclist (Electric)","Walking/Cycling on Sidewalk","None (No Improper Action)","Intersection Marked Crosswalk","No","Suspected Minor Injury","None","38.9934644","-77.09608134","    (38.9934644, -77.09608134)"
"MCP3190006K","250019790","MONTGOMERY","Injury Crash","05/05/2025 08:08:00 PM","County Route",,"GEORGIA AVE",,,"Scooter (electric)","Single Vehicle","Rain","Wet","Dark - Lighted","Pedestrian Crossing Sign","Not Suspect of Alcohol Use, Not Suspect of Drug Use","Not Suspect of Alcohol Use, Not Suspect of Drug Use","58842BCC-C176-4970-8AF0-8D654C085D52","Scooter (electric)","Cross/Enter at Intersection","None (No Improper Action)","Intersection Marked Crosswalk","No","Suspected Minor Injury","None","39.15040469","-77.0661939","    (39.15040469, -77.0661939)"
"MCP28980065","250019778","MONTGOMERY","Injury Crash","05/05/2025 06:15:00 PM","County Route","CROSS LAUREL DR","BLUNT RD",,,"Cyclist (non-electric)","Single Vehicle","Clear","Dry","Daylight","Stop Sign","Not Suspect of Alcohol Use, Not Suspect of Drug Use","Not Suspect of Alcohol Use, Not Suspect of Drug Use","6103156C-4640-41AC-A674-E400E3038090","Cyclist (non-electric)","Cross/Enter at Intersection","Failure to Yield Right-Of-Way","Intersection Unmarked Crosswalk","Yes","Possible Injury","None","39.18953575","-77.22873291","    (39.18953575, -77.22873291)"
"MCP3446000B","250019637","MONTGOMERY","Injury Crash","05/05/2025 05:50:00 AM","Maryland (State) Route","GEORGIA AVE",,,,"Pedestrian","Single Vehicle","Clear","Dry","Dawn","No Controls","Not Suspect of Alcohol Use, Not Suspect of Drug Use","Not Suspect of Alcohol Use, Not Suspect of Drug Use","E1700068-D8CB-47ED-808A-52173D45A890","Pedestrian","Walking/Cycling Along Roadway With Traffic (In or Adjacent to Travel Lane)","Unknown","Shoulder/Roadside","Yes","Possible Injury","None","39.04179456","-77.05172645","    (39.04179456, -77.05172645)"
"MCP3031006Y","250019612","MONTGOMERY","Injury Crash","05/04/2025 08:15:00 PM",,,,"Parking Lot Way        PARKING LOT OF 15000 GOOD HOPE ROAD",,"Pedestrian","Single Vehicle","Clear",,"Daylight",,"Unknown, Unknown","Not Suspect of Alcohol Use, Not Suspect of Drug Use","89D9265A-D146-4E10-BCD3-B4DB1FAD3B72","Pedestrian","Cross/Enter at Intersection","Unknown","Shoulder/Roadside","No","Possible Injury","None","39.10358272","-76.9821169","    (39.10358272, -76.9821169)"
"MCP2939007N","250019601","MONTGOMERY","Injury Crash","05/04/2025 05:15:00 PM",,,,"Private Road        DRIVE WAY OF 28105 RIDGE RD DAMASCUS, MD",,"Cyclist (non-electric)","Single Vehicle","Clear",,"Daylight",,"Not Suspect of Alcohol Use, Not Suspect of Drug Use","Not Suspect of Alcohol Use, Not Suspect of Drug Use","6B90621E-1412-424A-A209-1B542AA78BE5","Cyclist (non-electric)","Other","Other","OffStreet Trails or Sidepaths","No","Suspected Minor Injury","Unknown","39.31833178","-77.19482398","    (39.31833178, -77.19482398)"
"MCP1233006L","250019300","MONTGOMERY","Injury Crash","05/02/2025 06:31:00 PM","Maryland (State) Route","CONNECTICUT AVE (SB/L)","DECATUR AVE",,,"Cyclist (Electric)","Single Vehicle","Clear","Dry","Daylight","Pedestrian Crossing","Suspect of Alcohol Use, Unknown","Not Suspect of Alcohol Use, Not Suspect of Drug Use","CFE7C2D3-0B83-4ECF-A18C-B4178535CA9F","Cyclist (Electric)","Cross/Enter at Intersection","None (No Improper Action)","Intersection Marked Crosswalk","No","Suspected Minor Injury","Helmet","39.03381721","-77.07540322","    (39.03381721, -77.07540322)"
"MCP30680068","250019299","MONTGOMERY","Injury Crash","05/02/2025 06:26:00 PM","Local Route","TRADE ST",,,,"Pedestrian","Single Vehicle","Clear","Dry","Daylight","Stop Sign","Not Suspect of Alcohol Use, Not Suspect of Drug Use","Not Suspect of Alcohol Use, Not Suspect of Drug Use","9F10B6BC-A812-460B-A782-C41938BF8E41","Pedestrian","Cross/Enter at Intersection","None (No Improper Action)","Intersection Marked Crosswalk","No","Suspected Minor Injury","None","39.05104758","-77.11639779","    (39.05104758, -77.11639779)"
"MCP30680068","250019299","MONTGOMERY","Injury Crash","05/02/2025 06:26:00 PM","Local Route","TRADE ST",,,,"Pedestrian","Single Vehicle","Clear","Dry","Daylight","Stop Sign","Not Suspect of Alcohol Use, Not Suspect of Drug Use","Not Suspect of Alcohol Use, Not Suspect of Drug Use","C3733EEC-B17A-4109-8AA2-5CBB00F62E2A","Pedestrian","Cross/Enter at Intersection","None (No Improper Action)","Intersection Marked Crosswalk","No","Suspected Minor Injury","None","39.05104758","-77.11639779","    (39.05104758, -77.11639779)"
"MCP3233005L","250019138","MONTGOMERY","Injury Crash","05/01/2025 06:01:00 PM","Maryland (State) Route","UNIVERSITY BLVD E",,,,"Pedestrian","Single Vehicle","Clear","Dry","Daylight","No Controls","Not Suspect of Alcohol Use, Not Suspect of Drug Use","Not Suspect of Alcohol Use, Not Suspect of Drug Use","E99309FB-D20D-44BB-B951-F1B0C1A6470C","Pedestrian","Cross/Enter at Intersection","None (No Improper Action)","Intersection Marked Crosswalk","No","Suspected Minor Injury","None","39.00353059","-76.99634808","    (39.00353059, -76.99634808)"
"MCP2270004Q","250019005","MONTGOMERY","Property Damage Crash","05/01/2025 08:35:00 AM","County Route","ROOSEVELT ST","OLD GEORGETOWN RD (SB/L)",,,"Cyclist (non-electric)","Single Vehicle","Clear","Dry","Daylight","Stop Sign","Not Suspect of Alcohol Use, Not Suspect of Drug Use","Not Suspect of Alcohol Use, Not Suspect of Drug Use","D516A9C8-B2A8-4FFF-B1EE-3E63F35612DB","Cyclist (non-electric)","Walking/Cycling on Sidewalk","Failure to Yield Right-Of-Way","Intersection Marked Crosswalk","Yes","No Apparent Injury","None","38.99594801","-77.10958911","    (38.99594801, -77.10958911)"
"DD5567007V","250019000","ROCKVILLE","Property Damage Crash","05/01/2025 07:54:00 AM","Bicycle Route",,"SEVEN LOCKS RD",,,"Cyclist (Electric)","Single Vehicle","Clear","Dry","Daylight","Traffic Control Signal","Not Suspect of Alcohol Use, Not Suspect of Drug Use","Not Suspect of Alcohol Use, Not Suspect of Drug Use","DA96E765-501F-405C-A5A9-DE6B67EFD57F","Cyclist (Electric)","Cross/Enter at Intersection","Failure to Obey Traffic Signs, Signals, or Officer","Intersection Marked Crosswalk","No","No Apparent Injury","Helmet, Other","39.06703834","-77.16172338","    (39.06703834, -77.16172338)"
"MCP33390055","250018965","MONTGOMERY","Injury Crash","04/30/2025 08:20:00 PM",,,,"Parking Stall        NORBECK SAFEWAY
5510 NORBECK ROAD",,"Pedestrian","Single Vehicle","Clear",,"Dark - Lighted",,"Not Suspect of Alcohol Use, Not Suspect of Drug Use","Not Suspect of Alcohol Use, Not Suspect of Drug Use","52ED4613-9400-4135-BA7F-21D7AE456DC6","Pedestrian","Other","None (No Improper Action)","Other","No","Possible Injury","None","39.09441981","-77.11032623","    (39.09441981, -77.11032623)"
"MCP3096004M","250018971","MONTGOMERY","Injury Crash","04/30/2025 07:30:00 PM","Local Route","BOUNTY COVE CT","CHISHOLM LANDING WAY",,,"Scooter (non-Electric)","Single Vehicle","Clear","Dry","Daylight","No Controls","Not Suspect of Alcohol Use, Not Suspect of Drug Use","Not Suspect of Alcohol Use, Not Suspect of Drug Use","BACB968D-F918-433C-8E2A-24436EF023AE","Scooter (non-Electric)","Cross/Enter at Intersection","In Roadway Improperly (Standing, Lying, Working, Playing)","Intersection Other","Yes","Suspected Minor Injury","Unknown","39.09875976","-77.21973191","    (39.09875976, -77.21973191)"
"MCP3127004J","250018940","MONTGOMERY","Injury Crash","04/30/2025 06:35:00 PM","County Route","BRADMOOR DR",,,,"Cyclist (non-electric)","Single Vehicle","Clear","Dry","Daylight","Stop Sign","Not Suspect of Alcohol Use, Not Suspect of Drug Use","Not Suspect of Alcohol Use, Not Suspect of Drug Use","2961E802-6E05-4D57-ABA8-481038DD2C3B","Cyclist (non-electric)","Walking/Cycling Along Roadway With Traffic (In or Adjacent to Travel Lane)","None (No Improper Action)","Intersection Unmarked Crosswalk","No","Suspected Minor Injury","Helmet","38.99319903","-77.11894625","    (38.99319903, -77.11894625)"
"MCP137801CQ","250018919","MONTGOMERY","Injury Crash","04/30/2025 04:25:00 PM","Municipality Route","N SUMMIT AVE","E DIAMOND AVE S SUMMIT AVE",,,"Pedestrian","Single Vehicle","Cloudy","Dry","Daylight","Traffic Control Signal","Not Suspect of Alcohol Use, Not Suspect of Drug Use","Not Suspect of Alcohol Use, Not Suspect of Drug Use","CF1B8B0F-4119-4E06-A9A9-24DD8420EFBD","Pedestrian","Cross/Enter at Intersection","None (No Improper Action)","Intersection Marked Crosswalk","No","Possible Injury","None","39.14215337","-77.19338117","    (39.14215337, -77.19338117)"