"Report Number","Local Case Number","Agency Name","ACRS Report Type","Crash Date/Time","Route Type","Road Name","Cross-Street Name","Off-Road Description","Municipality","Related Non-Motorist","Collision Type","Weather","Surface Condition","Light","Traffic Control","Driver Substance Abuse","Non-Motorist Substance Abuse","Person ID","Pedestrian Type","Pedestrian Movement","Pedestrian Actions","Pedestrian Location","At Fault","Injury Severity","Safety Equipment","Latitude","Longitude","Location"
"MCP3352002S","250018954","MONTGOMERY","Property Damage Crash","04/30/2025 01:40:00 PM","County Route","MONTGOMERY VILLAGE AVE (SB/L)","CENTER CT",,,"Cyclist (Electric)","Single Vehicle","Clear","Dry","Daylight","No Controls","Unknown, Unknown","Not Suspect of Alcohol Use, Not Suspect of Drug Use","09F0CA17-E2FD-4162-9A28-18DBCF5C9CC6","Cyclist (Electric)","Walking/Cycling Along Roadway With Traffic (In or Adjacent to Travel Lane)","None (No Improper Action)","Travel Lane Other Location","No","No Apparent Injury","Helmet","39.16801402","-77.20505374","    (39.16801402, -77.20505374)"
"MCP31110096","250018856","MONTGOMERY","Injury Crash","04/30/2025 11:52:00 AM","County Route","ARLINGTON RD",,,,"Pedestrian","Single Vehicle","Clear","Dry","Daylight","Traffic Control Signal","Not Suspect of Alcohol Use, Not Suspect of Drug Use","Not Suspect of Alcohol Use, Not Suspect of Drug Use","DE73F107-44A1-4A25-9BE2-E215CF6D4832","Pedestrian","Cross/Enter at Intersection","Dart/Dash, Inattentive (Talking, Eating, etc.)","Intersection Marked Crosswalk","Yes","Possible Injury","None","38.97946486","-77.09862167","    (38.97946486, -77.09862167)"
"MCP31110096","250018856","MONTGOMERY","Injury Crash","04/30/2025 11:52:00 AM","County Route","ARLINGTON RD",,,,"Pedestrian","Single Vehicle","Clear","Dry","Daylight","Traffic Control Signal","Not Suspect of Alcohol Use, Not Suspect of Drug Use","Not Suspect of Alcohol Use, Not Suspect of Drug Use","55A30B43-167E-4AC3-AF4F-E725A274C5B2","Pedestrian","Cross/Enter at Intersection","Dart/Dash, Inattentive (Talking, Eating, etc.)","Intersection Marked Crosswalk","Yes","Possible Injury","None","38.97946486","-77.09862167","    (38.97946486, -77.09862167)"
"MCP29050075","250018828","MONTGOMERY","Injury Crash","04/30/2025 08:23:00 AM","Local Route","CAPITAL CRESCENT TR","DORSET AVE (EB/L)",,,"Pedestrian","Single Vehicle","Cloudy","Wet","Daylight","Pedestrian Crossing","Not Suspect of Alcohol Use, Not Suspect of Drug Use","Not Suspect of Alcohol Use, Not Suspect of Drug Use","9577C052-A733-492C-B153-9DD124217E81","Pedestrian","Cross/Enter at Intersection","None (No Improper Action)","Intersection Marked Crosswalk","No","Possible Injury","None","38.96877864","-77.10251028","    (38.96877864, -77.10251028)"
"MCP34240018","250018812","MONTGOMERY","Injury Crash","04/30/2025 03:53:00 AM",,,,"Parking Lot Way        ROAD BEHIND 15801 GAITHER DR",,"Cyclist (non-electric)","Single Vehicle","Rain",,"Dark - Not Lighted",,"Not Suspect of Alcohol Use, Not Suspect of Drug Use","Not Suspect of Alcohol Use, Not Suspect of Drug Use","3B1A34FA-C761-4797-8E99-F3900A5AA3B7","Cyclist (non-electric)","Cross/Enter at Intersection","Failure to Yield Right-Of-Way","Intersection Other","Yes","Suspected Minor Injury","None","39.11544211","-77.18925842","    (39.11544211, -77.18925842)"
"HA2372001L","25000768","MCPARK","Injury Crash","04/29/2025 07:15:00 PM","Government Route","BEACH DR","OLD SPRING RD",,,"Cyclist (non-electric)","Single Vehicle","Clear","Dry","Daylight","No Controls","Not Suspect of Alcohol Use, Not Suspect of Drug Use","Not Suspect of Alcohol Use, Not Suspect of Drug Use","93558175-7163-4E07-9A06-A2C1FFD479A7","Cyclist (non-electric)","Cross/Enter at Intersection","Unknown","Intersection Marked Crosswalk","No","Suspected Minor Injury","Helmet","39.01179769","-77.06792851","    (39.01179769, -77.06792851)"
"MCP3148007X","250018717","MONTGOMERY","Property Damage Crash","04/29/2025 02:28:00 PM",,,,"Parking Stall        PARKING LOT OF 8500 16TH ST",,"Pedestrian","Rear To Rear","Clear",,"Daylight",,"Unknown, Unknown","Not Suspect of Alcohol Use, Not Suspect of Drug Use","E4BF528A-2843-4B9F-B2B1-0565B825F0B2","Pedestrian","Other","None (No Improper Action)","Other","No","No Apparent Injury","None","38.9954905","-77.03744397","    (38.9954905, -77.03744397)"
"MCP3358002Y","250018672","MONTGOMERY","Property Damage Crash","04/29/2025 10:55:00 AM","Local Route","PERRY AVE","CONNECTICUT AVE (SB/L)",,,"Cyclist (Electric)","Single Vehicle","Clear","Dry","Daylight","Traffic Control Signal","Not Suspect of Alcohol Use, Not Suspect of Drug Use","Not Suspect of Alcohol Use, Not Suspect of Drug Use","A30A69B6-D76C-4FA0-8BAC-606DAF8CBA99","Cyclist (Electric)","Walking/Cycling Along Roadway With Traffic (In or Adjacent to Travel Lane)","Failure to Obey Traffic Signs, Signals, or Officer","Intersection Other","No","No Apparent Injury","Helmet","39.03279503","-77.07516486","    (39.03279503, -77.07516486)"
"MCP320000FS","250018584","MONTGOMERY","Injury Crash","04/28/2025 08:00:00 PM","Maryland (State) Route","ROCKVILLE PIKE (SB/L)","WILSON DR",,,"Cyclist (non-electric)","Single Vehicle","Clear","Dry","Dusk","Traffic Control Signal","Not Suspect of Alcohol Use, Not Suspect of Drug Use","Not Suspect of Alcohol Use, Not Suspect of Drug Use","F4616710-BAA6-4CBB-8A3F-5F167027CCCD","Cyclist (non-electric)","Cross/Enter at Intersection","Dart/Dash, Failure to Obey Traffic Signs, Signals, or Officer, Failure to Yield Right-Of-Way","Intersection Marked Crosswalk","Yes","Suspected Minor Injury","Helmet","39.00255353","-77.09729803","    (39.00255353, -77.09729803)"
"MCP285300B5","250018581","MONTGOMERY","Property Damage Crash","04/28/2025 07:43:00 PM","Maryland (State) Route","UNIVERSITY BLVD E (WB/L)","LEXINGTON DR",,,"Cyclist (Electric)","Single Vehicle","Clear","Dry","Daylight","Traffic Control Signal","Not Suspect of Alcohol Use, Not Suspect of Drug Use","Not Suspect of Alcohol Use, Not Suspect of Drug Use","E172F4DB-78D4-491F-AE2C-8FF7DF8608B2","Cyclist (Electric)","Cross/Enter at Intersection","Unknown","Intersection Marked Crosswalk","No","No Apparent Injury","None","39.01952764","-77.01077837","    (39.01952764, -77.01077837)"
"MCP2939007K","250018565","MONTGOMERY","Injury Crash","04/28/2025 05:37:00 PM",,,,"Parking Aisle        PARKING LOT OF GIANT LOCATED AT 20944 FREDERICK RD GERMANTOWN MD",,"Occupant of Motor Vehicle Not in Transport","Single Vehicle","Clear",,"Daylight",,"Not Suspect of Alcohol Use, Not Suspect of Drug Use, Unknown, Unknown","Not Suspect of Alcohol Use, Not Suspect of Drug Use","4B208CF7-E68A-41B7-B920-891ABD292BA4","Occupant of Motor Vehicle Not in Transport","Getting Off/On Vehicle","None (No Improper Action)","Other","No","Suspected Minor Injury","None","39.20254922","-77.24779627","    (39.20254922, -77.24779627)"
"MCP3426001N","250018471","MONTGOMERY","Injury Crash","04/28/2025 12:11:00 PM","Maryland (State) Route","ROCKVILLE PIKE",,,,"Pedestrian","Single Vehicle","Clear","Dry","Daylight","No Controls","Not Suspect of Alcohol Use, Not Suspect of Drug Use","Not Suspect of Alcohol Use, Not Suspect of Drug Use","EB11B3DB-6BD9-466D-81EB-AB41533BDBDC","Pedestrian","Cross/Enter at Intersection","Unknown","Travel Lane Other Location","No","Suspected Serious Injury","Unknown","39.03848093","-77.10844427","    (39.03848093, -77.10844427)"
"MCP3455000C","250018582","MONTGOMERY","Property Damage Crash","04/28/2025 08:00:00 AM","Maryland (State) Route","GEORGIA AVE (SB/L)","UNIVERSITY BLVD W",,,"Cyclist (Electric)","Single Vehicle","Clear","Dry","Daylight","Traffic Control Signal","Not Suspect of Alcohol Use, Not Suspect of Drug Use","Not Suspect of Alcohol Use, Not Suspect of Drug Use","7F1152D8-906F-45F3-B1B6-BDBE84F983B3","Cyclist (Electric)","Cross/Enter at Intersection","Failure to Obey Traffic Signs, Signals, or Officer","Intersection Other","Yes","No Apparent Injury","None","39.04149693","-77.05177486","    (39.04149693, -77.05177486)"
"MCP12270029","250018231","MONTGOMERY","Fatal Crash","04/26/2025 09:59:00 PM","County Route","ASPEN HILL RD (SB/L)","GEORGIA AVE",,,"Pedestrian","Single Vehicle","Clear","Dry","Dark - Lighted","Pedestrian Crossing","Not Suspect of Alcohol Use, Not Suspect of Drug Use","Suspect of Alcohol Use, Suspect of Drug Use","66384293-7DC1-47BE-90A0-B55F775C2970","Pedestrian","Cross/Enter Not at Intersection","Failure to Yield Right-Of-Way","Travel Lane Other Location","Yes","Fatal Injury","None","39.08082916","-77.07518121","    (39.08082916, -77.07518121)"
"DD56480041","250018131","ROCKVILLE","Injury Crash","04/26/2025 11:30:00 AM",,,,"Parking Stall        500 N HORNERS LN ROCKVILLE, MD 20851 - MARYVALE MARKET",,"Pedestrian","Single Vehicle","Cloudy",,"Daylight",,,"Not Suspect of Alcohol Use, Not Suspect of Drug Use","4BF19F5C-4297-442C-BDEB-D364AA084B7C","Pedestrian","Other","Other","Other","Yes","Suspected Minor Injury","None","39.0909312","-77.1437559","    (39.0909312, -77.1437559)"
"DD5681000F","250018113","ROCKVILLE","Injury Crash","04/26/2025 09:20:00 AM",,,,"Parking Stall        PARKING LOT IN FRONT OF JERSEY MIKE'S SUBS",,"Pedestrian","Single Vehicle","Cloudy",,"Daylight",,"Not Suspect of Alcohol Use, Not Suspect of Drug Use","Not Suspect of Alcohol Use, Not Suspect of Drug Use","6E6277C0-27C1-44F0-A3EF-85BAAD7C06D0","Pedestrian","None","None (No Improper Action)","NonTrafficway Area","No","Suspected Minor Injury","None","39.0971145","-77.1918468","    (39.0971145, -77.1918468)"
"MCP29050074","250017934","MONTGOMERY","Injury Crash","04/25/2025 08:51:00 AM","County Route","GRANT ST","GREENTREE RD",,,"Cyclist (non-electric)","Single Vehicle","Clear","Dry","Daylight","Stop Sign","Not Suspect of Alcohol Use, Not Suspect of Drug Use","Not Suspect of Alcohol Use, Not Suspect of Drug Use","493F7FE8-3E7D-4E8C-AA78-00DBEDC4C097","Cyclist (non-electric)","Cross/Enter at Intersection","Dart/Dash","Intersection Marked Crosswalk","Yes","Suspected Minor Injury","Helmet","39.00027589","-77.11222986","    (39.00027589, -77.11222986)"
"MCP26350090","250017893","MONTGOMERY","Fatal Crash","04/24/2025 09:01:00 PM","County Route","SHADY GROVE RD","BLACKWELL RD",,,"Pedestrian","Single Vehicle","Clear","Dry","Dark - Lighted","Traffic Control Signal","Not Suspect of Alcohol Use, Not Suspect of Drug Use","Unknown, Unknown","C1DD3855-3FBC-47E0-92D5-B2A895DFA572","Pedestrian","Cross/Enter at Intersection","Dart/Dash, Failure to Obey Traffic Signs, Signals, or Officer","Intersection Marked Crosswalk","No","Fatal Injury","None","39.10085154","-77.19177496","    (39.10085154, -77.19177496)"
"MCP3201007Z","250017574","MONTGOMERY","Injury Crash","04/23/2025 09:01:00 AM","County Route","SCOTTSBURY DR","SHAKESPEARE BLVD",,,"Cyclist (non-electric)","Single Vehicle","Clear","Dry","Daylight","No Controls","Not Suspect of Alcohol Use, Not Suspect of Drug Use","Not Suspect of Alcohol Use, Not Suspect of Drug Use","7CC67F5D-8B6A-4E09-B61B-C238684613D2","Cyclist (non-electric)","Cross/Enter at Intersection","Failure to Yield Right-Of-Way","Travel Lane Other Location","Yes","Suspected Minor Injury","Helmet","39.19760395","-77.2396623","    (39.19760395, -77.2396623)"
"MCP2347005H","250017381","MONTGOMERY","Injury Crash","04/23/2025 07:49:00 AM","Ramp","RAMP 2 FR MD 200 WB TO BRIGGS CHANEY RD",,,,"Pedestrian","Single Vehicle","Clear","Dry","Daylight","Pedestrian Crossing Sign","Not Suspect of Alcohol Use, Not Suspect of Drug Use","Not Suspect of Alcohol Use, Not Suspect of Drug Use","18531E22-E343-46EC-BDB1-4A5C2275CACE","Pedestrian","Cross/Enter at Intersection","None (No Improper Action)","Intersection Marked Crosswalk","No","Suspected Minor Injury","None","39.07427954","-76.93995673","    (39.07427954, -76.93995673)"
"MCP30670032","250017560","MONTGOMERY","Injury Crash","04/23/2025 07:35:00 AM","County Route","HOB HILL WAY","MONTGOMERY VILLAGE AVE",,,"Pedestrian","Single Vehicle","Clear","Dry","Daylight","Pedestrian Crossing","Not Suspect of Alcohol Use, Not Suspect of Drug Use","Not Suspect of Alcohol Use, Not Suspect of Drug Use","3E0A6530-F2E8-4BF3-80B9-4F1F4D169A6A","Pedestrian","None","None (No Improper Action)","Intersection Marked Crosswalk","No","Suspected Minor Injury","None","39.18695983","-77.19826417","    (39.18695983, -77.19826417)"
"DD5681000C","250017274","ROCKVILLE","Injury Crash","04/21/2025 01:47:00 PM",,,,"Parking Lot Way        METRO BUS PARKING CIRCLE",,"Pedestrian","Single Vehicle","Cloudy",,"Daylight",,"Not Suspect of Alcohol Use, Not Suspect of Drug Use","Not Suspect of Alcohol Use, Not Suspect of Drug Use","EE26371E-A70F-4793-A77B-2F78D372821F","Pedestrian","Walking/Cycling on Sidewalk","None (No Improper Action)","Driveway Access","Yes","Possible Injury","None","39.08527163","-77.14660449","    (39.08527163, -77.14660449)"
"MCP2962009Z","250017210","MONTGOMERY","Injury Crash","04/21/2025 08:53:00 AM","Bicycle Route",,"KINGSVIEW VILLAGE AVE (NB/L)",,,"Pedestrian","Single Vehicle","Cloudy","Dry","Daylight","Pedestrian Crossing Sign","Not Suspect of Alcohol Use, Not Suspect of Drug Use","Not Suspect of Alcohol Use, Not Suspect of Drug Use","2F2AB604-525B-4E88-806D-734D70B59FC4","Pedestrian","Walking/Cycling on Sidewalk","None (No Improper Action)","Intersection Marked Crosswalk","No","Suspected Minor Injury","None","39.16072827","-77.27920512","    (39.16072827, -77.27920512)"
"MCP33500041","250017176","MONTGOMERY","Injury Crash","04/20/2025 09:09:00 PM","County Route","RANDOLPH RD (WB/L)",,,,"Cyclist (Electric)","Single Vehicle","Clear","Dry","Dark - Not Lighted","No Controls","Suspect of Alcohol Use, Not Suspect of Drug Use","Not Suspect of Alcohol Use, Not Suspect of Drug Use","33E001B8-E86C-4E45-8502-51E492E918D2","Cyclist (Electric)","Walking/Cycling Along Roadway With Traffic (In or Adjacent to Travel Lane)","None (No Improper Action)","Travel Lane Other Location","No","Suspected Minor Injury","Unknown","39.05373798","-77.10063348","    (39.05373798, -77.10063348)"
"MCP30940063","250017151","MONTGOMERY","Injury Crash","04/20/2025 04:13:00 PM","Maryland (State) Route",,,,,"Pedestrian","Single Vehicle","Clear","Dry","Daylight","No Controls","Not Suspect of Alcohol Use, Not Suspect of Drug Use","Not Suspect of Alcohol Use, Not Suspect of Drug Use","7D8BD404-2E0F-4C93-8E70-6B44DA5793F4","Pedestrian","Cross/Enter Not at Intersection","Dart/Dash, In Roadway Improperly (Standing, Lying, Working, Playing)","Travel Lane Other Location","Yes","Suspected Minor Injury","None","39.14660424","-77.1458093","    (39.14660424, -77.1458093)"
"MCP233900BG","250016781","MONTGOMERY","Injury Crash","04/17/2025 05:13:00 PM",,,,"Parking Lot Way        PARK AND RIDE AREA OF 15903 SOMERVILLE RD. SHADY GROVE METRO STATION.",,"Pedestrian","Single Vehicle","Clear",,"Daylight",,"Not Suspect of Alcohol Use, Not Suspect of Drug Use","Not Suspect of Alcohol Use, Not Suspect of Drug Use","8B030F86-AFB8-46FB-B5C4-76D803C31C5A","Pedestrian","Standing","None (No Improper Action)","Other","No","Possible Injury","None","39.11994633","-77.16515667","    (39.11994633, -77.16515667)"
"MCP3330002W","250016733","MONTGOMERY","Injury Crash","04/17/2025 02:18:00 PM","Maryland (State) Route","VEIRS MILL RD","FERRARA AVE FERRARA AVE (SB/L)",,,"Pedestrian","Single Vehicle","Clear","Dry","Daylight","Pedestrian Crossing Sign","Not Suspect of Alcohol Use, Not Suspect of Drug Use","Unknown, Unknown","248612A0-5C8C-4E23-BC08-216249585FE3","Pedestrian","Cross/Enter at Intersection","None (No Improper Action)","Intersection Marked Crosswalk","No","Suspected Minor Injury","None","39.05295634","-77.07696162","    (39.05295634, -77.07696162)"
"MCP3389000Z","250016666","MONTGOMERY","Injury Crash","04/17/2025 08:56:00 AM","Maryland (State) Route","COLESVILLE RD",,,,"Pedestrian","Single Vehicle","Clear","Dry","Daylight","No Controls","Unknown, Unknown","Not Suspect of Alcohol Use, Not Suspect of Drug Use","CED6D830-ED9B-4DD9-9068-9EB09A352964","Pedestrian","None","None (No Improper Action)","NonTrafficway Area","No","Suspected Minor Injury","None","38.99329581","-77.03277381","    (38.99329581, -77.03277381)"
"MCP25630023","250016562","MONTGOMERY","Fatal Crash","04/16/2025 12:48:00 PM",,,,"Parking Aisle        PARKING LOT OF 515 DOVER RD",,"Pedestrian","Other","Clear",,"Daylight",,"Not Suspect of Alcohol Use, Not Suspect of Drug Use","Not Suspect of Alcohol Use, Not Suspect of Drug Use","2267B18C-99B8-48AE-BF19-98CFCA30FE0F","Pedestrian","Standing","None (No Improper Action)","Other","No","Fatal Injury","None","39.096795","-77.1421295","    (39.096795, -77.1421295)"
"MCP25630023","250016562","MONTGOMERY","Fatal Crash","04/16/2025 12:48:00 PM",,,,"Parking Aisle        PARKING LOT OF 515 DOVER RD",,"Pedestrian","Other","Clear",,"Daylight",,"Not Suspect of Alcohol Use, Not Suspect of Drug Use","Not Suspect of Alcohol Use, Not Suspect of Drug Use","5EFF3589-FC31-47A4-B299-24CD29C18C49","Pedestrian","Standing","None (No Improper Action)","Other","No","Suspected Serious Injury","None","39.096795","-77.1421295","    (39.096795, -77.1421295)"
"MCP27040028","250016484","MONTGOMERY","Injury Crash","04/16/2025 02:32:00 AM","Maryland (State) Route","VEIRS MILL RD (WB/L)",,,,"Pedestrian","Front to Rear","Clear","Dry","Dark - Lighted","No Controls","Suspect of Alcohol Use, Not Suspect of Drug Use","Not Suspect of Alcohol Use, Not Suspect of Drug Use","266054BB-735C-4022-925B-18A149CA7111","Pedestrian","Push/Work on Vehicle","Disabled Vehicle-Related (Working on, Pushing, Leaving/Approaching)","Travel Lane Other Location","No","Suspected Minor Injury","None","39.04837841","-77.068985","    (39.04837841, -77.068985)"
"MCP2863003P","250016307","MONTGOMERY","Injury Crash","04/14/2025 05:40:00 PM","County Route","TURKEY BRANCH PKWY",,,,"Cyclist (non-electric)","Single Vehicle","Clear",,"Daylight","No Controls","Not Suspect of Alcohol Use, Not Suspect of Drug Use","Unknown, Unknown","17513E41-D728-46FE-B1D2-BF66AEC5F502","Cyclist (non-electric)","Walking/Cycling Along Roadway With Traffic (In or Adjacent to Travel Lane)","Unknown","Travel Lane Other Location","No","Suspected Minor Injury","None","39.07575782","-77.08179226","    (39.07575782, -77.08179226)"
"DD56510065","250016407","ROCKVILLE","Injury Crash","04/14/2025 01:50:00 PM","Municipality Route",,"PARK RD (WB/L)",,,"Pedestrian","Single Vehicle","Clear","Dry","Daylight","Traffic Control Signal","Unknown, Unknown","Not Suspect of Alcohol Use, Not Suspect of Drug Use","75186C34-0B14-4A9C-8BE6-F6F5A83EBCE0","Pedestrian","Cross/Enter at Intersection","None (No Improper Action)","Intersection Marked Crosswalk","No","Suspected Minor Injury","None","39.0852506","-77.14823538","    (39.0852506, -77.14823538)"
"MCP34080016","250016181","MONTGOMERY","Injury Crash","04/13/2025 08:30:00 PM","County Route","SILVER SPRING AVE",,,,"Pedestrian","Single Vehicle","Clear","Dry","Dark - Lighted","Traffic Control Signal","Unknown, Unknown","Unknown, Unknown","5E5B97BC-D81B-4B2E-B01C-08F737AFF1CF","Pedestrian","Cross/Enter at Intersection","Unknown","Intersection Marked Crosswalk","No","Possible Injury","None","38.99161383","-77.02641286","    (38.99161383, -77.02641286)"
"EJ7781005M","250016099","GAITHERSBURG","Injury Crash","04/13/2025 12:00:00 PM",,,,"Parking Lot Way        P/L OF 883 RUSSELL AVE",,"Pedestrian","Single Vehicle","Clear",,"Daylight",,"Unknown, Unknown","Not Suspect of Alcohol Use, Not Suspect of Drug Use","F153D5AD-6EAB-42C3-9340-4AF62D254DE4","Pedestrian","Other","None (No Improper Action)","Other","No","Possible Injury","None","39.15740168","-77.21225412","    (39.15740168, -77.21225412)"
"MCP22030094","250016066","MONTGOMERY","Injury Crash","04/13/2025 06:40:00 AM","County Route",,,,,"Pedestrian","Single Vehicle","Unknown",,"Dark - Unknown Lighting","No Controls","Unknown, Unknown","Unknown, Unknown","9B53915E-AE93-43CB-8F02-3F52A7BF689F","Pedestrian","Unknown","Unknown","Unknown","No","Suspected Serious Injury","None","39.04759411","-77.0511802","    (39.04759411, -77.0511802)"
"MCP3391001X","250015890","MONTGOMERY","Injury Crash","04/11/2025 09:30:00 PM",,,,"Parking Aisle        PARKING LOT",,"Pedestrian","Single Vehicle","Rain",,"Dark - Lighted",,"Not Suspect of Alcohol Use, Not Suspect of Drug Use","Not Suspect of Alcohol Use, Not Suspect of Drug Use","6C71D79C-9758-4CE3-9A56-36BC33953AB1","Pedestrian","Other","None (No Improper Action)","Other","No","Suspected Minor Injury","None","39.03946517","-77.05712517","    (39.03946517, -77.05712517)"
"DD5612006N","250015847","ROCKVILLE","Injury Crash","04/11/2025 04:54:00 PM","Municipality Route","CHURCH ST (WB/L)","MONROE PL",,,"Pedestrian","Single Vehicle","Rain","Wet","Daylight","Pedestrian Crossing","Not Suspect of Alcohol Use, Not Suspect of Drug Use","Not Suspect of Alcohol Use, Not Suspect of Drug Use","3C2D8253-4791-467D-900A-85C6FDA5CDCC","Pedestrian","Cross/Enter at Intersection","None (No Improper Action)","Intersection Marked Crosswalk","No","Suspected Minor Injury","None","39.08341211","-77.14695173","    (39.08341211, -77.14695173)"
"MCP27300053","250016207","MONTGOMERY","Injury Crash","04/11/2025 03:30:00 PM","County Route","FALCONBRIDGE DR","JONES LA",,,"Pedestrian","Single Vehicle","Clear","Wet","Daylight","Traffic Control Signal","Unknown, Unknown","Not Suspect of Alcohol Use, Not Suspect of Drug Use","88BA6CB9-5182-4684-B475-4F30EE5F9BA6","Pedestrian","Standing","None (No Improper Action)","Intersection Marked Crosswalk","No","Possible Injury","None","39.10395897","-77.26446587","    (39.10395897, -77.26446587)"
"MCP3268005K","250015958","MONTGOMERY","Injury Crash","04/10/2025 11:30:00 PM","County Route",,,,,"Pedestrian","Single Vehicle","Clear",,"Dark - Not Lighted","Pedestrian Crossing Sign","Unknown, Unknown","Not Suspect of Alcohol Use, Not Suspect of Drug Use","7CB6DD72-DF33-4E21-B827-7C1AD4AAADA7","Pedestrian","Cross/Enter at Intersection","None (No Improper Action)","Intersection Marked Crosswalk","No","Suspected Minor Injury","None","39.03897286","-76.99200988","    (39.03897286, -76.99200988)"
"MCP3268005K","250015958","MONTGOMERY","Injury Crash","04/10/2025 11:30:00 PM","County Route",,,,,"Pedestrian","Single Vehicle","Clear",,"Dark - Not Lighted","Pedestrian Crossing Sign","Unknown, Unknown","Not Suspect of Alcohol Use, Not Suspect of Drug Use","DAE0B5F4-D996-4577-99F7-09109CB578C3","Pedestrian","Cross/Enter at Intersection","None (No Improper Action)","Intersection Marked Crosswalk","No","Suspected Minor Injury","None","39.03897286","-76.99200988","    (39.03897286, -76.99200988)"
"MCP1235005Z","250015523","MONTGOMERY","Injury Crash","04/09/2025 08:25:00 PM","County Route","OVERLOOK DR","NEW HAMPSHIRE AVE",,,"Unknown","Single Vehicle","Clear","Dry","Dark - Not Lighted","Stop Sign","Not Suspect of Alcohol Use, Not Suspect of Drug Use","Not Suspect of Alcohol Use, Not Suspect of Drug Use","45621917-E7DC-47C7-9F07-C5FB00AB6813","Unknown","Cross/Enter at Intersection","None (No Improper Action)","Intersection Unmarked Crosswalk","No","Possible Injury","None","39.02447004","-76.97947728","    (39.02447004, -76.97947728)"
"MCP2940007Y","250015450","MONTGOMERY","Property Damage Crash","04/09/2025 02:00:00 PM",,,,"Parking Stall        PL OF 4601 LELAND ST",,"Pedestrian","Angle","Clear",,"Daylight",,"Unknown, Unknown","Not Suspect of Alcohol Use, Not Suspect of Drug Use","865F16BC-6899-4060-8BAF-179D43E8961A","Pedestrian","Standing","None (No Improper Action)","NonTrafficway Area","No","No Apparent Injury","None","38.9814049","-77.09147628","    (38.9814049, -77.09147628)"
"MCP2270004P","250015454","MONTGOMERY","Injury Crash","04/09/2025 01:49:00 PM","County Route","MACARTHUR BLVD",,,,"Cyclist (non-electric)","Single Vehicle","Clear","Dry","Daylight","No Controls","Not Suspect of Alcohol Use, Not Suspect of Drug Use","Not Suspect of Alcohol Use, Not Suspect of Drug Use","37AB1914-4DCA-4175-A933-49685A60C926","Cyclist (non-electric)","Walking/Cycling Along Roadway With Traffic (In or Adjacent to Travel Lane)","None (No Improper Action)","Travel Lane Other Location","Yes","Suspected Minor Injury","None","38.94555822","-77.12001221","    (38.94555822, -77.12001221)"
"MCP3355001N","250015040","MONTGOMERY","Injury Crash","04/07/2025 07:34:00 AM",,,,"Parking Lot Way        7-11 GAS PUMP",,"Pedestrian","Single Vehicle","Rain",,"Other",,"Not Suspect of Alcohol Use, Not Suspect of Drug Use","Not Suspect of Alcohol Use, Not Suspect of Drug Use","BDABC756-D33E-40F5-A0BD-24BCF39CFD48","Pedestrian","Standing","None (No Improper Action)","NonTrafficway Area","No","Suspected Serious Injury","None","38.98618233","-77.0275905","    (38.98618233, -77.0275905)"