"Report Number","Local Case Number","Agency Name","ACRS Report Type","Crash Date/Time","Route Type","Road Name","Cross-Street Name","Off-Road Description","Municipality","Related Non-Motorist","Collision Type","Weather","Surface Condition","Light","Traffic Control","Driver Substance Abuse","Non-Motorist Substance Abuse","Person ID","Pedestrian Type","Pedestrian Movement","Pedestrian Actions","Pedestrian Location","At Fault","Injury Severity","Safety Equipment","Latitude","Longitude","Location"
"MCP2699001W","250014786","MONTGOMERY","Injury Crash","04/04/2025 10:15:00 PM",,,,"Driveway        DRIVEWAY OF 5201 RANDOLPH RD",,"Pedestrian","Single Vehicle","Clear",,"Dark - Unknown Lighting",,,"Not Suspect of Alcohol Use, Not Suspect of Drug Use","54ED8172-8941-429D-BB75-CAC20C8BF3E8","Pedestrian","Other","Entering/Exiting Parked/Standing Vehicle","Other","No","Suspected Serious Injury","None","39.05387811","-77.10338482","    (39.05387811, -77.10338482)"
"MCP32690041","250014622","MONTGOMERY","Injury Crash","04/04/2025 01:44:00 AM","Maryland (State) Route","NEW HAMPSHIRE AVE",,,,"Pedestrian","Single Vehicle","Rain","Wet","Dark - Lighted","No Controls","Unknown, Unknown","Suspect of Alcohol Use, Not Suspect of Drug Use","98DB4C95-7480-4116-8F38-416DD020B765","Pedestrian","Unknown","Inattentive (Talking, Eating, etc.)","Shared Lane Markings)","No","Suspected Serious Injury","None","39.04852236","-76.9929361","    (39.04852236, -76.9929361)"
"MCP233900BC","250014573","MONTGOMERY","Injury Crash","04/03/2025 06:20:00 PM","County Route","BALTIMORE RD",,,,"Pedestrian","Single Vehicle","Clear","Dry","Daylight","Pedestrian Crossing Sign","Not Suspect of Alcohol Use, Not Suspect of Drug Use","Not Suspect of Alcohol Use, Not Suspect of Drug Use","9FE35BB6-B888-4D17-9369-7468214ED4A3","Pedestrian","Other","None (No Improper Action)","Intersection Marked Crosswalk","No","Suspected Serious Injury","None","39.09070356","-77.11494712","    (39.09070356, -77.11494712)"
"MCP233900BC","250014573","MONTGOMERY","Injury Crash","04/03/2025 06:20:00 PM","County Route","BALTIMORE RD",,,,"Pedestrian","Single Vehicle","Clear","Dry","Daylight","Pedestrian Crossing Sign","Not Suspect of Alcohol Use, Not Suspect of Drug Use","Not Suspect of Alcohol Use, Not Suspect of Drug Use","64CE10ED-1449-4ACE-94E9-C207BE26AF44","Pedestrian","Other","None (No Improper Action)","Intersection Marked Crosswalk","No","Suspected Minor Injury","None","39.09070356","-77.11494712","    (39.09070356, -77.11494712)"
"MCP28980060","250014774","MONTGOMERY","Injury Crash","04/03/2025 05:00:00 PM","County Route","SHADY GROVE RD (SB/L)","COMPRINT CT",,,"Pedestrian","Single Vehicle","Unknown",,"Daylight","Traffic Control Signal","Unknown, Unknown","Unknown, Unknown","336D92AF-3803-48F1-8C7B-AFB4FB0FC6E2","Pedestrian","Cross/Enter at Intersection","Unknown","Intersection Marked Crosswalk","No","Possible Injury","None","39.11913916","-77.18279159","    (39.11913916, -77.18279159)"
"DD56430058","250014417","ROCKVILLE","Injury Crash","04/02/2025 07:55:00 PM","Municipality Route","THOMPSON AVE",,,,"Pedestrian","Single Vehicle","Clear","Dry","Dark - Lighted","Stop Sign",,"Not Suspect of Alcohol Use, Not Suspect of Drug Use","F0C0795C-DBAE-4DDC-872A-740C4DE65FAC","Pedestrian","Walking/Cycling on Sidewalk","None (No Improper Action)","Intersection Marked Crosswalk","No","Suspected Minor Injury","None","39.05938668","-77.12141418","    (39.05938668, -77.12141418)"
"MCP3450000X","250014393","MONTGOMERY","Injury Crash","04/02/2025 05:25:00 PM","County Route","ASTON MANOR DR","BRIGGS CHANEY RD (WB/L)",,,"Pedestrian","Single Vehicle","Clear","Dry","Daylight","Stop Sign","Not Suspect of Alcohol Use, Not Suspect of Drug Use","Not Suspect of Alcohol Use, Not Suspect of Drug Use","71C76D9D-BE3C-41A6-B7C8-5DCB5931E31B","Pedestrian","Walking/Cycling on Sidewalk","None (No Improper Action)","Intersection Marked Crosswalk","No","Suspected Minor Injury","None","39.07603717","-76.9408805","    (39.07603717, -76.9408805)"
"MCP30900087","250014386","MONTGOMERY","Injury Crash","04/02/2025 04:30:00 PM","Maryland (State) Route","MUNCASTER MILL RD (WB/L)",,,,"Pedestrian","Single Vehicle","Cloudy","Dry","Daylight","No Controls","Not Suspect of Alcohol Use, Not Suspect of Drug Use","Not Suspect of Alcohol Use, Not Suspect of Drug Use","DBC63A7F-77E5-4369-B609-3D477F64E97A","Pedestrian","Cross/Enter Not at Intersection","Dart/Dash","Travel Lane Other Location","Yes","Suspected Minor Injury","None","39.15861606","-77.15992111","    (39.15861606, -77.15992111)"
"EJ78950075","250014278","GAITHERSBURG","Injury Crash","04/02/2025 06:55:00 AM","Local Route","ROCKWELL AVE",,,,"Pedestrian","Single Vehicle","Clear","Dry","Daylight","No Controls","Not Suspect of Alcohol Use, Not Suspect of Drug Use","Not Suspect of Alcohol Use, Not Suspect of Drug Use","0C53C11D-02A2-40D5-8500-2E08274B50E7","Pedestrian","Cross/Enter Not at Intersection","None (No Improper Action)","Shoulder/Roadside","No","Possible Injury","None","39.11074417","-77.19636783","    (39.11074417, -77.19636783)"
"MCP3080005G","250014048","MONTGOMERY","Injury Crash","04/01/2025 06:35:00 PM","County Route","WATERS LANDING DR",,,,"Pedestrian","Single Vehicle","Clear","Wet","Daylight","No Controls","Not Suspect of Alcohol Use, Not Suspect of Drug Use","Not Suspect of Alcohol Use, Not Suspect of Drug Use","701276EA-E67F-4D65-8991-622F25B4DA35","Pedestrian","None","Unknown","Intersection Unmarked Crosswalk","Yes","Suspected Minor Injury","None","39.19163817","-77.2790653","    (39.19163817, -77.2790653)"
"MCP233900B9","250014174","MONTGOMERY","Injury Crash","04/01/2025 03:16:00 PM",,,,"Service Road        SHOPPING CENTER EXIT ONTO SHADY GROVE RD",,"Pedestrian","Single Vehicle","Clear",,"Daylight",,"Unknown, Unknown","Not Suspect of Alcohol Use, Not Suspect of Drug Use","0BE6A02F-C3CB-4E4D-ABF2-E1C68E020D3C","Pedestrian","Cross/Enter at Intersection","None (No Improper Action)","Intersection Unmarked Crosswalk","No","Suspected Minor Injury","None","39.12079777","-77.17933523","    (39.12079777, -77.17933523)"
"HA2414001J","25000564","MCPARK","Injury Crash","04/01/2025 08:20:00 AM","Government Route","SLIGO CREEK PKWY",,,,"Pedestrian","Single Vehicle","Clear","Dry","Daylight","Stop Sign","Unknown, Unknown","Not Suspect of Alcohol Use, Not Suspect of Drug Use","6EA6C03D-E209-4D47-B6B3-E78B99606C48","Pedestrian","Cross/Enter at Intersection","None (No Improper Action)","Intersection Marked Crosswalk","No","Suspected Minor Injury","None","39.00258307","-77.01311251","    (39.00258307, -77.01311251)"
"MCP2671004B","250014072","MONTGOMERY","Property Damage Crash","03/31/2025 08:50:00 PM",,,,"Parking Lot Way        GROCERY STORE PARKING LOT",,"Pedestrian","Single Vehicle","Cloudy",,"Dark - Lighted",,"Unknown, Unknown","Not Suspect of Alcohol Use, Not Suspect of Drug Use","77662BAE-FCA6-4DF9-BB2D-FE461353D3D4","Pedestrian","Other","None (No Improper Action)","Intersection Marked Crosswalk","No","No Apparent Injury","None","38.99175865","-77.03202445","    (38.99175865, -77.03202445)"
"MCP2450005R","250014026","MONTGOMERY","Injury Crash","03/31/2025 04:48:00 PM",,,,"Parking Lot Way        BOOTH ST AND MAIN ST. ENTRANCE TO SHOPPING CENTER",,"Pedestrian","Single Vehicle","Clear",,"Daylight",,"Not Suspect of Alcohol Use, Not Suspect of Drug Use","Not Suspect of Alcohol Use, Not Suspect of Drug Use","6763A0E2-B7B0-4004-B1E5-D53B5D05735F","Pedestrian","Unknown","Unknown","Intersection Marked Crosswalk","No","Suspected Serious Injury","None","39.12482094","-77.23980126","    (39.12482094, -77.23980126)"
"EJ7903003F","250013588","GAITHERSBURG","Injury Crash","03/30/2025 02:25:00 PM",,,,"Parking Aisle        SERV ROAD BETWEEN STARBUCKS AND LIBERTY GAS",,"Pedestrian","Single Vehicle","Clear",,"Daylight",,"Unknown, Unknown","Not Suspect of Alcohol Use, Not Suspect of Drug Use","DAB51B99-3927-407F-A3A5-572DB2BB116B","Pedestrian","Walking/Cycling on Sidewalk","None (No Improper Action)","Shoulder/Roadside","No","Suspected Minor Injury","Unknown","39.11781889","-77.25183302","    (39.11781889, -77.25183302)"
"MCP9318003V","250013760","MONTGOMERY","Injury Crash","03/29/2025 08:23:00 PM","County Route","ADELPHI RD (WB/L)","NEW HAMPSHIRE AVE",,,"Pedestrian","Single Vehicle","Clear","Dry","Dark - Lighted","Traffic Control Signal","Not Suspect of Alcohol Use, Not Suspect of Drug Use, Not Suspect of Alcohol Use, Not Suspect of Drug Use, Unknown, Unknown","Not Suspect of Alcohol Use, Not Suspect of Drug Use","0C318107-E6BF-4F91-A24E-835C683887D7","Pedestrian","Cross/Enter at Intersection","Unknown","Intersection Marked Crosswalk","No","Suspected Minor Injury","Unknown","39.01146049","-76.97885649","    (39.01146049, -76.97885649)"
"MCP3094005Z","250013736","MONTGOMERY","Injury Crash","03/29/2025 04:35:00 PM","County Route","ROSEMARK CT","DREXEL HILL CIR",,,"Cyclist (non-electric)","Single Vehicle","Clear","Dry","Daylight","No Controls","Not Suspect of Alcohol Use, Not Suspect of Drug Use","Not Suspect of Alcohol Use, Not Suspect of Drug Use","9DDB2709-6B38-4402-B345-243A9740FEBA","Cyclist (non-electric)","Cross/Enter at Intersection","Failure to Yield Right-Of-Way","Intersection Other","Yes","Suspected Minor Injury","None","39.18405253","-77.18204946","    (39.18405253, -77.18204946)"
"MCP2771004Y","250013710","MONTGOMERY","Injury Crash","03/29/2025 02:03:00 PM","Maryland (State) Route","GEORGIA AVE",,,,"Pedestrian","Single Vehicle","Cloudy","Dry","Daylight","Other","Not Suspect of Alcohol Use, Not Suspect of Drug Use","Not Suspect of Alcohol Use, Not Suspect of Drug Use","473C1DF6-E334-4842-BA15-2957239B90E3","Pedestrian","Cross/Enter Not at Intersection","Other","Travel Lane Other Location","No","Suspected Minor Injury","Unknown","39.05289162","-77.05079097","    (39.05289162, -77.05079097)"
"MCP29320083","250013641","MONTGOMERY","Injury Crash","03/28/2025 09:52:00 PM",,,,"Parking Lot Way        PARKING LOT NEXT TO 529 SOUTHAMPTON DRIVE",,"Pedestrian","Single Vehicle","Clear",,"Dark - Lighted",,"Unknown, Unknown","Not Suspect of Alcohol Use, Not Suspect of Drug Use","09B3273F-E43B-46C4-909A-7FAD69ADC6C7","Pedestrian","Other","None (No Improper Action)","Other","No","Suspected Minor Injury","None","39.0075184","-76.98555407","    (39.0075184, -76.98555407)"
"EJ7902001V","250013364","GAITHERSBURG","Injury Crash","03/28/2025 09:20:00 PM","Maryland (State) Route","FREDERICK RD",,,,"Pedestrian","Single Vehicle","Clear","Dry","Dark - Lighted","Traffic Control Signal","Not Suspect of Alcohol Use, Not Suspect of Drug Use","Not Suspect of Alcohol Use, Not Suspect of Drug Use","526B7C91-3F55-496A-A595-65E920C12A26","Pedestrian","Cross/Enter at Intersection","None (No Improper Action)","Intersection Marked Crosswalk","No","Suspected Minor Injury","None","39.1484906","-77.20697516","    (39.1484906, -77.20697516)"
"MCP3148007T","250013618","MONTGOMERY","Injury Crash","03/28/2025 06:28:00 PM","County Route",,"SPENCER RD",,,"Pedestrian","Single Vehicle","Rain","Wet","Daylight","Pedestrian Crossing","Not Suspect of Alcohol Use, Not Suspect of Drug Use","Not Suspect of Alcohol Use, Not Suspect of Drug Use","D9745F27-DC54-4FAF-85BE-5BEB4759FF36","Pedestrian","Cross/Enter at Intersection","None (No Improper Action)","Intersection Marked Crosswalk","No","Possible Injury","None","38.99445827","-77.05319378","    (38.99445827, -77.05319378)"
"MCP3148007T","250013618","MONTGOMERY","Injury Crash","03/28/2025 06:28:00 PM","County Route",,"SPENCER RD",,,"Pedestrian","Single Vehicle","Rain","Wet","Daylight","Pedestrian Crossing","Not Suspect of Alcohol Use, Not Suspect of Drug Use","Not Suspect of Alcohol Use, Not Suspect of Drug Use","EDDC7971-DDAD-434F-B301-D70BC7264185","Pedestrian","Cross/Enter at Intersection","None (No Improper Action)","Intersection Marked Crosswalk","No","Possible Injury","None","38.99445827","-77.05319378","    (38.99445827, -77.05319378)"
"MCP2756006J","250013602","MONTGOMERY","Injury Crash","03/28/2025 05:17:00 PM","Local Route","WHEATON PLZ RING RD CUT","WESTFIELD S ENT/WMATA ENT",,,"Wheelchair (electric)","Single Vehicle","Cloudy","Dry","Daylight","Stop Sign","Unknown, Unknown","Not Suspect of Alcohol Use, Not Suspect of Drug Use","65410B20-A584-447E-BCE4-819EF4950A45","Wheelchair (electric)","Cross/Enter at Intersection","None (No Improper Action)","Intersection Marked Crosswalk","No","Suspected Minor Injury","None","39.03663297","-77.05179798","    (39.03663297, -77.05179798)"
"MCP3225005J","250013463","MONTGOMERY","Injury Crash","03/27/2025 08:35:00 PM","County Route","ASPEN HILL RD",,,,"Pedestrian","Single Vehicle","Clear","Dry","Dark - Lighted","Traffic Control Signal","Unknown, Unknown","Not Suspect of Alcohol Use, Not Suspect of Drug Use","1918C34F-281D-466A-87FB-18F835BE1C24","Pedestrian","Cross/Enter at Intersection","None (No Improper Action)","Intersection Marked Crosswalk","No","Possible Injury","None","39.08053131","-77.0755094","    (39.08053131, -77.0755094)"
"DD56510063","250013447","ROCKVILLE","Injury Crash","03/27/2025 06:37:00 PM","Municipality Route","HALPINE RD (EB/L)",,,,"Pedestrian","Single Vehicle","Clear","Dry","Daylight","Traffic Control Signal","Unknown, Unknown","Not Suspect of Alcohol Use, Not Suspect of Drug Use","C53F612D-80F7-48AD-8EE4-07320170363E","Pedestrian","Cross/Enter at Intersection","None (No Improper Action)","Intersection Marked Crosswalk","No","Suspected Minor Injury","None","39.06129209","-77.12499069","    (39.06129209, -77.12499069)"
"MCP9379005D","250013332","MONTGOMERY","Injury Crash","03/27/2025 06:30:00 AM","County Route","CRABBS BRANCH WAY","SHADY GROVE RD",,,"Pedestrian","Single Vehicle","Clear","Dry","Dark - Lighted","Traffic Control Signal","Unknown, Unknown","Unknown, Not Suspect of Drug Use","7A2DCB3D-0184-4A54-A2E1-A94BF38235AC","Pedestrian","Cross/Enter at Intersection","None (No Improper Action)","Intersection Marked Crosswalk","No","Suspected Minor Injury","None","39.12869752","-77.16755539","    (39.12869752, -77.16755539)"
"EJ7907001T","250013081","GAITHERSBURG","Property Damage Crash","03/25/2025 05:09:00 PM","Municipality Route","SPECTRUM BLVD SB/L","W WATKINS MILL RD (SB/L)",,,"Pedestrian","Single Vehicle","Clear","Dry","Daylight","Traffic Control Signal","Not Suspect of Alcohol Use, Not Suspect of Drug Use","Not Suspect of Alcohol Use, Not Suspect of Drug Use","18B3DC83-4E7E-477E-8AB1-A6C84AA750FA","Pedestrian","Cross/Enter at Intersection","None (No Improper Action)","Intersection Marked Crosswalk","No","No Apparent Injury","None","39.15813055","-77.22193192","    (39.15813055, -77.22193192)"
"MCP3255006S","250013061","MONTGOMERY","Injury Crash","03/25/2025 03:50:00 PM","County Route","CENTER CT (EB/L)",,,,"Scooter (electric)","Single Vehicle","Clear","Dry","Daylight","Stop Sign","Not Suspect of Alcohol Use, Not Suspect of Drug Use","Not Suspect of Alcohol Use, Not Suspect of Drug Use","C8F8BCC0-F16A-4A32-BCB3-EE6A5A2BD155","Scooter (electric)","Cross/Enter at Intersection","None (No Improper Action)","Intersection Unmarked Crosswalk","No","Possible Injury","None","39.16790222","-77.2051496","    (39.16790222, -77.2051496)"
"EJ787300B9","250012892","GAITHERSBURG","Injury Crash","03/24/2025 04:43:00 PM",,,,"Parking Lot Way        PARKING LOT OF 880 RUSSELL AVE GAITHERSBURG, MD 20878",,"Pedestrian","Single Vehicle","Clear",,"Daylight",,"Not Suspect of Alcohol Use, Not Suspect of Drug Use","Not Suspect of Alcohol Use, Not Suspect of Drug Use","BDFD0DDB-EACB-494F-A517-FAFC9F394D6D","Pedestrian","Other","None (No Improper Action)","Other","No","Possible Injury","None","39.15615461","-77.21381064","    (39.15615461, -77.21381064)"
"MCP2637005Y","250012815","MONTGOMERY","Injury Crash","03/24/2025 11:22:00 AM","County Route","TRAVILAH RD",,,,"Pedestrian","Single Vehicle","Rain","Wet","Daylight","Stop Sign","Not Suspect of Alcohol Use, Not Suspect of Drug Use","Not Suspect of Alcohol Use, Not Suspect of Drug Use","961AE0F6-780E-4EA7-BE0B-D54F4DF5456C","Pedestrian","Cross/Enter at Intersection","None (No Improper Action)","Intersection Marked Crosswalk","No","Suspected Minor Injury","None","39.08299151","-77.23209954","    (39.08299151, -77.23209954)"
"MCP2637005X","250012580","MONTGOMERY","Injury Crash","03/22/2025 01:39:00 PM","County Route","PENFOLD CT",,,,"Pedestrian, Wheelchair (non-electric)","Single Vehicle","Cloudy","Dry","Daylight","No Controls","Not Suspect of Alcohol Use, Not Suspect of Drug Use","Not Suspect of Alcohol Use, Not Suspect of Drug Use","45C2C1BE-4DC1-47CD-B3A6-87F03A4BE8F4","Pedestrian","Walking/Cycling Along Roadway Against Traffic (In or Adjacent to Travel Lane)","None (No Improper Action)","Travel Lane Other Location","No","No Apparent Injury","None","39.05540906","-77.20670766","    (39.05540906, -77.20670766)"
"MCP2637005X","250012580","MONTGOMERY","Injury Crash","03/22/2025 01:39:00 PM","County Route","PENFOLD CT",,,,"Pedestrian, Wheelchair (non-electric)","Single Vehicle","Cloudy","Dry","Daylight","No Controls","Not Suspect of Alcohol Use, Not Suspect of Drug Use","Not Suspect of Alcohol Use, Not Suspect of Drug Use","90345DBE-536F-4D67-826F-8AD5AFCFF6FE","Wheelchair (non-electric)","Walking/Cycling Along Roadway With Traffic (In or Adjacent to Travel Lane)","None (No Improper Action)","Travel Lane Other Location","No","Possible Injury","None","39.05540906","-77.20670766","    (39.05540906, -77.20670766)"
"MCP302600DL","250012584","MONTGOMERY","Injury Crash","03/21/2025 06:20:00 PM",,,,"Parking Lot Way        ENTRANCE / EXIT TO PARKING GARAGE",,"Wheelchair (electric)","Single Vehicle","Clear",,"Unknown",,"Unknown, Unknown","Not Suspect of Alcohol Use, Not Suspect of Drug Use","6FDECB7B-D95E-430C-ADB1-1357DCF3C72D","Wheelchair (electric)","Walking/Cycling Along Roadway With Traffic (In or Adjacent to Travel Lane)","None (No Improper Action)","Driveway Access","No","Suspected Minor Injury","Other","39.04269526","-77.11276741","    (39.04269526, -77.11276741)"
"MCP33950032","250012800","MONTGOMERY","Injury Crash","03/21/2025 04:28:00 PM","County Route",,"BEACH DR EAST WEST HWY",,,"Cyclist (non-electric)","Single Vehicle","Clear","Dry","Daylight","Traffic Control Signal","Unknown, Unknown","Unknown, Unknown","6F4C902B-BFF8-47D6-A80E-4228B51868DC","Cyclist (non-electric)","Unknown","Unknown","Intersection Marked Crosswalk","No","Possible Injury","Helmet","38.99317802","-77.06341918","    (38.99317802, -77.06341918)"
"DD55380055","250012450","ROCKVILLE","Injury Crash","03/21/2025 03:58:00 PM","Municipality Route","CABIN JOHN PKWY","E LYNFIELD DR",,,"Scooter (electric)","Single Vehicle","Clear","Dry","Daylight","No Controls","Not Suspect of Alcohol Use, Not Suspect of Drug Use","Not Suspect of Alcohol Use, Not Suspect of Drug Use","48571C60-8561-4F30-907C-E329D4005FE4","Scooter (electric)","Cross/Enter at Intersection","Dart/Dash","Intersection Unmarked Crosswalk","Yes","Suspected Minor Injury","None","39.07466819","-77.15089361","    (39.07466819, -77.15089361)"
"DD55380055","250012450","ROCKVILLE","Injury Crash","03/21/2025 03:58:00 PM","Municipality Route","CABIN JOHN PKWY","E LYNFIELD DR",,,"Scooter (electric)","Single Vehicle","Clear","Dry","Daylight","No Controls","Not Suspect of Alcohol Use, Not Suspect of Drug Use","Not Suspect of Alcohol Use, Not Suspect of Drug Use","4C9E61DF-DFB9-422B-AA6C-1EEA299BF585","Scooter (electric)","Cross/Enter at Intersection","Dart/Dash","Intersection Unmarked Crosswalk","No","Suspected Minor Injury","None","39.07466819","-77.15089361","    (39.07466819, -77.15089361)"
"MCP34240016","250012382","MONTGOMERY","Injury Crash","03/21/2025 09:37:00 AM","Municipality Route","W DIAMOND AVE",,,,"Pedestrian","Single Vehicle","Clear","Dry","Daylight","No Controls","Not Suspect of Alcohol Use, Not Suspect of Drug Use","Not Suspect of Alcohol Use, Not Suspect of Drug Use","2B17B4AA-F880-479C-A56C-4B1AE2491A83","Pedestrian","Cross/Enter Not at Intersection","Failure to Obey Traffic Signs, Signals, or Officer, Inattentive (Talking, Eating, etc.)","Travel Lane Other Location","Yes","Suspected Minor Injury","None","39.1408595","-77.19580067","    (39.1408595, -77.19580067)"
"MCP3276003G","250012336","MONTGOMERY","Injury Crash","03/20/2025 10:27:00 PM","Local Route","SILVER SPRING AVE","GEORGIA AVE (SB/L)",,,"Scooter (electric)","Single Vehicle","Clear","Wet","Dark - Lighted","Traffic Control Signal","Not Suspect of Alcohol Use, Not Suspect of Drug Use","Not Suspect of Alcohol Use, Not Suspect of Drug Use","DEF72A03-75A2-45C5-A10A-10398ACFD6A3","Scooter (electric)","Cross/Enter at Intersection","Failure to Obey Traffic Signs, Signals, or Officer","Intersection Unmarked Crosswalk","No","Suspected Minor Injury","None","38.99155184","-77.02674788","    (38.99155184, -77.02674788)"
"MCP156300BB","250012172","MONTGOMERY","Injury Crash","03/20/2025 07:31:00 AM","County Route","WINNETT RD","POMANDER LA",,,"Pedestrian","Single Vehicle","Clear","Dry","Daylight","Stop Sign","Not Suspect of Alcohol Use, Not Suspect of Drug Use","Not Suspect of Alcohol Use, Not Suspect of Drug Use","DFFB8F0F-67F4-49A8-8AF4-A295F15F6D37","Pedestrian","Cross/Enter at Intersection","None (No Improper Action)","Intersection Unmarked Crosswalk","No","Suspected Minor Injury","None","38.98053967","-77.06313583","    (38.98053967, -77.06313583)"
"DD5668001M","250012127","ROCKVILLE","Injury Crash","03/19/2025 07:28:00 PM","Other Public Roadway","CROFTON HILL LA",,,,"Pedestrian","Single Vehicle","Clear","Dry","Dark - Lighted","No Controls","Not Suspect of Alcohol Use, Not Suspect of Drug Use","Not Suspect of Alcohol Use, Not Suspect of Drug Use","8B2D4CB1-D4DE-4452-98C4-583CF9081D76","Pedestrian","Walking/Cycling Along Roadway With Traffic (In or Adjacent to Travel Lane)","Wrong-Way Riding or Walking","Shared Use Path or Trail","No","Possible Injury","None","39.08976327","-77.18060861","    (39.08976327, -77.18060861)"
"MCP2931007N","250012120","MONTGOMERY","Injury Crash","03/19/2025 06:36:00 PM","County Route","TWINBROOK PKWY",,,,"Scooter (electric)","Single Vehicle","Clear","Dry","Daylight","No Controls","Not Suspect of Alcohol Use, Not Suspect of Drug Use","Not Suspect of Alcohol Use, Not Suspect of Drug Use","8BDD1F28-55DE-4C85-A11E-6042F1FA673F","Scooter (electric)","None","None (No Improper Action), Unknown","Travel Lane Other Location","No","Suspected Serious Injury","None","39.06827067","-77.11413267","    (39.06827067, -77.11413267)"
"MCP2931007N","250012120","MONTGOMERY","Injury Crash","03/19/2025 06:36:00 PM","County Route","TWINBROOK PKWY",,,,"Scooter (electric)","Single Vehicle","Clear","Dry","Daylight","No Controls","Not Suspect of Alcohol Use, Not Suspect of Drug Use","Not Suspect of Alcohol Use, Not Suspect of Drug Use","8CA5CF67-4C01-4565-9C3E-0C99371B061F","Scooter (electric)","Other","None (No Improper Action), Unknown","Travel Lane Other Location","Yes","No Apparent Injury","None","39.06827067","-77.11413267","    (39.06827067, -77.11413267)"
"MCP33840018","250012047","MONTGOMERY","Injury Crash","03/19/2025 02:20:00 PM","Maryland (State) Route","COLESVILLE RD","WMATA ENT",,,"Pedestrian","Single Vehicle","Clear","Dry","Daylight","Flashing Traffic Control Signal","Unknown, Unknown","Unknown, Unknown","3CD8804D-66BF-4311-87FF-772AED0EEF39","Pedestrian","Cross/Enter at Intersection","Unknown","Unknown","No","Suspected Minor Injury","None","38.99420706","-77.03103005","    (38.99420706, -77.03103005)"
"MCP1550005X","250012025","MONTGOMERY","Injury Crash","03/19/2025 12:55:00 PM","County Route","WOODGLEN DR (NB/L)","SECURITY LA",,,"Pedestrian","Single Vehicle","Clear","Dry","Daylight","Stop Sign","Not Suspect of Alcohol Use, Not Suspect of Drug Use","Not Suspect of Alcohol Use, Not Suspect of Drug Use","D1B762A2-CDF6-489D-973F-56E1B38D2B54","Pedestrian","Cross/Enter at Intersection","None (No Improper Action)","Intersection Marked Crosswalk","No","Suspected Minor Injury","None","39.04194967","-77.11322117","    (39.04194967, -77.11322117)"
"DD5671000Y","250011825","ROCKVILLE","Injury Crash","03/18/2025 11:30:00 AM","Municipality Route",,"LEWIS AVE",,,"Pedestrian","Single Vehicle","Clear","Dry","Daylight","Stop Sign","Not Suspect of Alcohol Use, Not Suspect of Drug Use","Not Suspect of Alcohol Use, Not Suspect of Drug Use","D383F06A-6561-4EC2-B3E7-8522AA243C04","Pedestrian","Cross/Enter at Intersection","Unknown","Intersection Marked Crosswalk","No","Suspected Serious Injury","None","39.07497378","-77.134219","    (39.07497378, -77.134219)"