"Report Number","Local Case Number","Agency Name","ACRS Report Type","Crash Date/Time","Route Type","Road Name","Cross-Street Name","Off-Road Description","Municipality","Related Non-Motorist","Collision Type","Weather","Surface Condition","Light","Traffic Control","Driver Substance Abuse","Non-Motorist Substance Abuse","Person ID","Pedestrian Type","Pedestrian Movement","Pedestrian Actions","Pedestrian Location","At Fault","Injury Severity","Safety Equipment","Latitude","Longitude","Location"
"MCP235300D3","250011815","MONTGOMERY","Injury Crash","03/18/2025 10:45:00 AM","Government Route","BEACH DR","FRANKLIN ST",,,"Cyclist (non-electric)","Single Vehicle","Cloudy","Dry","Daylight","No Controls","Not Suspect of Alcohol Use, Not Suspect of Drug Use","Not Suspect of Alcohol Use, Not Suspect of Drug Use","3D934EBE-5F5E-4324-AE87-EFD3AC355273","Cyclist (non-electric)","Walking/Cycling Along Roadway With Traffic (In or Adjacent to Travel Lane)","None (No Improper Action)","Shoulder/Roadside","No","Suspected Minor Injury","Helmet","39.01949057","-77.0976496","    (39.01949057, -77.0976496)"
"MCP3379001R","250011687","MONTGOMERY","Injury Crash","03/17/2025 03:44:00 PM","Maryland (State) Route","GERMANTOWN RD (SB/L)",,,,"Scooter (electric)","Single Vehicle","Clear","Dry","Daylight","Traffic Control Signal","Not Suspect of Alcohol Use, Not Suspect of Drug Use","Not Suspect of Alcohol Use, Not Suspect of Drug Use","3F759634-DB52-4692-B051-955264983B7A","Scooter (electric)","Cross/Enter at Intersection","Failure to Obey Traffic Signs, Signals, or Officer, Failure to Yield Right-Of-Way","Intersection Marked Crosswalk","Yes","Suspected Minor Injury","None","39.16716675","-77.28062683","    (39.16716675, -77.28062683)"
"MCP283200BL","250011627","MONTGOMERY","Injury Crash","03/17/2025 10:45:00 AM","Municipality Route","FARRAGUT AVE","LEXINGTON ST",,,"Pedestrian","Single Vehicle","Clear","Dry","Daylight","Stop Sign","Not Suspect of Alcohol Use, Not Suspect of Drug Use","Not Suspect of Alcohol Use, Not Suspect of Drug Use","4255432F-FE24-43BB-83D9-3BA46D745617","Pedestrian","Cross/Enter at Intersection","Other","Intersection Unmarked Crosswalk","No","Possible Injury","None","39.03184022","-77.07236932","    (39.03184022, -77.07236932)"
"MCP2445006T","250011609","MONTGOMERY","Injury Crash","03/17/2025 09:36:00 AM","County Route","OBSERVATION DR (SB/L)","MILESTONE CENTER DR (NB/L)",,,"Pedestrian","Single Vehicle","Cloudy","Dry","Daylight","Traffic Control Signal","Not Suspect of Alcohol Use, Not Suspect of Drug Use","Not Suspect of Alcohol Use, Not Suspect of Drug Use","AEF5C360-D8B8-41BE-A97A-69D3241646F0","Pedestrian","Cross/Enter at Intersection","None (No Improper Action)","Intersection Marked Crosswalk","No","Possible Injury","None","39.20382167","-77.25976667","    (39.20382167, -77.25976667)"
"MCP3258004Y","250011265","MONTGOMERY","Property Damage Crash","03/14/2025 04:29:00 PM","Maryland (State) Route","UNIVERSITY BLVD W",,,,"Cyclist (Electric)","Single Vehicle","Clear","Dry","Daylight","Traffic Control Signal","Not Suspect of Alcohol Use, Not Suspect of Drug Use","Not Suspect of Alcohol Use, Not Suspect of Drug Use","16C44B94-1B6A-440E-B8D4-1A0868D97AC2","Cyclist (Electric)","Walking/Cycling Along Roadway With Traffic (In or Adjacent to Travel Lane)","None (No Improper Action)","Other","No","No Apparent Injury","None","39.04138277","-77.04892881","    (39.04138277, -77.04892881)"
"MCP2674005Y","250011109","MONTGOMERY","Injury Crash","03/13/2025 05:45:00 PM",,,,"Driveway        DRIVE OF 6525 OLNEY LAYTONSVILLE RD",,"Cyclist (non-electric)","Single Vehicle","Clear",,"Daylight",,"Not Suspect of Alcohol Use, Not Suspect of Drug Use","Not Suspect of Alcohol Use, Not Suspect of Drug Use","2344534F-D245-40DA-A98C-E9F57BB4095B","Cyclist (non-electric)","Walking/Cycling on Sidewalk","None (No Improper Action)","Sidewalk","No","Possible Injury","Helmet","39.19897572","-77.13290312","    (39.19897572, -77.13290312)"
"MCP2764003T","250011113","MONTGOMERY","Property Damage Crash","03/13/2025 05:15:00 PM","Spur",,"PARKLAWN DR (SB/L) RANDOLPH RD",,,"Cyclist (non-electric)","Single Vehicle","Clear","Dry","Daylight","Traffic Control Signal","Not Suspect of Alcohol Use, Not Suspect of Drug Use","Unknown, Unknown","696A8527-8B3B-4D55-B19D-6231059C2666","Cyclist (non-electric)","Unknown","Unknown","Intersection Marked Crosswalk","Yes","No Apparent Injury","None","39.0533756","-77.10580968","    (39.0533756, -77.10580968)"
"MCP30900083","250011096","MONTGOMERY","Injury Crash","03/13/2025 04:51:00 PM","Maryland (State) Route",,,,,"Cyclist (Electric)","Single Vehicle","Clear","Dry","Daylight","No Controls","Not Suspect of Alcohol Use, Not Suspect of Drug Use","Not Suspect of Alcohol Use, Not Suspect of Drug Use","A226A5C9-12CC-4AC9-BA35-99E07BE845D5","Cyclist (Electric)","Walking/Cycling Along Roadway With Traffic (In or Adjacent to Travel Lane)","Improper Passing","Shoulder/Roadside","Yes","Suspected Serious Injury","Helmet","39.14289533","-77.13973867","    (39.14289533, -77.13973867)"
"MCP3423001D","250010989","MONTGOMERY","Injury Crash","03/13/2025 07:50:00 AM","County Route","FEATHERWOOD ST",,,,"Pedestrian","Single Vehicle","Clear","Dry","Daylight","No Controls","Not Suspect of Alcohol Use, Not Suspect of Drug Use","Not Suspect of Alcohol Use, Not Suspect of Drug Use","1E312939-A106-4EE0-908D-A2FBC7E69A6A","Pedestrian","Getting Off/On Vehicle","None (No Improper Action)","Travel Lane Other Location","No","Possible Injury","Lighting, Reflective Wear (backpack, triangles, etc.)","39.05773683","-76.9712545","    (39.05773683, -76.9712545)"
"MCP219800H2","250010863","MONTGOMERY","Injury Crash","03/12/2025 02:41:00 PM","Maryland (State) Route","QUINCE ORCHARD RD",,,,"Pedestrian","Single Vehicle","Clear","Dry","Daylight","Traffic Control Signal","Not Suspect of Alcohol Use, Not Suspect of Drug Use","Not Suspect of Alcohol Use, Not Suspect of Drug Use","905F43A3-67D9-4386-813C-D909C9A06F5E","Pedestrian","Cross/Enter at Intersection","None (No Improper Action)","Intersection Marked Crosswalk","No","Suspected Serious Injury","None","39.11882921","-77.25173402","    (39.11882921, -77.25173402)"
"EJ7902001S","250010737","GAITHERSBURG","Injury Crash","03/11/2025 08:40:00 PM","Maryland (State) Route","W DIAMOND AVE (WB/L)",,,,"Scooter (electric)","Single Vehicle","Clear","Dry","Dark - Lighted","Traffic Control Signal","Not Suspect of Alcohol Use, Not Suspect of Drug Use","Not Suspect of Alcohol Use, Not Suspect of Drug Use","7436BCB4-467C-45A8-90DA-038BAE708285","Scooter (electric)","Cross/Enter at Intersection","None (No Improper Action)","Intersection Marked Crosswalk","No","Suspected Minor Injury","None","39.14022667","-77.20504017","    (39.14022667, -77.20504017)"
"MCP0617006R","250010594","MONTGOMERY","Injury Crash","03/10/2025 04:00:00 PM",,,,"Parking Lot Way        PARKING LOT OF GIANT FOOD 3860 INTERNATIONAL DR SILVER SPRING MD",,"Pedestrian","Single Vehicle","Clear",,"Daylight",,"Unknown, Unknown","Not Suspect of Alcohol Use, Not Suspect of Drug Use","77FCF994-457C-40CD-BD5A-96557EAC599A","Pedestrian","Other","None (No Improper Action)","Other","No","Suspected Minor Injury","None","39.10181354","-77.07564686","    (39.10181354, -77.07564686)"
"MCP23950030","250010491","MONTGOMERY","Injury Crash","03/10/2025 02:41:00 PM","County Route","MILBERN DR","POSTOAK RD",,,"Pedestrian","Single Vehicle","Clear","Dry","Daylight","No Controls","Not Suspect of Alcohol Use, Not Suspect of Drug Use","Unknown, Unknown","465D80FE-919A-440B-896C-11EB345029A7","Pedestrian","Cross/Enter at Intersection","Unknown","Intersection Marked Crosswalk","No","Suspected Serious Injury","None","39.05090721","-77.1772632","    (39.05090721, -77.1772632)"
"EJ79030040","250010495","GAITHERSBURG","Injury Crash","03/10/2025 02:00:00 PM",,,,"Parking Aisle        COSTCO PARKING LOT LOCATED AT 880 RUSSELL AVENUE",,"Pedestrian","Single Vehicle","Clear",,"Daylight",,"Not Suspect of Alcohol Use, Not Suspect of Drug Use","Not Suspect of Alcohol Use, Not Suspect of Drug Use","A2BA4AFF-9D79-4064-B8BE-C20B5690E8C9","Pedestrian","None","None (No Improper Action)","Other","No","Suspected Minor Injury","None","39.15658209","-77.21402032","    (39.15658209, -77.21402032)"
"MCP3038007T","250010370","MONTGOMERY","Injury Crash","03/09/2025 07:00:00 PM","US (State)","GEORGIA AVE","WAYNE AVE (WB/L)",,,"Cyclist (Electric)","Single Vehicle","Clear","Dry","Daylight","Traffic Control Signal","Not Suspect of Alcohol Use, Not Suspect of Drug Use","Not Suspect of Alcohol Use, Not Suspect of Drug Use","3224F152-39AA-4632-A25C-7D30A3C19CDD","Cyclist (Electric)","Cross/Enter at Intersection","Dart/Dash, Failure to Obey Traffic Signs, Signals, or Officer, Failure to Yield Right-Of-Way, In Roadway Improperly (Standing, Lying, Working, Playing)","Intersection Marked Crosswalk","Yes","Suspected Minor Injury","None","38.99460408","-77.02659987","    (38.99460408, -77.02659987)"
"EJ7907001Q","250010361","GAITHERSBURG","Injury Crash","03/09/2025 05:44:00 PM","County Route","MUDDY BRANCH RD (SB/L)",,,,"Pedestrian","Single Vehicle","Clear","Dry","Daylight","Traffic Control Signal","Not Suspect of Alcohol Use, Not Suspect of Drug Use","Not Suspect of Alcohol Use, Not Suspect of Drug Use","5932FF6D-835E-4A07-A596-C7ACC0F23AC7","Pedestrian","Cross/Enter at Intersection","Failure to Yield Right-Of-Way","Intersection Marked Crosswalk","No","Suspected Minor Injury","None","39.13482583","-77.20588133","    (39.13482583, -77.20588133)"
"MCP3427000S","250010250","MONTGOMERY","Injury Crash","03/08/2025 10:04:00 PM","County Route","ODENDHAL AVE (EB/L)","ROYAL BONNET CIR",,,"Scooter (electric)","Single Vehicle","Clear","Dry","Dark - Lighted","No Controls","Not Suspect of Alcohol Use, Not Suspect of Drug Use","Not Suspect of Alcohol Use, Not Suspect of Drug Use","891C4679-FA5B-4EBC-8B6E-DB1DAF2DAABA","Scooter (electric)","Walking/Cycling Along Roadway With Traffic (In or Adjacent to Travel Lane)","Unknown","OnStreet Bike Lanes","No","Suspected Serious Injury","None","39.15232397","-77.19420322","    (39.15232397, -77.19420322)"
"MCP2737006G","250010121","MONTGOMERY","Injury Crash","03/08/2025 01:31:00 AM","County Route","GLENALLAN AVE",,,,"Pedestrian","Single Vehicle","Clear","Dry","Dark - Unknown Lighting","No Controls","Unknown, Unknown","Suspect of Alcohol Use, Unknown","271495EB-7568-4A82-9F36-11BF5B52515B","Pedestrian","Unknown","Unknown","Unknown","No","Suspected Serious Injury","None","39.0640318","-77.0526093","    (39.0640318, -77.0526093)"
"MCP3411001Y","250009927","MONTGOMERY","Injury Crash","03/06/2025 07:48:00 PM","Spur",,,,,"Pedestrian","Single Vehicle","Clear","Dry","Dark - Lighted","Traffic Control Signal","Not Suspect of Alcohol Use, Not Suspect of Drug Use","Not Suspect of Alcohol Use, Not Suspect of Drug Use","58A1FEED-EF93-45D6-B3D5-427B302DB9E7","Pedestrian","Cross/Enter Not at Intersection","Not Visible (Dark Clothing, No Lighting, etc.)","Travel Lane Other Location","No","Possible Injury","None","39.02248539","-77.1026802","    (39.02248539, -77.1026802)"
"MCP31930069","250009746","MONTGOMERY","Injury Crash","03/05/2025 08:46:00 PM","Maryland (State) Route","GEORGIA AVE",,,,"Pedestrian","Single Vehicle","Rain","Wet","Dark - Lighted","Traffic Control Signal","Not Suspect of Alcohol Use, Not Suspect of Drug Use","Not Suspect of Alcohol Use, Not Suspect of Drug Use","76F6CB5F-5EC4-47CC-90E2-3802DB1254FD","Pedestrian","Unknown","Unknown","Intersection Marked Crosswalk","No","Suspected Minor Injury","None","39.03872667","-77.0508055","    (39.03872667, -77.0508055)"
"MCP2466005V","250009725","MONTGOMERY","Injury Crash","03/05/2025 05:00:00 PM","County Route","BROAD GREEN DR",,,,"Pedestrian","Other","Clear","Wet","Daylight","No Controls","Unknown, Unknown","Not Suspect of Alcohol Use, Not Suspect of Drug Use","7B79D2C3-F8FE-4013-B953-29AD7757AC29","Pedestrian","Standing","None (No Improper Action)","Shoulder/Roadside","No","Suspected Minor Injury","None","39.04479165","-77.19693856","    (39.04479165, -77.19693856)"
"MCP2592004N","250009625","MONTGOMERY","Injury Crash","03/05/2025 09:45:00 AM",,,,"Parking Lot Way        PARKING LOT IN FRONT OF GAITHERSBURG LIBRARY 18330 MONTGOMERY VILLAGE AVE",,"Pedestrian","Single Vehicle","Clear",,"Daylight",,"Not Suspect of Alcohol Use, Not Suspect of Drug Use","Not Suspect of Alcohol Use, Not Suspect of Drug Use","FE7246AC-FFEE-44D5-A4D0-CCCED3474C9D","Pedestrian","Cross/Enter Not at Intersection","Unknown","Other","No","Possible Injury","None","39.15842918","-77.20562344","    (39.15842918, -77.20562344)"
"MCP3394001D","250009423","MONTGOMERY","Injury Crash","03/04/2025 06:03:00 AM","County Route","TOWNE RD","MONTROSE PKWY",,,"Cyclist (non-electric)","Single Vehicle","Clear","Dry","Dark - Lighted","Traffic Control Signal","Not Suspect of Alcohol Use, Not Suspect of Drug Use","Not Suspect of Alcohol Use, Not Suspect of Drug Use","029CE1DA-0AB2-4963-BA87-66FA5B38FD80","Cyclist (non-electric)","Cross/Enter at Intersection","None (No Improper Action)","OnStreet Bike Lanes","No","Suspected Minor Injury","Unknown","39.05166076","-77.11890721","    (39.05166076, -77.11890721)"
"MCP1550005W","250009192","MONTGOMERY","Injury Crash","03/02/2025 01:31:00 PM",,,,"Parking Stall        PARKING LOT AT 11560 ROCKVILLE PIKE",,"Pedestrian","Single Vehicle","Clear",,"Daylight",,"Not Suspect of Alcohol Use, Not Suspect of Drug Use","Not Suspect of Alcohol Use, Not Suspect of Drug Use","08636FD5-4642-40A4-A55E-0B181A85A7F2","Pedestrian","Walking/Cycling on Sidewalk","None (No Improper Action)","NonTrafficway Area","No","Suspected Serious Injury","None","39.04555631","-77.11349117","    (39.04555631, -77.11349117)"
"MCP3330002N","250009155","MONTGOMERY","Injury Crash","03/02/2025 08:08:00 AM","County Route","PRICE AVE","GEORGIA AVE",,,"Pedestrian","Single Vehicle","Clear","Dry","Daylight","Other Pavement Marking (excluding edgelines, centerlines, or lane lines)","Not Suspect of Alcohol Use, Not Suspect of Drug Use","Unknown, Unknown","FF96B319-0757-469B-B7E1-E9CA5F488811","Pedestrian","Cross/Enter at Intersection","Unknown","Intersection Marked Crosswalk","No","Suspected Minor Injury","None","39.04010214","-77.05093346","    (39.04010214, -77.05093346)"
"MCP3386002J","250008918","MONTGOMERY","Injury Crash","02/28/2025 03:21:00 PM","County Route","CHELTENHAM DR","NORFOLK AVE WOODMONT AVE",,,"Pedestrian","Single Vehicle","Clear","Dry","Daylight","Traffic Control Signal","Not Suspect of Alcohol Use, Not Suspect of Drug Use","Not Suspect of Alcohol Use, Not Suspect of Drug Use","09DA0576-D52F-41A4-8EC9-1B9826FAC32C","Pedestrian","Cross/Enter at Intersection","None (No Improper Action)","Intersection Marked Crosswalk","No","Suspected Minor Injury","None","38.98822528","-77.09600223","    (38.98822528, -77.09600223)"
"MCP3386002J","250008918","MONTGOMERY","Injury Crash","02/28/2025 03:21:00 PM","County Route","CHELTENHAM DR","NORFOLK AVE WOODMONT AVE",,,"Pedestrian","Single Vehicle","Clear","Dry","Daylight","Traffic Control Signal","Not Suspect of Alcohol Use, Not Suspect of Drug Use","Not Suspect of Alcohol Use, Not Suspect of Drug Use","7C994068-B86A-4DE5-AB66-9B76CDBBB48E","Pedestrian","Cross/Enter at Intersection","None (No Improper Action)","Intersection Marked Crosswalk","No","No Apparent Injury","None","38.98822528","-77.09600223","    (38.98822528, -77.09600223)"
"MCP2799008C","250008526","MONTGOMERY","Injury Crash","02/26/2025 04:00:00 PM","Maryland (State) Route","PINEY BRANCH RD",,,,"Pedestrian","Single Vehicle","Clear","Dry","Daylight","Traffic Control Signal","Not Suspect of Alcohol Use, Not Suspect of Drug Use","Not Suspect of Alcohol Use, Not Suspect of Drug Use","422A69C4-4230-4E91-BAA2-9659E9DA3B85","Pedestrian","Walking/Cycling Along Roadway With Traffic (In or Adjacent to Travel Lane)","In Roadway Improperly (Standing, Lying, Working, Playing)","Intersection Marked Crosswalk","Yes","Possible Injury","None","38.99386783","-77.00903617","    (38.99386783, -77.00903617)"
"MCP2420005Z","250008490","MONTGOMERY","Injury Crash","02/26/2025 12:45:00 PM","County Route","RANDOLPH RD",,,,"Pedestrian","Single Vehicle","Clear","Dry","Daylight","Lane Use Control Signal","Not Suspect of Alcohol Use, Not Suspect of Drug Use","Not Suspect of Alcohol Use, Not Suspect of Drug Use","66B96D3C-E19D-4544-8787-33A6DC3719CC","Pedestrian","Cross/Enter at Intersection","Unknown","Intersection Marked Crosswalk","No","Suspected Serious Injury","None","39.06592609","-77.03436935","    (39.06592609, -77.03436935)"
"MCP2314004C","250008389","MONTGOMERY","Injury Crash","02/25/2025 05:33:00 PM","County Route",,,,,"Cyclist (non-electric)","Single Vehicle","Clear","Dry","Daylight","No Controls","Not Suspect of Alcohol Use, Not Suspect of Drug Use","Not Suspect of Alcohol Use, Not Suspect of Drug Use","75311C15-42F2-4F56-BDA0-F31EEF056B1F","Cyclist (non-electric)","Walking/Cycling Along Roadway With Traffic (In or Adjacent to Travel Lane)","Improper Passing","Travel Lane Other Location","No","Suspected Minor Injury","Helmet, Lighting","39.04733369","-77.16171824","    (39.04733369, -77.16171824)"
"MCP3037006Y","250008357","MONTGOMERY","Property Damage Crash","02/25/2025 03:22:00 PM","County Route","CRYSTAL ROCK DR (SB/L)",,,,"Cyclist (non-electric)","Single Vehicle","Clear","Dry","Daylight","No Controls","Not Suspect of Alcohol Use, Not Suspect of Drug Use","Not Suspect of Alcohol Use, Not Suspect of Drug Use","D9012D79-EE54-4E72-88E6-0087F498F65C","Cyclist (non-electric)","Standing","None (No Improper Action)","Travel Lane Other Location","No","No Apparent Injury","Helmet","39.18279567","-77.26388183","    (39.18279567, -77.26388183)"
"MCP2927004R","250007914","MONTGOMERY","Injury Crash","02/22/2025 08:20:00 PM","US (State)","COLESVILLE RD","MANSION DR",,,"Pedestrian","Front to Rear","Clear","Dry","Dark - Lighted","No Controls","Not Suspect of Alcohol Use, Not Suspect of Drug Use, Not Suspect of Alcohol Use, Not Suspect of Drug Use","Not Suspect of Alcohol Use, Not Suspect of Drug Use","2CBF9BEC-6FAF-4957-BAEF-0ADA4E28200A","Pedestrian","Unknown","Disabled Vehicle-Related (Working on, Pushing, Leaving/Approaching)","Other","No","Suspected Serious Injury","None","39.00210861","-77.02474023","    (39.00210861, -77.02474023)"
"MCP156300B6","250007868","MONTGOMERY","Injury Crash","02/22/2025 11:00:00 AM",,,,"Driveway        DRIVE WAY/SIDEWALK IN FRONT OF 12025 PARKLAWN DR",,"Pedestrian","Single Vehicle","Clear",,"Daylight",,"Not Suspect of Alcohol Use, Not Suspect of Drug Use","Not Suspect of Alcohol Use, Not Suspect of Drug Use","9EF709CB-F88C-411E-B44A-6DEAEDDCD966","Pedestrian","Walking/Cycling on Sidewalk","None (No Improper Action)","Sidewalk","No","Suspected Minor Injury","None","39.05474634","-77.10687152","    (39.05474634, -77.10687152)"
"MCP3111008X","250007826","MONTGOMERY","Injury Crash","02/22/2025 07:56:00 AM","County Route","NICHOLSON LA","WHITE FLINT MALL ENT",,,"Pedestrian","Single Vehicle","Clear","Dry","Daylight","Traffic Control Signal","Not Suspect of Alcohol Use, Not Suspect of Drug Use","Not Suspect of Alcohol Use, Not Suspect of Drug Use","37B99746-1C8A-47EF-9066-609618D951DC","Pedestrian","Cross/Enter at Intersection","None (No Improper Action)","Intersection Marked Crosswalk","No","Possible Injury","None","39.04492867","-77.10726383","    (39.04492867, -77.10726383)"
"MCP3427000Q","250007792","MONTGOMERY","Injury Crash","02/21/2025 11:20:00 PM","County Route","WIGHTMAN RD","GOSHEN RD SNOUFFERS SCHOOL RD",,,"Pedestrian","Single Vehicle","Clear","Dry","Dark - Lighted","Traffic Control Signal","Not Suspect of Alcohol Use, Not Suspect of Drug Use","Not Suspect of Alcohol Use, Not Suspect of Drug Use","43B72AF2-6590-4CB9-A78E-F95988704DA3","Pedestrian","Unknown","Unknown","Intersection Marked Crosswalk","No","Suspected Minor Injury","None","39.1877521","-77.1868527","    (39.1877521, -77.1868527)"
"MCP33480043","250007765","MONTGOMERY","Injury Crash","02/21/2025 07:03:00 PM","Maryland (State) Route","VEIRS MILL RD (WB/L)",,,,"Pedestrian","Single Vehicle","Clear","Dry","Dark - Lighted","No Controls","Not Suspect of Alcohol Use, Not Suspect of Drug Use","Not Suspect of Alcohol Use, Not Suspect of Drug Use","FFF96761-F3B7-4063-AA14-5A3251085583","Pedestrian","Cross/Enter Not at Intersection","Unknown","Other","No","Suspected Minor Injury","None","39.05758155","-77.084915","    (39.05758155, -77.084915)"
"MCP2732001D","250007657","MONTGOMERY","Injury Crash","02/21/2025 09:31:00 AM","County Route","MILLS AVE",,,,"Pedestrian","Single Vehicle","Clear","Dry","Daylight","No Controls","Not Suspect of Alcohol Use, Not Suspect of Drug Use","Not Suspect of Alcohol Use, Not Suspect of Drug Use","3E1C5FEC-9D67-4CA8-AF83-68142E21019D","Pedestrian","Other","Unknown","Other","No","Possible Injury","None","39.08109727","-77.01465716","    (39.08109727, -77.01465716)"
"MCP287100C4","250007606","MONTGOMERY","Injury Crash","02/20/2025 07:08:00 PM","Maryland (State) Route","OLD GEORGETOWN RD (SB/L)","TUCKERMAN LA",,,"Cyclist (non-electric)","Single Vehicle","Clear","Dry","Dark - Lighted","Traffic Control Signal","Not Suspect of Alcohol Use, Not Suspect of Drug Use","Not Suspect of Alcohol Use, Not Suspect of Drug Use","44C1FD58-BAAF-4B91-BBEC-15B991573D2C","Cyclist (non-electric)","Cross/Enter at Intersection","Failure to Obey Traffic Signs, Signals, or Officer, Failure to Yield Right-Of-Way, Not Visible (Dark Clothing, No Lighting, etc.)","Midblock Marked Crosswalk","No","Suspected Minor Injury","Helmet","39.034674","-77.12504217","    (39.034674, -77.12504217)"
"DD5582002L","250007460","ROCKVILLE","Property Damage Crash","02/19/2025 07:30:00 PM","Local Route","RITCHIE PKWY",,,,"Pedestrian","Single Vehicle","Clear","Dry","Dark - Lighted","No Controls","Unknown, Unknown","Not Suspect of Alcohol Use, Not Suspect of Drug Use","C34644F6-0D08-4AFB-96A0-C36C541CB911","Pedestrian","Cross/Enter Not at Intersection","None (No Improper Action)","Travel Lane Other Location","No","No Apparent Injury","None","39.076716","-77.14029412","    (39.076716, -77.14029412)"
"MCP3233005H","250007248","MONTGOMERY","Injury Crash","02/18/2025 06:28:00 PM","County Route","NORTHWEST DR",,,,"Pedestrian","Single Vehicle","Clear","Dry","Daylight","No Controls","Not Suspect of Alcohol Use, Not Suspect of Drug Use","Not Suspect of Alcohol Use, Not Suspect of Drug Use","70355759-BEB0-408D-AE63-3C7BF53024C9","Pedestrian","Cross/Enter at Intersection","None (No Improper Action)","Intersection Marked Crosswalk","No","Suspected Minor Injury","None","39.03660588","-76.99617776","    (39.03660588, -76.99617776)"
"EJ7888007P","250007242","GAITHERSBURG","Injury Crash","02/18/2025 05:30:00 PM",,,,"Parking Lot Way        PARKING LOT OF 9621 LOST KNIFE RD",,"Pedestrian","Single Vehicle","Clear",,"Dusk",,"Not Suspect of Alcohol Use, Not Suspect of Drug Use","Not Suspect of Alcohol Use, Not Suspect of Drug Use","59B369B1-0196-4028-B112-D70783B87E40","Pedestrian","Walking/Cycling Along Roadway Against Traffic (In or Adjacent to Travel Lane)","Failure to Yield Right-Of-Way","Other","Yes","Possible Injury","None","39.15260259","-77.19692731","    (39.15260259, -77.19692731)"
"MCP3258004X","250007078","MONTGOMERY","Injury Crash","02/17/2025 07:54:00 PM","County Route","CADDINGTON AVE","UNIVERSITY BLVD W (WB/L)",,,"Pedestrian","Single Vehicle","Clear","Dry","Dark - Lighted","Traffic Control Signal","Not Suspect of Alcohol Use, Not Suspect of Drug Use","Not Suspect of Alcohol Use, Not Suspect of Drug Use","E4D6710A-984E-4890-80FC-12AE6F6EDFAE","Pedestrian","Cross/Enter at Intersection","Failure to Obey Traffic Signs, Signals, or Officer, Inattentive (Talking, Eating, etc.)","Intersection Marked Crosswalk","Yes","Suspected Minor Injury","None","39.03318726","-77.02467951","    (39.03318726, -77.02467951)"
"MCP3225005C","250006938","MONTGOMERY","Injury Crash","02/16/2025 07:45:00 PM",,,,"Parking Stall        PARKING LOT OF 12029 GEORGIA AVE, SILVER SPRING, MD 20902",,"Pedestrian","Single Vehicle","Clear",,"Dark - Lighted",,"Unknown, Unknown","Not Suspect of Alcohol Use, Not Suspect of Drug Use","0A0DD8CC-A337-4EC4-AA9A-4FCCB2E287CF","Pedestrian","Other","None (No Improper Action)","Other","No","Possible Injury","None","39.05273111","-77.04942055","    (39.05273111, -77.04942055)"