"Report Number","Local Case Number","Agency Name","ACRS Report Type","Crash Date/Time","Route Type","Road Name","Cross-Street Name","Off-Road Description","Municipality","Related Non-Motorist","Collision Type","Weather","Surface Condition","Light","Traffic Control","Driver Substance Abuse","Non-Motorist Substance Abuse","Person ID","Pedestrian Type","Pedestrian Movement","Pedestrian Actions","Pedestrian Location","At Fault","Injury Severity","Safety Equipment","Latitude","Longitude","Location"
"MCP30000051","240060914","MONTGOMERY","Injury Crash","12/20/2024 06:03:00 PM",,,,"Parking Lot Way        PARKING LOT OF HARRIS TEETER LOCATED AT 22700 SWEET SHRUB DR.",,"Pedestrian","Single Vehicle","Snow",,"Dark - Lighted",,"Not Suspect of Alcohol Use, Not Suspect of Drug Use","Not Suspect of Alcohol Use, Not Suspect of Drug Use","9EA4690D-ACD0-4034-BACF-4CA68778EB62","Pedestrian","Cross/Enter at Intersection","Other","Intersection Unmarked Crosswalk","Yes","Possible Injury","None","39.22991607","-77.25051702","    (39.22991607, -77.25051702)"
"MCP2931007J","240060907","MONTGOMERY","Injury Crash","12/20/2024 05:00:00 PM","Maryland (State) Route","ROCKVILLE PIKE (SB/L)",,,,"Scooter (electric)","Single Vehicle","Clear","Dry","Dark - Lighted","Traffic Control Signal","Not Suspect of Alcohol Use, Not Suspect of Drug Use","Not Suspect of Alcohol Use, Not Suspect of Drug Use","8815C635-C303-4860-9B7C-AE802532301B","Scooter (electric)","Cross/Enter at Intersection","Not Visible (Dark Clothing, No Lighting, etc.)","Intersection Marked Crosswalk","No","Possible Injury","None","39.057442","-77.12031713","    (39.057442, -77.12031713)"
"MCP2902006X","240060840","MONTGOMERY","Injury Crash","12/20/2024 11:38:00 AM","County Route","CENTURY BLVD","MIDDLEBROOK RD (WB/L)",,,"Pedestrian","Unknown","Snow","Wet","Daylight","Traffic Control Signal","Unknown, Unknown","Unknown, Unknown","7DA5AB89-4280-4B80-8DA0-8D72C43F5091","Pedestrian","Cross/Enter at Intersection","Unknown","Intersection Unmarked Crosswalk","No","Suspected Minor Injury","None","39.18035046","-77.26828517","    (39.18035046, -77.26828517)"
"MCP3133005Q","240060826","MONTGOMERY","Injury Crash","12/20/2024 11:03:00 AM","Private Route",,,,,"Pedestrian","Single Vehicle","Snow","Wet","Daylight","Pedestrian Crossing","Not Suspect of Alcohol Use, Not Suspect of Drug Use","Not Suspect of Alcohol Use, Not Suspect of Drug Use","605B6639-3F58-4FC7-A88B-2C522B625126","Pedestrian","Cross/Enter at Intersection","None (No Improper Action)","Intersection Marked Crosswalk","No","Possible Injury","None","39.15209077","-77.06417627","    (39.15209077, -77.06417627)"
"MCP31930062","240060754","MONTGOMERY","Injury Crash","12/19/2024 10:20:00 PM","Spur",,,,,"Pedestrian","Unknown","Clear","Dry","Dark - Unknown Lighting","No Controls","Not Suspect of Alcohol Use, Unknown","Unknown, Unknown","D7C92798-FD7D-4398-87AD-7A3BFB7558EE","Pedestrian","Cross/Enter at Intersection","None (No Improper Action)","Intersection Other","No","Suspected Minor Injury","None","39.05452757","-77.05032035","    (39.05452757, -77.05032035)"
"EJ78860047","240060735","GAITHERSBURG","Injury Crash","12/19/2024 08:32:00 PM","Interstate (State)","EISENHOWER MEMORIAL HWY",,,,"Pedestrian","Single Vehicle","Clear","Dry","Dark - Lighted","Pedestrian Crossing Sign","Unknown, Unknown","Not Suspect of Alcohol Use, Not Suspect of Drug Use","E279AD0A-5829-4295-90CE-6C7383256932","Pedestrian","Cross/Enter Not at Intersection","Unknown","Other","No","Suspected Minor Injury","None","39.14051552","-77.21259119","    (39.14051552, -77.21259119)"
"MCP2898005J","240060706","MONTGOMERY","Injury Crash","12/19/2024 06:08:00 PM","Maryland (State) Route","FREDERICK RD","SCENERY DR",,,"Pedestrian","Single Vehicle","Clear","Dry","Dark - Lighted","Stop Sign",,"Not Suspect of Alcohol Use, Not Suspect of Drug Use","CF5070F4-0A00-4EBC-87FC-5AE2CB71607C","Pedestrian","Cross/Enter at Intersection","None (No Improper Action)","Intersection Marked Crosswalk","No","Suspected Minor Injury","None","39.17549401","-77.23799998","    (39.17549401, -77.23799998)"
"DD56530044","240060701","ROCKVILLE","Injury Crash","12/19/2024 05:53:00 PM","Municipality Route","N HORNERS LA",,,,"Pedestrian","Single Vehicle","Clear","Dry","Dark - Lighted","No Controls","Not Suspect of Alcohol Use, Not Suspect of Drug Use","Not Suspect of Alcohol Use, Not Suspect of Drug Use","0CA24FA1-A6BD-4665-A829-B0BCF0952543","Pedestrian","Cross/Enter Not at Intersection","Dart/Dash","Shoulder/Roadside","No","Suspected Minor Injury","None","39.0930761","-77.14371127","    (39.0930761, -77.14371127)"
"EJ78870054","240060611","GAITHERSBURG","Injury Crash","12/19/2024 10:00:00 AM","Spur",,,,,"Pedestrian","Single Vehicle","Clear","Dry","Daylight","Traffic Control Signal","Unknown, Unknown","Not Suspect of Alcohol Use, Not Suspect of Drug Use","7BE8B32F-A450-4020-8862-1558793CFFCF","Pedestrian","Cross/Enter at Intersection","None (No Improper Action)","Intersection Marked Crosswalk","No","Suspected Minor Injury","None","39.14985734","-77.20905439","    (39.14985734, -77.20905439)"
"MCP33760021","240060532","MONTGOMERY","Injury Crash","12/18/2024 07:06:00 PM","County Route","KENDALL ST","LINDELL ST",,,"Pedestrian","Single Vehicle","Rain","Wet","Dark - Lighted","Stop Sign","Not Suspect of Alcohol Use, Not Suspect of Drug Use","Not Suspect of Alcohol Use, Not Suspect of Drug Use","3825B63B-B2C0-42AE-BD4B-B1073CD64CD5","Pedestrian","Cross/Enter at Intersection","None (No Improper Action)","Intersection Marked Crosswalk","No","Suspected Minor Injury","None","39.05740066","-77.06072598","    (39.05740066, -77.06072598)"
"MCP2339009Q","240060530","MONTGOMERY","Injury Crash","12/18/2024 06:57:00 PM","County Route","INDIANOLA DR",,,,"Pedestrian","Single Vehicle","Rain","Wet","Dark - Lighted","Traffic Control Signal","Not Suspect of Alcohol Use, Not Suspect of Drug Use","Not Suspect of Alcohol Use, Not Suspect of Drug Use","10A7CE10-B0A1-4B0D-852E-25FCAC8BB39D","Pedestrian","Unknown","Unknown","Shoulder/Roadside","No","Suspected Minor Injury","None","39.11466397","-77.1559358","    (39.11466397, -77.1559358)"
"MCP2187002D","240060423","MONTGOMERY","Injury Crash","12/18/2024 10:30:00 AM","Municipality Route","GIRARD ST","N SUMMIT AVE",,,"Pedestrian","Single Vehicle","Clear","Dry","Daylight","Traffic Control Signal","Not Suspect of Alcohol Use, Not Suspect of Drug Use","Suspect of Alcohol Use, Not Suspect of Drug Use","751EF15C-EE26-4B72-A5B4-8092275E54C3","Pedestrian","Cross/Enter at Intersection","None (No Improper Action)","Intersection Marked Crosswalk","No","Suspected Minor Injury","None","39.15078833","-77.19261333","    (39.15078833, -77.19261333)"
"MCP2440002D","240060396","MONTGOMERY","Injury Crash","12/18/2024 07:46:00 AM","County Route","APPLE RIDGE RD",,,,"Pedestrian","Single Vehicle","Clear","Dry","Daylight","No Controls","Not Suspect of Alcohol Use, Not Suspect of Drug Use","Not Suspect of Alcohol Use, Not Suspect of Drug Use","2D057C88-3C4A-48A9-AFCA-4387BBE767E5","Pedestrian","Cross/Enter Not at Intersection","Dart/Dash","Travel Lane Other Location","Yes","Suspected Minor Injury","None","39.18508767","-77.209145","    (39.18508767, -77.209145)"
"EJ7781005G","240060393","GAITHERSBURG","Injury Crash","12/18/2024 07:18:00 AM","Municipality Route","DIAMOND DR","QUINCE ORCHARD BLVD QUINCE ORCHARD BLVD (EB/L) SEBASTIANI BLVD SEBASTIANI BLVD (SB/L)",,,"Pedestrian","Single Vehicle","Clear","Dry","Dawn","No Controls","Not Suspect of Alcohol Use, Not Suspect of Drug Use","Not Suspect of Alcohol Use, Not Suspect of Drug Use","C494DD4D-429C-43C2-B23C-2DAE7BF8F805","Pedestrian","Cross/Enter at Intersection","None (No Improper Action)","Intersection Marked Crosswalk","No","Suspected Minor Injury","None","39.13496558","-77.22976059","    (39.13496558, -77.22976059)"
"MCP30510081","240060327","MONTGOMERY","Injury Crash","12/17/2024 06:30:00 PM","County Route",,,,,"Pedestrian","Single Vehicle","Clear","Dry","Dark - Lighted","Pedestrian Crossing Sign","Not Suspect of Alcohol Use, Not Suspect of Drug Use","Not Suspect of Alcohol Use, Not Suspect of Drug Use","AF014FD2-1176-4F66-946D-E99B5C38CAB8","Pedestrian","Cross/Enter at Intersection","None (No Improper Action)","Intersection Marked Crosswalk","No","Suspected Minor Injury","None","39.02913754","-77.10800326","    (39.02913754, -77.10800326)"
"DD5643004V","240060111","ROCKVILLE","Injury Crash","12/16/2024 05:19:00 PM","Municipality Route","MANNAKEE ST","CARR AVE #2",,,"Pedestrian","Single Vehicle","Rain","Wet","Dark - Lighted","Pedestrian Crossing","Not Suspect of Alcohol Use, Not Suspect of Drug Use","Not Suspect of Alcohol Use, Not Suspect of Drug Use","1CAAED06-F26A-46CE-976D-5AFD5B70D79E","Pedestrian","Unknown","Not Visible (Dark Clothing, No Lighting, etc.)","Intersection Marked Crosswalk","No","Suspected Minor Injury","None","39.0890798","-77.1666223","    (39.0890798, -77.1666223)"
"MCP3085005L","240060109","MONTGOMERY","Injury Crash","12/16/2024 05:04:00 PM","County Route","FINDLEY RD","DRUMM AVE",,,"Pedestrian","Single Vehicle","Clear","Wet","Dark - Lighted","No Controls","Not Suspect of Alcohol Use, Not Suspect of Drug Use","Not Suspect of Alcohol Use, Not Suspect of Drug Use","01A25FD4-47E9-4812-B3ED-173BC70CC9CA","Pedestrian","None","None (No Improper Action)","Intersection Other","No","Suspected Minor Injury","None","39.03608348","-77.06106521","    (39.03608348, -77.06106521)"
"MCP3355001L","240059888","MONTGOMERY","Injury Crash","12/16/2024 07:06:00 AM","County Route","FENTON ST",,,,"Pedestrian","Single Vehicle","Rain","Wet","Daylight","Traffic Control Signal","Unknown, Unknown","Not Suspect of Alcohol Use, Not Suspect of Drug Use","587CB8EA-968B-4593-A3CE-46D696A7AAFF","Pedestrian","None","None (No Improper Action)","Other","No","Suspected Minor Injury","None","38.99277502","-77.02409101","    (38.99277502, -77.02409101)"
"MCP3392001R","240060012","MONTGOMERY","Injury Crash","12/16/2024 06:40:00 AM","County Route","DAYTON ST","WINDHAM LA",,,"Pedestrian","Single Vehicle","Clear",,"Dark - Unknown Lighting","Stop Sign","Not Suspect of Alcohol Use, Not Suspect of Drug Use","Not Suspect of Alcohol Use, Not Suspect of Drug Use","9CEA5D5D-3506-4CFF-A66C-E7D8FF75F23E","Pedestrian","Other","None (No Improper Action)","Shoulder/Roadside","No","Suspected Minor Injury","None","39.03192394","-77.04424162","    (39.03192394, -77.04424162)"
"MCP32270060","240059984","MONTGOMERY","Injury Crash","12/15/2024 09:15:00 PM","Maryland (State) Route","PINEY BRANCH RD","GREENWOOD AVE",,,"Pedestrian","Single Vehicle","Rain","Wet","Dark - Lighted","Traffic Control Signal","Not Suspect of Alcohol Use, Not Suspect of Drug Use","Not Suspect of Alcohol Use, Not Suspect of Drug Use","2E68ED28-667F-44AD-A219-E0E8E6B4B219","Pedestrian","Cross/Enter at Intersection","Failure to Obey Traffic Signs, Signals, or Officer","Intersection Marked Crosswalk","No","Suspected Minor Injury","None","38.99835348","-77.00232227","    (38.99835348, -77.00232227)"
"MCP2399009B","240059940","MONTGOMERY","Injury Crash","12/15/2024 04:11:00 PM","Local Route","CENTERWAY RD","RHYTHM WAY",,,"Pedestrian","Single Vehicle","Rain","Wet","Daylight","Pedestrian Crossing","Not Suspect of Alcohol Use, Not Suspect of Drug Use","Not Suspect of Alcohol Use, Not Suspect of Drug Use","258CD2CD-87B6-46FC-B57A-3EA40F25221E","Pedestrian","Cross/Enter at Intersection","None (No Improper Action)","Intersection Marked Crosswalk","No","Possible Injury","None","39.17265245","-77.2059214","    (39.17265245, -77.2059214)"
"MCP2335002F","240059857","MONTGOMERY","Injury Crash","12/14/2024 10:41:00 PM","Maryland (State) Route","GERMANTOWN RD (SB/L)",,,,"Pedestrian","Single Vehicle","Clear","Dry","Dark - Lighted","No Controls","Not Suspect of Alcohol Use, Not Suspect of Drug Use","Suspect of Alcohol Use, Unknown","32879BFC-3FBB-42DC-828A-5C4EE40AB4D5","Pedestrian","Other","Failure to Yield Right-Of-Way","Other","No","Suspected Minor Injury","None","39.18033303","-77.26419282","    (39.18033303, -77.26419282)"
"MCP32330057","240059802","MONTGOMERY","Injury Crash","12/14/2024 03:32:00 PM","County Route","FLOWER AVE",,,,"Scooter (electric)","Single Vehicle","Clear","Dry","Daylight","Pedestrian Crossing","Unknown, Unknown","Not Suspect of Alcohol Use, Not Suspect of Drug Use","8AE4773A-D201-41CE-B9CB-55F08FDA94A2","Scooter (electric)","Cross/Enter at Intersection","None (No Improper Action)","Intersection Other","No","Suspected Minor Injury","Other","38.99914495","-77.00383815","    (38.99914495, -77.00383815)"
"MCP2395002W","240059767","MONTGOMERY","Injury Crash","12/14/2024 10:20:00 AM","Maryland (State) Route","COLESVILLE RD","GEORGIA AVE (SB/L)",,,"Pedestrian","Single Vehicle","Clear","Dry","Daylight","Traffic Control Signal","Not Suspect of Alcohol Use, Not Suspect of Drug Use","Not Suspect of Alcohol Use, Not Suspect of Drug Use","E556D2F9-CF36-4604-A09B-0297635E015C","Pedestrian","Cross/Enter at Intersection","None (No Improper Action)","Intersection Marked Crosswalk","No","Possible Injury","None","38.99596183","-77.02825132","    (38.99596183, -77.02825132)"
"MCP30300077","240059703","MONTGOMERY","Injury Crash","12/13/2024 06:00:00 PM","Maryland (State) Route","MASSACHUSETTS AVE","CROMWELL DR",,,"Pedestrian","Single Vehicle","Clear","Dry","Dark - Lighted","Pedestrian Crossing","Not Suspect of Alcohol Use, Not Suspect of Drug Use","Not Suspect of Alcohol Use, Not Suspect of Drug Use","97AA88BD-9DD8-4C94-B4A5-477265B0DDDF","Pedestrian","Cross/Enter at Intersection","None (No Improper Action)","Intersection Marked Crosswalk","No","Possible Injury","None","38.96100188","-77.11618646","    (38.96100188, -77.11618646)"
"MCP3352002H","240059477","MONTGOMERY","Injury Crash","12/12/2024 04:50:00 PM","County Route","LOST KNIFE RD (NB/L)",,,,"Cyclist (non-electric)","Single Vehicle","Clear","Dry","Dark - Lighted","Stop Sign","Not Suspect of Alcohol Use, Not Suspect of Drug Use","Not Suspect of Alcohol Use, Not Suspect of Drug Use","7ADC7649-72EE-4A91-8E11-3B9EE223316C","Cyclist (non-electric)","Cross/Enter at Intersection","None (No Improper Action)","Intersection Marked Crosswalk","No","Suspected Minor Injury","None","39.1572178","-77.20324396","    (39.1572178, -77.20324396)"
"MCP2837006N","240059371","MONTGOMERY","Injury Crash","12/12/2024 08:39:00 AM","Maryland (State) Route","DARNESTOWN RD (WB/L)",,,,"Cyclist (non-electric)","Single Vehicle","Clear","Dry","Daylight","No Controls","Not Suspect of Alcohol Use, Not Suspect of Drug Use","Not Suspect of Alcohol Use, Not Suspect of Drug Use","4F288C59-BB40-4B6C-A520-77C6B9599AB2","Cyclist (non-electric)","Walking/Cycling Along Roadway With Traffic (In or Adjacent to Travel Lane)","None (No Improper Action)","Travel Lane Other Location","No","Possible Injury","Helmet, Lighting, Reflectors","39.11810833","-77.25991333","    (39.11810833, -77.25991333)"
"MCP31480079","240059313","MONTGOMERY","Injury Crash","12/11/2024 06:42:00 PM",,,,"Parking Stall        11830 GRAND PARK AVE PARKING GARAGE",,"Pedestrian","Single Vehicle","Clear",,"Dark - Lighted",,"Unknown, Unknown","Not Suspect of Alcohol Use, Not Suspect of Drug Use","9445747E-FBD3-46D1-B930-15ECB1E71F62","Pedestrian","Other","Other","Driveway Access","No","Possible Injury","None","39.04986326","-77.11787598","    (39.04986326, -77.11787598)"
"MCP22700049","240059409","MONTGOMERY","Property Damage Crash","12/11/2024 06:15:00 PM","County Route","RYLAND DR","OLD GEORGETOWN RD PARKING LOT CUT THRU CUT",,,"Cyclist (non-electric)","Single Vehicle","Clear","Dry","Dark - Unknown Lighting","Traffic Control Signal","Not Suspect of Alcohol Use, Not Suspect of Drug Use","Not Suspect of Alcohol Use, Not Suspect of Drug Use","EE015B72-3B53-4C61-8875-4FD76B4D4E34","Cyclist (non-electric)","Cross/Enter at Intersection","Unknown","Intersection Marked Crosswalk","No","No Apparent Injury","Helmet","39.01313635","-77.11712976","    (39.01313635, -77.11712976)"
"MCP33350038","240059266","MONTGOMERY","Injury Crash","12/11/2024 03:52:00 PM","County Route","DOMER AVE","GARLAND AVE",,,"Pedestrian","Single Vehicle","Rain","Wet","Daylight","Stop Sign","Not Suspect of Alcohol Use, Not Suspect of Drug Use","Not Suspect of Alcohol Use, Not Suspect of Drug Use","DA6DC79B-F43B-4164-AF08-1C0AADF58724","Pedestrian","Cross/Enter at Intersection","None (No Improper Action)","Intersection Marked Crosswalk","No","Suspected Minor Injury","None","38.99688195","-76.99868277","    (38.99688195, -76.99868277)"
"MCP22700047","240059219","MONTGOMERY","Injury Crash","12/11/2024 12:40:00 PM","Maryland (State) Route","OLD GEORGETOWN RD","AUBURN AVE",,,"Pedestrian","Single Vehicle","Rain","Wet","Daylight","Traffic Control Signal","Not Suspect of Alcohol Use, Not Suspect of Drug Use","Not Suspect of Alcohol Use, Not Suspect of Drug Use","B3F49B55-0669-4852-86A5-BD30851A0046","Pedestrian","Cross/Enter at Intersection","None (No Improper Action)","Intersection Marked Crosswalk","No","Suspected Minor Injury","None","38.98884118","-77.10101639","    (38.98884118, -77.10101639)"
"MCP3031006B","240058911","MONTGOMERY","Injury Crash","12/09/2024 06:00:00 PM","County Route","BONIFANT RD","CATOCTIN DR",,,"Pedestrian","Single Vehicle","Clear","Wet","Dark - Lighted","No Controls","Not Suspect of Alcohol Use, Not Suspect of Drug Use","Not Suspect of Alcohol Use, Not Suspect of Drug Use","48160F33-015C-4804-9E84-171BC9AA748E","Pedestrian","Cross/Enter Not at Intersection","In Roadway Improperly (Standing, Lying, Working, Playing)","Travel Lane Other Location","Yes","Possible Injury","None","39.09092059","-77.0437445","    (39.09092059, -77.0437445)"
"MCP3037006R","240058721","MONTGOMERY","Injury Crash","12/08/2024 06:10:00 PM","County Route","RIDGE RD","OBSERVATION DR (SB/L)",,,"Pedestrian","Single Vehicle","Clear","Dry","Dark - Lighted","Pedestrian Crossing","Not Suspect of Alcohol Use, Not Suspect of Drug Use","Not Suspect of Alcohol Use, Not Suspect of Drug Use","0CD1A699-B414-4EED-BDF5-D219A10E61FA","Pedestrian","Cross/Enter at Intersection","None (No Improper Action)","Midblock Marked Crosswalk","No","Possible Injury","None","39.2019597","-77.25342628","    (39.2019597, -77.25342628)"
"MCP3271005C","240058691","MONTGOMERY","Injury Crash","12/08/2024 02:00:00 PM",,,,"Parking Lot Way        MONTGOMERY MALL 7101 DEMOCRACY BLVD",,"Pedestrian","Single Vehicle","Clear",,"Daylight",,"Not Suspect of Alcohol Use, Not Suspect of Drug Use","Not Suspect of Alcohol Use, Not Suspect of Drug Use","34DB74EA-514B-4230-AC16-79921908A4F0","Pedestrian","Cross/Enter Not at Intersection","None (No Improper Action)","NonTrafficway Area","No","Suspected Minor Injury","None","39.02533519","-77.14555619","    (39.02533519, -77.14555619)"
"MCP3039007D","240058602","MONTGOMERY","Injury Crash","12/07/2024 09:48:00 PM","County Route","THAYER AVE","GEORGIA AVE",,,"Pedestrian","Unknown","Clear","Dry","Dark - Lighted","No Controls","Unknown, Unknown","Suspect of Alcohol Use, Not Suspect of Drug Use","3A7136E9-B542-434F-A397-FB5F08DB6325","Pedestrian","Unknown","Unknown","Intersection Other","No","Possible Injury","None","38.99299097","-77.02644996","    (38.99299097, -77.02644996)"
"MCP3171002F","240058607","MONTGOMERY","Injury Crash","12/07/2024 09:21:00 PM",,,,"Parking Lot Way        PARKING LOT OF 19550 WATERS ROAD GERMANTOWN MD 20874",,"Pedestrian","Single Vehicle","Clear",,"Dark - Lighted",,"Not Suspect of Alcohol Use, Not Suspect of Drug Use","Not Suspect of Alcohol Use, Not Suspect of Drug Use","6D9BE8BC-EEC5-4AC9-9D60-BD1D7F7CC587","Pedestrian","Other","None (No Improper Action)","Other","No","Suspected Minor Injury","None","39.176853","-77.27440927","    (39.176853, -77.27440927)"
"MCP287100BS","240058712","MONTGOMERY","Injury Crash","12/07/2024 06:00:00 PM",,,,"Parking Aisle        5110 NICHOLSON LA",,"Pedestrian","Single Vehicle","Clear",,"Dark - Lighted",,"Not Suspect of Alcohol Use, Not Suspect of Drug Use","Not Suspect of Alcohol Use, Not Suspect of Drug Use","BFC63F58-4E1C-49A3-9436-6C1BFC814713","Pedestrian","Walking/Cycling Along Roadway Against Traffic (In or Adjacent to Travel Lane)","None (No Improper Action)","Other","No","Possible Injury","None","39.04436613","-77.10522057","    (39.04436613, -77.10522057)"
"MCP29300052","240058566","MONTGOMERY","Injury Crash","12/07/2024 04:05:00 PM",,,,"Parking Lot Way        PARKING LOT IN FRONT OF 13850 GEORGIA AVENUE",,"Pedestrian","Unknown","Clear",,"Daylight",,"Unknown, Unknown","Not Suspect of Alcohol Use, Not Suspect of Drug Use","05833314-BA57-4DDE-8C7E-0FB1A886FF15","Pedestrian","Unknown","Unknown","Other","No","Suspected Minor Injury","None","39.08144894","-77.07855102","    (39.08144894, -77.07855102)"
"MCP295200FM","240058520","MONTGOMERY","Injury Crash","12/07/2024 10:55:00 AM","Maryland (State) Route","PINEY BRANCH RD","SLIGO CREEK PKWY",,,"Pedestrian","Single Vehicle","Clear","Dry","Daylight","Traffic Control Signal","Not Suspect of Alcohol Use, Not Suspect of Drug Use","Not Suspect of Alcohol Use, Not Suspect of Drug Use","92139AE0-FCCC-4F1C-9D0A-6C2E9B47C3A0","Pedestrian","Cross/Enter at Intersection","None (No Improper Action)","Intersection Marked Crosswalk","No","Possible Injury","None","38.99591526","-77.00605353","    (38.99591526, -77.00605353)"
"MCP31480076","240058388","MONTGOMERY","Injury Crash","12/06/2024 03:23:00 PM","Maryland (State) Route","EAST WEST HWY","MEADOWBROOK LA",,,"Cyclist (non-electric)","Single Vehicle","Clear","Dry","Daylight","Traffic Control Signal","Not Suspect of Alcohol Use, Not Suspect of Drug Use","Not Suspect of Alcohol Use, Not Suspect of Drug Use","62D59C31-DF86-4A37-9322-F838D2BA0D97","Cyclist (non-electric)","Cross/Enter at Intersection","None (No Improper Action)","Intersection Marked Crosswalk","No","Suspected Minor Injury","Helmet, Lighting, Protective Pads (elbows, knees, shins, etc.), Reflectors","38.99260154","-77.06031327","    (38.99260154, -77.06031327)"
"MCP32380035","240058345","MONTGOMERY","Injury Crash","12/06/2024 11:37:00 AM","US (State)","GEORGIA AVE (SB/L)",,,,"Scooter (electric)","Single Vehicle","Clear","Dry","Daylight","No Controls","Not Suspect of Alcohol Use, Not Suspect of Drug Use","Not Suspect of Alcohol Use, Not Suspect of Drug Use","CA875B92-8D34-4D80-B02F-A2E0259C9E42","Scooter (electric)","Walking/Cycling on Sidewalk","Unknown","Sidewalk","Yes","Suspected Minor Injury","Helmet","38.99197858","-77.02684686","    (38.99197858, -77.02684686)"
"EJ7907000Z","240058233","GAITHERSBURG","Injury Crash","12/05/2024 05:15:00 PM","Maryland (State) Route",,"PHEASANT RUN DR W WATKINS MILL RD",,,"Pedestrian","Single Vehicle","Clear","Dry","Dark - Lighted","Traffic Control Signal","Not Suspect of Alcohol Use, Not Suspect of Drug Use","Not Suspect of Alcohol Use, Not Suspect of Drug Use","92703A2D-F27A-47E1-B5BA-609068BEFBF2","Pedestrian","Cross/Enter at Intersection","None (No Improper Action)","Intersection Marked Crosswalk","No","Suspected Minor Injury","None","39.14758319","-77.23292448","    (39.14758319, -77.23292448)"
"MCP31480074","240058089","MONTGOMERY","Injury Crash","12/04/2024 08:51:00 PM","Maryland (State) Route","EAST WEST HWY (WB/L)","SUNDALE DR WASHINGTON AVE WASHINGTON AVE (NB/L)",,,"Pedestrian","Single Vehicle","Clear","Dry","Dark - Lighted","Traffic Control Signal","Not Suspect of Alcohol Use, Not Suspect of Drug Use","Not Suspect of Alcohol Use, Not Suspect of Drug Use","35DE1954-A83E-4B51-BDB6-F4FF9203318C","Pedestrian","Cross/Enter at Intersection","Failure to Obey Traffic Signs, Signals, or Officer","Intersection Marked Crosswalk","No","Possible Injury","None","38.99492997","-77.04537518","    (38.99492997, -77.04537518)"
"MCP3431000J","240058081","MONTGOMERY","Injury Crash","12/04/2024 08:11:00 PM","Maryland (State) Route","CLOPPER RD",,,,"Pedestrian","Unknown","Clear","Dry","Dark - Lighted","Traffic Control Signal","Not Suspect of Alcohol Use, Not Suspect of Drug Use","Not Suspect of Alcohol Use, Not Suspect of Drug Use","9A6BF85C-E92A-4800-A954-D41590BE486E","Pedestrian","Walking/Cycling on Sidewalk","Not Visible (Dark Clothing, No Lighting, etc.)","Intersection Marked Crosswalk","No","Suspected Minor Injury","None","39.15901192","-77.27554972","    (39.15901192, -77.27554972)"