"Report Number","Local Case Number","Agency Name","ACRS Report Type","Crash Date/Time","Route Type","Road Name","Cross-Street Name","Off-Road Description","Municipality","Related Non-Motorist","Collision Type","Weather","Surface Condition","Light","Traffic Control","Driver Substance Abuse","Non-Motorist Substance Abuse","Person ID","Pedestrian Type","Pedestrian Movement","Pedestrian Actions","Pedestrian Location","At Fault","Injury Severity","Safety Equipment","Latitude","Longitude","Location"
"MCP3348003R","240058066","MONTGOMERY","Injury Crash","12/04/2024 07:18:00 PM","County Route","NADINE DR","BAUER DR",,,"Pedestrian","Single Vehicle","Clear","Dry","Dark - Not Lighted","Stop Sign","Not Suspect of Alcohol Use, Not Suspect of Drug Use","Not Suspect of Alcohol Use, Not Suspect of Drug Use","F44B7212-4F60-458F-8C65-D7AD45F80A3F","Pedestrian","Cross/Enter at Intersection","None (No Improper Action)","Intersection Marked Crosswalk","No","Suspected Minor Injury","None","39.09096008","-77.10167646","    (39.09096008, -77.10167646)"
"DD5538004W","240058061","ROCKVILLE","Injury Crash","12/04/2024 06:27:00 PM","Maryland (State) Route","W MONTGOMERY AVE (WB/L)","HURLEY AVE HURLEY AVE (NB/L)",,,"Pedestrian","Single Vehicle","Clear","Dry","Dark - Lighted","Traffic Control Signal","Not Suspect of Alcohol Use, Not Suspect of Drug Use","Unknown, Unknown","72C7E611-C01E-4FED-B7D0-992F104A95D8","Pedestrian","Cross/Enter at Intersection","Dart/Dash, Failure to Obey Traffic Signs, Signals, or Officer, Not Visible (Dark Clothing, No Lighting, etc.), Other","Intersection Other","Yes","Possible Injury","None","39.08923137","-77.17793074","    (39.08923137, -77.17793074)"
"MCP33720036","240057814","MONTGOMERY","Injury Crash","12/03/2024 03:33:00 PM","County Route","VANDALIA DR","INDEPENDENCE ST",,,"Pedestrian","Single Vehicle","Clear","Dry","Daylight","No Controls","Not Suspect of Alcohol Use, Not Suspect of Drug Use","Not Suspect of Alcohol Use, Not Suspect of Drug Use","5D5C8FF7-F6B9-47A6-AD4E-B2DDA0E3E243","Pedestrian","Cross/Enter at Intersection","None (No Improper Action)","Intersection Marked Crosswalk","No","Suspected Minor Injury","None","39.07487871","-77.08342258","    (39.07487871, -77.08342258)"
"MCP3408000P","240057731","MONTGOMERY","Injury Crash","12/03/2024 08:09:00 AM","Maryland (State) Route","GEORGIA AVE (SB/L)",,,,"Pedestrian","Single Vehicle","Clear","Dry","Daylight","No Controls","Not Suspect of Alcohol Use, Not Suspect of Drug Use","Not Suspect of Alcohol Use, Not Suspect of Drug Use","EB1871AC-978A-401A-9B56-D8E0CDC59438","Pedestrian","Cross/Enter Not at Intersection","Failure to Obey Traffic Signs, Signals, or Officer","Travel Lane Other Location","Yes","Suspected Serious Injury","None","38.99679445","-77.02913113","    (38.99679445, -77.02913113)"
"EJ7833008J","240057696","GAITHERSBURG","Injury Crash","12/02/2024 03:30:00 PM","Maryland (State) Route","FREDERICK RD (SB/L)","S WESTLAND DR",,,"Cyclist (non-electric)","Single Vehicle","Clear","Dry","Daylight","Traffic Control Signal","Unknown, Unknown","Not Suspect of Alcohol Use, Not Suspect of Drug Use","B4E8CE29-44CC-4FFA-B51B-7A09D2CA421A","Cyclist (non-electric)","Cross/Enter at Intersection","None (No Improper Action)","Intersection Marked Crosswalk","No","Suspected Minor Injury","Unknown","39.12597168","-77.18289898","    (39.12597168, -77.18289898)"
"MCP2601001P","240057340","MONTGOMERY","Injury Crash","11/30/2024 02:36:00 PM","US (State)",,,,,"Cyclist (Electric)","Single Vehicle","Clear","Dry","Daylight","No Controls","Not Suspect of Alcohol Use, Not Suspect of Drug Use","Not Suspect of Alcohol Use, Not Suspect of Drug Use","0D0B630B-604A-417B-8A61-7169EBF45B4F","Cyclist (Electric)","Walking/Cycling on Sidewalk","None (No Improper Action)","Driveway Access","No","Suspected Minor Injury","None","38.99625798","-77.02781278","    (38.99625798, -77.02781278)"
"MCP3009008F","240057328","MONTGOMERY","Injury Crash","11/30/2024 12:28:00 PM",,,,"Parking Aisle        IN FRONT OF 19204 MONTGOMERY VILLAGE AVE MONTGOMERY VILLAGE, MD 20886",,"Pedestrian","Single Vehicle","Clear",,"Daylight",,"Not Suspect of Alcohol Use, Not Suspect of Drug Use","Not Suspect of Alcohol Use, Not Suspect of Drug Use","39D54407-91B8-496B-B586-7050B62E1E1D","Pedestrian","Standing","In Roadway Improperly (Standing, Lying, Working, Playing)","Travel Lane Other Location","Yes","Possible Injury","None","39.17177164","-77.20502716","    (39.17177164, -77.20502716)"
"MCP3307002J","240057299","MONTGOMERY","Injury Crash","11/30/2024 07:55:00 AM","Maryland (State) Route","NO NAME","NORBECK RD WINTERGATE DR",,,"Cyclist (non-electric)","Single Vehicle","Clear","Dry","Daylight","Traffic Control Signal","Not Suspect of Alcohol Use, Not Suspect of Drug Use","Not Suspect of Alcohol Use, Not Suspect of Drug Use","34B6E259-CB50-4C9A-BEFD-1B4C84E2D49E","Cyclist (non-electric)","Cross/Enter at Intersection","Unknown","Intersection Marked Crosswalk","No","Possible Injury","None","39.11242985","-77.05902146","    (39.11242985, -77.05902146)"
"MCP2948007H","240057235","MONTGOMERY","Injury Crash","11/29/2024 06:17:00 PM","Maryland (State) Route","GEORGIA AVE (SB/L)",,,,"Pedestrian","Single Vehicle","Clear","Dry","Dark - Unknown Lighting","No Controls","Not Suspect of Alcohol Use, Not Suspect of Drug Use","Unknown, Unknown","3C903843-D54B-40C1-AC55-9E15C9CC3A3A","Pedestrian","Cross/Enter Not at Intersection","Dart/Dash","Intersection Unmarked Crosswalk","Yes","Suspected Minor Injury","None","39.04568308","-77.0521781","    (39.04568308, -77.0521781)"
"MCP3352002D","240057206","MONTGOMERY","Injury Crash","11/29/2024 02:20:00 PM",,,,"Parking Aisle        18270 CONTOUR RD",,"Pedestrian","Single Vehicle","Clear",,"Daylight",,"Unknown, Unknown","Not Suspect of Alcohol Use, Not Suspect of Drug Use","95010F9F-765E-46C5-A889-AC68DCA69BA2","Pedestrian","Standing","None (No Improper Action)","Other","No","Suspected Minor Injury","None","39.15472499","-77.19917334","    (39.15472499, -77.19917334)"
"MCP913000K4","240057187","MONTGOMERY","Property Damage Crash","11/29/2024 12:12:00 PM",,,,"Parking Lot Way        GAS LANE AT SHELL STATION 8533 PINEY BRANCH RD SILVER SPRING, MD 20901",,"Occupant of Motor Vehicle Not in Transport","Front to Rear","Cloudy",,"Daylight",,"Not Suspect of Alcohol Use, Not Suspect of Drug Use","Not Suspect of Alcohol Use, Not Suspect of Drug Use","269D0FC0-4F66-493F-B503-45D333491220","Occupant of Motor Vehicle Not in Transport","Standing","None (No Improper Action)","Other","No","No Apparent Injury","None","38.99812645","-77.00202504","    (38.99812645, -77.00202504)"
"MCP3111008R","240057181","MONTGOMERY","Injury Crash","11/29/2024 11:20:00 AM","County Route","ELM ST","WISCONSIN AVE (SB/L)",,,"Pedestrian","Single Vehicle","Cloudy","Dry","Daylight","Traffic Control Signal","Unknown, Unknown","Not Suspect of Alcohol Use, Not Suspect of Drug Use","E3B8A427-CB98-4A69-8EC4-AB96F31397E4","Pedestrian","Cross/Enter at Intersection","None (No Improper Action)","Intersection Marked Crosswalk","No","Suspected Minor Injury","None","38.98222489","-77.0932758","    (38.98222489, -77.0932758)"
"MCP29870090","240057017","MONTGOMERY","Injury Crash","11/27/2024 07:20:00 PM","County Route","FAIRLAND RD",,,,"Pedestrian","Single Vehicle","Clear","Dry","Dark - Lighted","No Controls","Unknown, Unknown","Not Suspect of Alcohol Use, Not Suspect of Drug Use","5189F91E-F5E0-49AC-A797-19B8838779D8","Pedestrian","Cross/Enter Not at Intersection","Failure to Obey Traffic Signs, Signals, or Officer, Not Visible (Dark Clothing, No Lighting, etc.)","Travel Lane Other Location","No","Suspected Minor Injury","None","39.07692278","-76.9585157","    (39.07692278, -76.9585157)"
"MCP3424000V","240056695","MONTGOMERY","Injury Crash","11/25/2024 11:24:00 PM","Maryland (State) Route","S FREDERICK RD",,,,"Pedestrian","Single Vehicle","Clear","Dry","Dark - Lighted","No Controls","Not Suspect of Alcohol Use, Not Suspect of Drug Use","Not Suspect of Alcohol Use, Not Suspect of Drug Use","7F56C2BE-E96D-449A-874E-227EA289C005","Pedestrian","None","None (No Improper Action)","Unknown","No","Possible Injury","None","39.13850018","-77.19492969","    (39.13850018, -77.19492969)"
"MCP3424000V","240056695","MONTGOMERY","Injury Crash","11/25/2024 11:24:00 PM","Maryland (State) Route","S FREDERICK RD",,,,"Pedestrian","Single Vehicle","Clear","Dry","Dark - Lighted","No Controls","Not Suspect of Alcohol Use, Not Suspect of Drug Use","Not Suspect of Alcohol Use, Not Suspect of Drug Use","6041043D-00E9-4396-91FF-29CD996AAE9E","Pedestrian","Standing","None (No Improper Action)","Unknown","No","Possible Injury","None","39.13850018","-77.19492969","    (39.13850018, -77.19492969)"
"MCP3424000V","240056695","MONTGOMERY","Injury Crash","11/25/2024 11:24:00 PM","Maryland (State) Route","S FREDERICK RD",,,,"Pedestrian","Single Vehicle","Clear","Dry","Dark - Lighted","No Controls","Not Suspect of Alcohol Use, Not Suspect of Drug Use","Not Suspect of Alcohol Use, Not Suspect of Drug Use","14B0FD4E-1D7B-45C3-A499-BA48B04B7BA7","Pedestrian","None","None (No Improper Action)","Unknown","No","Possible Injury","None","39.13850018","-77.19492969","    (39.13850018, -77.19492969)"
"MCP32800064","240058187","MONTGOMERY","Injury Crash","11/25/2024 08:45:00 AM",,,,"Driveway        DRIVEWAY OF 401 UNIVERSITY BLVD W, SILVER SPRING, MD 20901",,"Pedestrian","Single Vehicle","Unknown",,"Daylight",,"Not Suspect of Alcohol Use, Not Suspect of Drug Use","Not Suspect of Alcohol Use, Not Suspect of Drug Use","6929B482-6EFB-46A8-BF2B-F13E236A6FB3","Pedestrian","Cross/Enter Not at Intersection","Dart/Dash, Inattentive (Talking, Eating, etc.)","Driveway Access","Yes","Suspected Serious Injury","None","39.02521336","-77.01897042","    (39.02521336, -77.01897042)"
"MCP2016008C","240056510","MONTGOMERY","Injury Crash","11/25/2024 08:12:00 AM","County Route","SOUTHLAWN LA",,,,"Pedestrian","Single Vehicle","Clear","Dry","Daylight","No Controls","Not Suspect of Alcohol Use, Not Suspect of Drug Use","Not Suspect of Alcohol Use, Not Suspect of Drug Use","FCAF37DA-A076-43E5-933A-2160915CEDD9","Pedestrian","None","None (No Improper Action)","Other","No","Suspected Minor Injury","None","39.0997508","-77.13604335","    (39.0997508, -77.13604335)"
"MCP30910057","240056492","MONTGOMERY","Injury Crash","11/25/2024 06:47:00 AM","County Route","REDLAND RD",,,,"Pedestrian","Single Vehicle","Clear","Dry","Daylight","Traffic Control Signal","Not Suspect of Alcohol Use, Not Suspect of Drug Use","Not Suspect of Alcohol Use, Not Suspect of Drug Use","AE96D2C0-34CF-4B0D-8F55-1FD3C2208D76","Pedestrian","None","Unknown","Intersection Marked Crosswalk","No","Possible Injury","None","39.1199395","-77.15983407","    (39.1199395, -77.15983407)"
"MCP312900BH","240056491","MONTGOMERY","Injury Crash","11/25/2024 06:39:00 AM","Maryland (State) Route","CONNECTICUT AVE","INDEPENDENCE ST",,,"Pedestrian","Single Vehicle","Clear","Dry","Dawn","Traffic Control Signal","Not Suspect of Alcohol Use, Not Suspect of Drug Use","Not Suspect of Alcohol Use, Not Suspect of Drug Use","33CC8A3A-D886-4D78-8AE3-B072E4777A18","Pedestrian","Cross/Enter at Intersection","None (No Improper Action)","Intersection Marked Crosswalk","No","Suspected Minor Injury","None","39.07637666","-77.08052504","    (39.07637666, -77.08052504)"
"MCP9318003K","240056420","MONTGOMERY","Injury Crash","11/24/2024 04:50:00 PM","County Route","DENNIS AVE",,,,"Scooter (electric)","Single Vehicle","Clear","Dry","Dusk","Pedestrian Crossing Sign","Not Suspect of Alcohol Use, Not Suspect of Drug Use","Not Suspect of Alcohol Use, Not Suspect of Drug Use","5840A584-DB29-4AFC-BA73-76DEDBBBC6EA","Scooter (electric)","Other","Unknown","Midblock Marked Crosswalk","No","Suspected Minor Injury","Unknown","39.02391683","-77.02945887","    (39.02391683, -77.02945887)"
"MCP34140018","240056413","MONTGOMERY","Injury Crash","11/24/2024 03:36:00 PM",,,,"Parking Stall        PARKING LOT",,"Pedestrian","Single Vehicle","Clear",,"Daylight",,"Not Suspect of Alcohol Use, Not Suspect of Drug Use","Not Suspect of Alcohol Use, Not Suspect of Drug Use","AE9B0163-7310-4EFF-BADB-AC7B38E1BBBD","Pedestrian","Standing","None (No Improper Action)","NonTrafficway Area","No","Suspected Minor Injury","None","38.99180779","-77.02708051","    (38.99180779, -77.02708051)"
"DD5612006C","240056270","ROCKVILLE","Injury Crash","11/23/2024 03:45:00 PM","Municipality Route","THOMPSON AVE","CHAPMAN AVE",,,"Cyclist (non-electric)","Single Vehicle","Clear","Dry","Daylight","Stop Sign","Unknown, Unknown","Not Suspect of Alcohol Use, Not Suspect of Drug Use","94CA0388-7522-4785-A280-EE0088536533","Cyclist (non-electric)","Walking/Cycling Along Roadway With Traffic (In or Adjacent to Travel Lane)","Unknown","Travel Lane Other Location","No","Possible Injury","None","39.06010941","-77.12020638","    (39.06010941, -77.12020638)"
"MCP2931007H","240056141","MONTGOMERY","Injury Crash","11/22/2024 05:00:00 PM","Maryland (State) Route","FREDERICK RD (SB/L)","REDLAND BLVD (EB/L)",,,"Pedestrian","Unknown","Rain","Wet","Dark - Lighted","Traffic Control Signal","Unknown, Unknown","Not Suspect of Alcohol Use, Not Suspect of Drug Use","BDBBF23A-4118-494D-9280-F9D16C403EC1","Pedestrian","Cross/Enter at Intersection","None (No Improper Action)","Intersection Marked Crosswalk","No","Possible Injury","None","39.11539234","-77.1663189","    (39.11539234, -77.1663189)"
"MCP30530083","240056089","MONTGOMERY","Injury Crash","11/22/2024 03:11:00 PM",,,,"Parking Lot Way        PARKING LOT",,"Pedestrian","Front to Front","Cloudy",,"Daylight",,,"Not Suspect of Alcohol Use, Not Suspect of Drug Use","F52C0B83-3ED7-4A13-8093-85DAF16750BE","Pedestrian","Other","Other","Other","No","Suspected Minor Injury","None","39.05059667","-77.07737833","    (39.05059667, -77.07737833)"
"MCP3424000S","240055799","MONTGOMERY","Injury Crash","11/20/2024 11:10:00 PM","Municipality Route","WASHINGTONIAN BLVD (SB/L)",,,,"Pedestrian","Single Vehicle","Rain","Wet","Dark - Lighted","No Controls","Not Suspect of Alcohol Use, Not Suspect of Drug Use","Not Suspect of Alcohol Use, Not Suspect of Drug Use","19C2E3AF-C39D-4140-882D-41FAE555B563","Pedestrian","Unknown","None (No Improper Action)","Travel Lane Other Location","No","Suspected Minor Injury","None","39.11757268","-77.2035146","    (39.11757268, -77.2035146)"
"MCP3163007T","240055786","MONTGOMERY","Injury Crash","11/20/2024 08:48:00 PM",,,,"Parking Lot Way        PARKING LOT OF 3715 UNIVERSITY BLVD W",,"Pedestrian","Single Vehicle","Rain",,"Dark - Lighted",,"Unknown, Unknown","Not Suspect of Alcohol Use, Not Suspect of Drug Use","7B37388E-385F-4958-AA72-A217458A7B51","Pedestrian","None","None (No Improper Action)","Other","No","Suspected Minor Injury","None","39.03363537","-77.07352018","    (39.03363537, -77.07352018)"
"MCP31480072","240055763","MONTGOMERY","Injury Crash","11/20/2024 07:00:00 PM","County Route","PORTER RD","LANIER DR PENNSYLVANIA AVE",,,"Pedestrian","Single Vehicle","Clear","Dry","Dark - Not Lighted","Stop Sign","Not Suspect of Alcohol Use, Not Suspect of Drug Use","Not Suspect of Alcohol Use, Not Suspect of Drug Use","FD0D09AC-760F-4C0B-BB62-76132CC11DA6","Pedestrian","Cross/Enter at Intersection","None (No Improper Action)","Intersection Marked Crosswalk","No","Suspected Minor Injury","None","39.00140362","-77.04674703","    (39.00140362, -77.04674703)"
"EJ7905001W","240055656","GAITHERSBURG","Injury Crash","11/20/2024 12:05:00 PM",,,,"Parking Lot Way        ENTRANCE WAY",,"Pedestrian","Single Vehicle","Clear",,"Daylight",,"Not Suspect of Alcohol Use, Not Suspect of Drug Use","Not Suspect of Alcohol Use, Not Suspect of Drug Use","11056447-6E1F-4A65-9B22-77AC483ABFAC","Pedestrian","Other","None (No Improper Action)","Driveway Access","No","Possible Injury","None","39.11414213","-77.18632317","    (39.11414213, -77.18632317)"
"MCP34320017","240055605","MONTGOMERY","Injury Crash","11/20/2024 08:56:00 AM","County Route","LONGMEAD CROSSING DR","LAYHILL RD (SB/L)",,,"Pedestrian","Unknown","Clear","Dry","Daylight","Traffic Control Signal","Not Suspect of Alcohol Use, Not Suspect of Drug Use","Not Suspect of Alcohol Use, Not Suspect of Drug Use","8F34EC1D-2772-4BAF-943E-07771D604314","Pedestrian","Cross/Enter at Intersection","None (No Improper Action)","Intersection Marked Crosswalk","No","Suspected Minor Injury","None","39.0955947","-77.04461156","    (39.0955947, -77.04461156)"
"MCP2686007D","240055562","MONTGOMERY","Injury Crash","11/19/2024 08:37:00 PM",,,,"Parking Lot Way        BETWEEN SIDEWALK AND PARKING LOT DRIVEWAY OF 802 MUDDY BRANCH RD",,"Pedestrian","Single Vehicle","Rain",,"Dark - Lighted",,"Not Suspect of Alcohol Use, Not Suspect of Drug Use","Not Suspect of Alcohol Use, Not Suspect of Drug Use","96D0B890-21C7-46E0-9904-CD4DC48BCE38","Pedestrian","Cross/Enter at Intersection","Not Visible (Dark Clothing, No Lighting, etc.)","Intersection Marked Crosswalk","No","Possible Injury","None","39.11377975","-77.21618473","    (39.11377975, -77.21618473)"
"MCP3348003P","240055516","MONTGOMERY","Injury Crash","11/19/2024 04:11:00 PM","County Route",,,,,"Pedestrian","Single Vehicle","Clear","Dry","Dusk","No Controls","Not Suspect of Alcohol Use, Not Suspect of Drug Use","Not Suspect of Alcohol Use, Not Suspect of Drug Use","557AE800-D14F-4157-8565-EB4CA08C827B","Pedestrian","Cross/Enter Not at Intersection","Dart/Dash, Failure to Yield Right-Of-Way","Travel Lane Other Location","Yes","Suspected Serious Injury","None","39.09051984","-77.04818854","    (39.09051984, -77.04818854)"
"MCP120500CJ","240055249","MONTGOMERY","Injury Crash","11/18/2024 09:07:00 AM","County Route","WOODMONT AVE","CORDELL AVE",,,"Pedestrian","Single Vehicle","Cloudy","Dry","Daylight","Traffic Control Signal","Not Suspect of Alcohol Use, Not Suspect of Drug Use","Not Suspect of Alcohol Use, Not Suspect of Drug Use","2CCE0131-BE0D-4C89-84D0-38B88AA19326","Pedestrian","Cross/Enter at Intersection","None (No Improper Action)","Intersection Marked Crosswalk","No","Suspected Minor Injury","None","38.99082053","-77.09663736","    (38.99082053, -77.09663736)"
"HA24920018","24002426","MCPARK","Injury Crash","11/17/2024 12:33:00 PM","Government Route","BEACH DR",,,,"Pedestrian","Single Vehicle","Clear","Dry","Daylight","No Controls","Not Suspect of Alcohol Use, Not Suspect of Drug Use","Not Suspect of Alcohol Use, Not Suspect of Drug Use","8CFDACCB-3E66-4431-8696-EBE76B23229B","Pedestrian","Other","None (No Improper Action), Unknown","Driveway Access","No","Suspected Minor Injury","None","38.98646597","-77.06239228","    (38.98646597, -77.06239228)"
"HA24920018","24002426","MCPARK","Injury Crash","11/17/2024 12:33:00 PM","Government Route","BEACH DR",,,,"Pedestrian","Single Vehicle","Clear","Dry","Daylight","No Controls","Not Suspect of Alcohol Use, Not Suspect of Drug Use","Not Suspect of Alcohol Use, Not Suspect of Drug Use","703F6B00-C062-437D-A1F9-D51BF2DDFF79","Pedestrian","Other","None (No Improper Action), Unknown","Driveway Access","No","Suspected Minor Injury","None","38.98646597","-77.06239228","    (38.98646597, -77.06239228)"
"MCP2674005K","240055040","MONTGOMERY","Injury Crash","11/16/2024 05:00:00 PM","County Route","SUNDOWN RD",,,,"Cyclist (non-electric)","Single Vehicle","Clear","Dry","Dusk","No Controls","Unknown, Unknown","Not Suspect of Alcohol Use, Not Suspect of Drug Use","0902ED19-78C1-4DE3-8107-DDCD5A7E9FA4","Cyclist (non-electric)","Walking/Cycling Along Roadway With Traffic (In or Adjacent to Travel Lane)","None (No Improper Action)","Travel Lane Other Location","No","Suspected Minor Injury","Helmet, Lighting, Reflectors","39.2127986","-77.13708446","    (39.2127986, -77.13708446)"
"MCP3038007J","240055059","MONTGOMERY","Injury Crash","11/16/2024 03:00:00 PM","County Route","DENNIS AVE",,,,"Pedestrian","Single Vehicle","Clear","Dry","Daylight","No Controls","Unknown, Unknown","Not Suspect of Alcohol Use, Not Suspect of Drug Use","F15ACD57-0C03-4F6E-9321-2DD40EBBC805","Pedestrian","Cross/Enter Not at Intersection","Unknown","Unknown","No","Suspected Minor Injury","None","39.0242829","-77.05330736","    (39.0242829, -77.05330736)"
"MCP30940059","240054921","MONTGOMERY","Injury Crash","11/15/2024 07:25:00 PM","Maryland (State) Route",,"FLOWER HILL WAY",,,"Pedestrian","Single Vehicle","Clear","Dry","Dark - Lighted","Traffic Control Signal","Unknown, Unknown","Not Suspect of Alcohol Use, Not Suspect of Drug Use","0998A842-D78F-45BB-95B6-2F1DC69F2FEB","Pedestrian","Cross/Enter at Intersection","None (No Improper Action)","Intersection Marked Crosswalk","No","Possible Injury","None","39.15629709","-77.16548354","    (39.15629709, -77.16548354)"
"MCP33470028","240054851","MONTGOMERY","Injury Crash","11/15/2024 01:37:00 PM","Municipality Route","MAPLE AVE","BRADLEY LA",,,"Cyclist (Electric)","Single Vehicle","Cloudy","Dry","Daylight","Stop Sign","Not Suspect of Alcohol Use, Not Suspect of Drug Use","Unknown, Unknown","E9C4A932-C365-4350-B408-309AA569CDA7","Cyclist (Electric)","Cross/Enter at Intersection","None (No Improper Action)","Intersection Marked Crosswalk","No","Possible Injury","Helmet","38.97709933","-77.08454446","    (38.97709933, -77.08454446)"
"MCP34520007","240054691","MONTGOMERY","Injury Crash","11/14/2024 02:42:00 PM","County Route","BRIARWOOD TERR",,,,"Pedestrian","Single Vehicle","Clear","Dry","Daylight","No Controls",,"Not Suspect of Alcohol Use, Not Suspect of Drug Use","33534E3D-F434-4450-8EA3-3FEACF04B3E0","Pedestrian","Other","Other","Driveway Access","No","Suspected Minor Injury","None","39.09303707","-77.09435627","    (39.09303707, -77.09435627)"
"MCP23610035","240054379","MONTGOMERY","Injury Crash","11/12/2024 04:26:00 PM",,,,"Parking Lot Way        18314 CONTOUR ROAD",,"Pedestrian","Single Vehicle","Clear",,"Daylight",,"Not Suspect of Alcohol Use, Not Suspect of Drug Use","Not Suspect of Alcohol Use, Not Suspect of Drug Use","FF6D68F8-84CA-41DA-ADDC-46F4829794E2","Pedestrian","Cross/Enter Not at Intersection","Failure to Yield Right-Of-Way","Travel Lane Other Location","Yes","Possible Injury","None","39.15411","-77.19971333","    (39.15411, -77.19971333)"
"MCP3304001Q","240054063","MONTGOMERY","Fatal Crash","11/10/2024 10:49:00 PM","Maryland (State) Route","ROCKVILLE PIKE (SB/L)","MARINELLI RD",,,"Pedestrian","Single Vehicle","Rain","Wet","Dark - Lighted","Traffic Control Signal","Suspect of Alcohol Use, Not Suspect of Drug Use","Suspect of Alcohol Use, Unknown","A3A6EA8B-CD6A-4E16-AD01-B70AC8192728","Pedestrian","Cross/Enter at Intersection","Failure to Obey Traffic Signs, Signals, or Officer","Intersection Marked Crosswalk","Yes","Fatal Injury","None","39.04705833","-77.113045","    (39.04705833, -77.113045)"
"MCP2846009Y","240053866","MONTGOMERY","Injury Crash","11/09/2024 06:54:00 PM","County Route",,,,,"Unknown, Wheelchair (electric)","Single Vehicle","Clear","Dry","Dark - Lighted","No Controls","Not Suspect of Alcohol Use, Not Suspect of Drug Use","Not Suspect of Alcohol Use, Not Suspect of Drug Use","C67CEA9C-4DC4-4916-AA3D-9471313A0D37","Unknown","Standing","None (No Improper Action)","Other","No","Suspected Minor Injury","None","39.04009769","-77.05269465","    (39.04009769, -77.05269465)"
"MCP2846009Y","240053866","MONTGOMERY","Injury Crash","11/09/2024 06:54:00 PM","County Route",,,,,"Unknown, Wheelchair (electric)","Single Vehicle","Clear","Dry","Dark - Lighted","No Controls","Not Suspect of Alcohol Use, Not Suspect of Drug Use","Not Suspect of Alcohol Use, Not Suspect of Drug Use","6931EE7A-E7EB-43E4-B18B-AC056E30ACE7","Wheelchair (electric)","None","None (No Improper Action)","Sidewalk","No","Suspected Minor Injury","None","39.04009769","-77.05269465","    (39.04009769, -77.05269465)"
"MCP29670063","240053864","MONTGOMERY","Injury Crash","11/09/2024 06:27:00 PM","Maryland (State) Route","BROOKVILLE RD",,,,"Cyclist (non-electric)","Single Vehicle","Clear","Dry","Dark - Not Lighted","No Controls","Unknown, Unknown","Not Suspect of Alcohol Use, Not Suspect of Drug Use","F9AA5025-B2A2-4E8E-9752-7C45FBAA0DF2","Cyclist (non-electric)","Walking/Cycling Along Roadway With Traffic (In or Adjacent to Travel Lane)","None (No Improper Action)","Shoulder/Roadside","No","Possible Injury","Helmet","38.97809668","-77.07103939","    (38.97809668, -77.07103939)"