"Report Number","Local Case Number","Agency Name","ACRS Report Type","Crash Date/Time","Route Type","Road Name","Cross-Street Name","Off-Road Description","Municipality","Related Non-Motorist","Collision Type","Weather","Surface Condition","Light","Traffic Control","Driver Substance Abuse","Non-Motorist Substance Abuse","Person ID","Pedestrian Type","Pedestrian Movement","Pedestrian Actions","Pedestrian Location","At Fault","Injury Severity","Safety Equipment","Latitude","Longitude","Location"
"MCP3386001Y","240054725","MONTGOMERY","Injury Crash","11/09/2024 04:00:00 PM","Maryland (State) Route","EAST WEST HWY","BEACH DR JONES MILL RD",,,"Pedestrian","Single Vehicle","Clear","Dry","Daylight","Traffic Control Signal","Unknown, Unknown","Not Suspect of Alcohol Use, Not Suspect of Drug Use","A020CB62-FB1D-404D-A051-6A9599D1E783","Pedestrian","Cross/Enter at Intersection","None (No Improper Action)","Intersection Marked Crosswalk","No","Suspected Serious Injury","None","38.99333208","-77.06352067","    (38.99333208, -77.06352067)"
"MCP2875009L","240053759","MONTGOMERY","Injury Crash","11/08/2024 08:35:00 PM","Maryland (State) Route",,,,,"Pedestrian","Single Vehicle","Clear","Dry","Dark - Lighted","No Controls","Not Suspect of Alcohol Use, Not Suspect of Drug Use","Suspect of Alcohol Use, Unknown","43224B36-15E3-470E-95C2-A5662D948A18","Pedestrian","Walking/Cycling Along Roadway Against Traffic (In or Adjacent to Travel Lane)","Failure to Yield Right-Of-Way, In Roadway Improperly (Standing, Lying, Working, Playing), Other, Wrong-Way Riding or Walking","Travel Lane Other Location","No","Suspected Serious Injury","None","39.21931667","-77.25694167","    (39.21931667, -77.25694167)"
"MCP3407000K","240053728","MONTGOMERY","Injury Crash","11/08/2024 05:41:00 PM","Private Route",,"FOREST BROOK RD",,,"Pedestrian","Single Vehicle","Clear","Dry","Dark - Not Lighted","No Controls","Not Suspect of Alcohol Use, Not Suspect of Drug Use","Not Suspect of Alcohol Use, Not Suspect of Drug Use","72185CF7-8B2B-413D-BF95-E2248555C32F","Pedestrian","Cross/Enter at Intersection","None (No Improper Action)","Intersection Unmarked Crosswalk","No","Suspected Minor Injury","None","39.16772933","-77.25144205","    (39.16772933, -77.25144205)"
"MCP3211003T","240053629","MONTGOMERY","Property Damage Crash","11/08/2024 09:01:00 AM","County Route","PUBLIC HOUSE RD",,,,"Cyclist (non-electric)","Single Vehicle","Clear","Dry","Daylight","Stop Sign","Not Suspect of Alcohol Use, Not Suspect of Drug Use","Not Suspect of Alcohol Use, Not Suspect of Drug Use","1A1C0CB2-A469-48F3-BA3B-F0044F9B7596","Cyclist (non-electric)","Walking/Cycling on Sidewalk","Failure to Yield Right-Of-Way","Intersection Other","Yes","No Apparent Injury","None","39.24209941","-77.27860896","    (39.24209941, -77.27860896)"
"MCP31610076","240053563","MONTGOMERY","Injury Crash","11/07/2024 07:16:00 PM","County Route",,"ELM ST",,,"Scooter (electric)","Single Vehicle","Clear","Dry","Dark - Lighted","Traffic Control Signal","Unknown, Unknown","Not Suspect of Alcohol Use, Not Suspect of Drug Use","F9158D18-703C-418A-B794-EB43D1413B83","Scooter (electric)","Cross/Enter at Intersection","None (No Improper Action)","Intersection Marked Crosswalk","No","Suspected Minor Injury","None","38.98207129","-77.09845948","    (38.98207129, -77.09845948)"
"MCP30040048","240053559","MONTGOMERY","Injury Crash","11/07/2024 07:13:00 PM",,,,"Parking Lot Way        IN FRONT OF 10500 ROCKVILLE PIKE ROCKVILLE, MD",,"Pedestrian","Single Vehicle","Clear",,"Dark - Lighted",,"Not Suspect of Alcohol Use, Not Suspect of Drug Use","Not Suspect of Alcohol Use, Not Suspect of Drug Use","E9C68A8A-7106-4A87-8CCE-7EF4D96A4FC6","Pedestrian","Standing","None (No Improper Action)","Other","No","Possible Injury","None","39.02932082","-77.10532683","    (39.02932082, -77.10532683)"
"MCP1378019T","240053536","MONTGOMERY","Injury Crash","11/07/2024 05:17:00 PM","County Route","WALKERS CHOICE RD","MONTGOMERY VILLAGE AVE (SB/L)",,,"Cyclist (non-electric)","Single Vehicle","Cloudy","Dry","Dark - Lighted","Traffic Control Signal","Not Suspect of Alcohol Use, Not Suspect of Drug Use","Not Suspect of Alcohol Use, Not Suspect of Drug Use","42D5729C-ACE5-4AC0-8D8B-4EC70FEF7384","Cyclist (non-electric)","Cross/Enter at Intersection","Unknown","Intersection Marked Crosswalk","Yes","Suspected Minor Injury","Reflectors","39.16144881","-77.20213473","    (39.16144881, -77.20213473)"
"MCP3263004T","240053234","MONTGOMERY","Injury Crash","11/06/2024 08:57:00 AM","Maryland (State) Route","WISCONSIN AVE (SB/L)","STANFORD ST",,,"Pedestrian","Single Vehicle","Clear","Dry","Daylight","Traffic Control Signal","Not Suspect of Alcohol Use, Not Suspect of Drug Use","Not Suspect of Alcohol Use, Not Suspect of Drug Use","63A9432E-9754-4918-9F18-025871F0B5A9","Pedestrian","Cross/Enter at Intersection","None (No Improper Action)","Intersection Marked Crosswalk","No","Suspected Minor Injury","None","38.97848803","-77.09125403","    (38.97848803, -77.09125403)"
"MCP3386001W","240053168","MONTGOMERY","Injury Crash","11/05/2024 06:38:00 PM","County Route",,"BRADLEY BLVD (SB/L)",,,"Pedestrian","Single Vehicle","Clear","Dry","Dark - Not Lighted","Traffic Control Signal","Not Suspect of Alcohol Use, Not Suspect of Drug Use","Not Suspect of Alcohol Use, Not Suspect of Drug Use","F0193013-7A8C-48D4-9591-CBE49CE623BE","Pedestrian","Cross/Enter at Intersection","Dart/Dash","Intersection Marked Crosswalk","No","Suspected Minor Injury","None","38.97806979","-77.09877071","    (38.97806979, -77.09877071)"
"MCP3386001V","240053154","MONTGOMERY","Injury Crash","11/05/2024 05:02:00 PM","County Route",,"BETHESDA AVE",,,"Pedestrian","Single Vehicle","Clear","Dry","Dusk","Traffic Control Signal","Not Suspect of Alcohol Use, Not Suspect of Drug Use","Not Suspect of Alcohol Use, Not Suspect of Drug Use","787050F4-979D-4ECB-9E57-867801368519","Pedestrian","Cross/Enter at Intersection","None (No Improper Action)","Intersection Marked Crosswalk","No","No Apparent Injury","None","38.98098467","-77.0983515","    (38.98098467, -77.0983515)"
"MCP3386001V","240053154","MONTGOMERY","Injury Crash","11/05/2024 05:02:00 PM","County Route",,"BETHESDA AVE",,,"Pedestrian","Single Vehicle","Clear","Dry","Dusk","Traffic Control Signal","Not Suspect of Alcohol Use, Not Suspect of Drug Use","Not Suspect of Alcohol Use, Not Suspect of Drug Use","49D5A8E2-10F3-49DF-9830-998644D6407C","Pedestrian","Cross/Enter at Intersection","None (No Improper Action)","Intersection Marked Crosswalk","No","Suspected Serious Injury","None","38.98098467","-77.0983515","    (38.98098467, -77.0983515)"
"MCP2445006C","240053068","MONTGOMERY","Injury Crash","11/05/2024 10:08:00 AM",,,,"Alley        REAR OF 21050 FREDERICK RD",,"Pedestrian","Single Vehicle","Clear",,"Daylight",,"Not Suspect of Alcohol Use, Not Suspect of Drug Use","Not Suspect of Alcohol Use, Not Suspect of Drug Use","F59DAE76-FC2B-4B3A-AE72-BEEB953FF102","Pedestrian","Cross/Enter at Intersection","None (No Improper Action)","Intersection Other","No","Suspected Minor Injury","Reflective Wear (backpack, triangles, etc.)","39.20223678","-77.25062786","    (39.20223678, -77.25062786)"
"MCP3389000K","240052835","MONTGOMERY","Injury Crash","11/03/2024 06:22:00 PM","County Route","FLOWER AVE","ARLISS ST",,,"Pedestrian","Single Vehicle","Clear","Dry","Dark - Lighted","Pedestrian Crossing Sign","Not Suspect of Alcohol Use, Not Suspect of Drug Use","Not Suspect of Alcohol Use, Not Suspect of Drug Use","913095DC-C8DA-4F7E-B901-DB024EA03042","Pedestrian","Cross/Enter at Intersection","None (No Improper Action)","Intersection Marked Crosswalk","No","Suspected Minor Injury","None","39.00068333","-77.00432395","    (39.00068333, -77.00432395)"
"MCP3294002K","240052715","MONTGOMERY","Injury Crash","11/02/2024 07:30:00 PM","County Route","LOST KNIFE RD (NB/L)",,,,"Pedestrian","Single Vehicle","Clear","Dry","Dark - Lighted","Pedestrian Crossing","Unknown, Unknown","Not Suspect of Alcohol Use, Not Suspect of Drug Use","9ACAAAF1-06A1-4ED2-8565-F32B8FB7C5D0","Pedestrian","Other","None (No Improper Action)","Intersection Marked Crosswalk","No","Suspected Minor Injury","None","39.15366994","-77.19947144","    (39.15366994, -77.19947144)"
"MCP34140014","240052537","MONTGOMERY","Injury Crash","11/01/2024 07:12:00 PM","County Route","FOREST GLEN RD",,,,"Pedestrian","Single Vehicle","Clear","Dry","Dark - Lighted","Traffic Control Signal","Not Suspect of Alcohol Use, Not Suspect of Drug Use","Not Suspect of Alcohol Use, Not Suspect of Drug Use","E87F7FD2-3932-42A3-8F85-037F7E43C171","Pedestrian","Other","None (No Improper Action)","Other","No","Possible Injury","None","39.01597342","-77.03667408","    (39.01597342, -77.03667408)"
"MCP3068005W","240052696","MONTGOMERY","Injury Crash","11/01/2024 05:15:00 PM","Local Route","CAPITAL CRESCENT TR","CAPITAL CRESCENT TR",,,"Cyclist (non-electric)","Single Vehicle","Clear","Dry","Daylight","Stop Sign","Not Suspect of Alcohol Use, Not Suspect of Drug Use","Not Suspect of Alcohol Use, Not Suspect of Drug Use","233471C6-5DBE-4720-85C8-5C2D9398FB98","Cyclist (non-electric)","Cross/Enter at Intersection","None (No Improper Action)","Intersection Marked Crosswalk","No","Suspected Minor Injury","Helmet","38.96877676","-77.10244938","    (38.96877676, -77.10244938)"
"MCP3259005B","240052498","MONTGOMERY","Injury Crash","11/01/2024 03:15:00 PM","County Route","SANGAMORE RD","OVERLEA RD",,,"Cyclist (non-electric)","Single Vehicle","Clear","Dry","Daylight","Traffic Control Signal","Not Suspect of Alcohol Use, Not Suspect of Drug Use","Not Suspect of Alcohol Use, Not Suspect of Drug Use","B127772C-F84B-4D67-BDD2-E6B8A1911719","Cyclist (non-electric)","Walking/Cycling Along Roadway With Traffic (In or Adjacent to Travel Lane)","Inattentive (Talking, Eating, etc.)","Shoulder/Roadside","No","Suspected Minor Injury","Helmet","38.95212763","-77.12044744","    (38.95212763, -77.12044744)"
"MCP9419005B","240052473","MONTGOMERY","Injury Crash","11/01/2024 01:20:00 PM","Municipality Route","COLLEGE PKWY (SB/L)","HUNGERFORD DR (SB/L)",,,"Pedestrian","Single Vehicle","Clear","Dry","Daylight","Traffic Control Signal","Not Suspect of Alcohol Use, Not Suspect of Drug Use","Not Suspect of Alcohol Use, Not Suspect of Drug Use","B095AC79-F9BA-4CB3-BE9A-8D88F468BF77","Pedestrian","Cross/Enter at Intersection","None (No Improper Action)","Intersection Marked Crosswalk","No","Suspected Minor Injury","None","39.10336004","-77.1560417","    (39.10336004, -77.1560417)"
"MCP3222002V","240052297","MONTGOMERY","Injury Crash","10/31/2024 04:57:00 PM","County Route","FERNWOOD RD","GREYSWOOD RD",,,"Pedestrian","Single Vehicle","Clear","Dry","Daylight","Traffic Control Signal","Not Suspect of Alcohol Use, Not Suspect of Drug Use","Not Suspect of Alcohol Use, Not Suspect of Drug Use","332B449B-8A07-4539-A5CF-4AE632769646","Pedestrian","Cross/Enter at Intersection","None (No Improper Action)","Intersection Marked Crosswalk","No","Suspected Minor Injury","None","39.0182433","-77.1333093","    (39.0182433, -77.1333093)"
"MCP24450069","240052240","MONTGOMERY","Injury Crash","10/31/2024 12:22:00 PM",,,,"Parking Lot Way        IN FRONT OF 20680 SENECA MEADOWS PARKWAY",,"Pedestrian","Single Vehicle","Clear",,"Daylight",,"Not Suspect of Alcohol Use, Not Suspect of Drug Use","Not Suspect of Alcohol Use, Not Suspect of Drug Use","37A1E51B-4434-4FEB-BB26-67EBD500A67E","Pedestrian","Cross/Enter Not at Intersection","None (No Improper Action)","Other","No","Possible Injury","None","39.19981307","-77.25399665","    (39.19981307, -77.25399665)"
"MCP9428005F","240052242","MONTGOMERY","Injury Crash","10/31/2024 12:18:00 PM",,,,"Parking Aisle        STAFF PARKING LOT AT DAMASCUS HIGH SCHOOL",,"Pedestrian","Single Vehicle","Clear",,"Daylight",,"Not Suspect of Alcohol Use, Not Suspect of Drug Use","Not Suspect of Alcohol Use, Not Suspect of Drug Use","D5AE3957-2768-487C-BF86-A2558EE35A8A","Pedestrian","Getting Off/On Vehicle","None (No Improper Action)","Travel Lane Other Location","No","Suspected Minor Injury","None","39.28207833","-77.21086833","    (39.28207833, -77.21086833)"
"DM85220036","240052201","TAKOMA","Property Damage Crash","10/31/2024 09:07:00 AM","Maryland (State) Route",,"PINEY BRANCH RD",,,"Pedestrian","Single Vehicle","Clear","Dry","Daylight","Pedestrian Crossing","Not Suspect of Alcohol Use, Not Suspect of Drug Use","Not Suspect of Alcohol Use, Not Suspect of Drug Use","A7CD5EAF-DE8E-4F79-AB54-FE0EF1765DA7","Pedestrian","Cross/Enter at Intersection","None (No Improper Action)","Intersection Marked Crosswalk","No","No Apparent Injury","None","38.98313937","-77.01539537","    (38.98313937, -77.01539537)"
"MCP3165005M","240051926","MONTGOMERY","Injury Crash","10/30/2024 06:30:00 AM","County Route","GREENCASTLE RD",,,,"Pedestrian","Unknown","Clear","Dry","Dark - Not Lighted","No Controls","Unknown, Unknown","Not Suspect of Alcohol Use, Not Suspect of Drug Use","1C23D96A-CB5A-4C57-9A90-2164EA83AA2F","Pedestrian","None","None (No Improper Action)","Intersection Other","No","Suspected Minor Injury","None","39.08832533","-76.93081733","    (39.08832533, -76.93081733)"
"MCP3322002Z","240051917","MONTGOMERY","Fatal Crash","10/30/2024 05:24:00 AM","Maryland (State) Route","VEIRS MILL RD (WB/L)",,,,"Pedestrian","Single Vehicle","Clear","Dry","Dark - Lighted","No Controls","Not Suspect of Alcohol Use, Not Suspect of Drug Use","Not Suspect of Alcohol Use, Not Suspect of Drug Use","4A59CC70-0586-4926-BEC1-D7EFDAA181F8","Pedestrian","Cross/Enter Not at Intersection","Dart/Dash","Travel Lane Other Location","Yes","Fatal Injury","None","39.06423972","-77.09653569","    (39.06423972, -77.09653569)"
"MCP3053007Z","240051876","MONTGOMERY","Property Damage Crash","10/29/2024 07:16:00 PM","County Route","GLENPARK DR",,,,"Cyclist (non-electric)","Single Vehicle","Clear","Dry","Dark - Lighted","No Controls","Not Suspect of Alcohol Use, Not Suspect of Drug Use","Not Suspect of Alcohol Use, Not Suspect of Drug Use","28A6A152-D3A3-4E6B-B313-5D65AA94C58F","Cyclist (non-electric)","Other","None (No Improper Action)","Shoulder/Roadside","No","No Apparent Injury","None","39.03644446","-77.03823405","    (39.03644446, -77.03823405)"
"DM8352000Y","240051851","TAKOMA","Injury Crash","10/29/2024 06:50:00 PM","Maryland (State) Route","EAST WEST HWY (WB/L)",,,,"Pedestrian","Single Vehicle","Clear","Dry","Daylight","No Controls","Not Suspect of Alcohol Use, Not Suspect of Drug Use","Not Suspect of Alcohol Use, Not Suspect of Drug Use","E135009A-1F9F-48A2-B63E-0192942FF4B5","Pedestrian","Cross/Enter Not at Intersection","Failure to Obey Traffic Signs, Signals, or Officer, Failure to Yield Right-Of-Way","Other","No","Suspected Minor Injury","None","38.97538836","-76.99333842","    (38.97538836, -76.99333842)"
"MCP28440083","240051740","MONTGOMERY","Injury Crash","10/29/2024 05:52:00 AM","County Route","DENNIS AVE",,,,"Unknown","Unknown","Clear","Dry","Dark - Not Lighted","Pedestrian Crossing Sign","Unknown, Unknown","Not Suspect of Alcohol Use, Not Suspect of Drug Use","09E837CE-B042-420F-ABB9-99AC2E7542FD","Unknown","Other","None (No Improper Action)","Intersection Marked Crosswalk","No","Suspected Minor Injury","Unknown","39.02620942","-77.03540998","    (39.02620942, -77.03540998)"
"MCP3422000X","240051712","MONTGOMERY","Injury Crash","10/28/2024 06:55:00 PM","US (State)","GEORGIA AVE (SB/L)","GEORGIA AVE",,,"Pedestrian","Single Vehicle","Clear","Dry","Daylight","Traffic Control Signal","Not Suspect of Alcohol Use, Not Suspect of Drug Use","Not Suspect of Alcohol Use, Not Suspect of Drug Use","888016E1-CCE5-4A74-8978-51B48901EF18","Pedestrian","Cross/Enter Not at Intersection","None (No Improper Action)","Travel Lane Other Location","No","Suspected Serious Injury","None","38.99608387","-77.02816178","    (38.99608387, -77.02816178)"
"MCP32550067","240051698","MONTGOMERY","Injury Crash","10/28/2024 05:15:00 PM","County Route",,"CHERRY LAUREL LA MOONEY DR",,,"Pedestrian","Single Vehicle","Clear","Dry","Daylight","Traffic Control Signal","Not Suspect of Alcohol Use, Not Suspect of Drug Use","Not Suspect of Alcohol Use, Not Suspect of Drug Use","9FDC7D89-A3FB-4D55-99E1-5B56D78C31BC","Pedestrian","Cross/Enter at Intersection","None (No Improper Action)","Intersection Marked Crosswalk","No","Suspected Serious Injury","None","39.16241975","-77.16574825","    (39.16241975, -77.16574825)"
"MCP3079006R","240051595","MONTGOMERY","Injury Crash","10/28/2024 07:30:00 AM","Local Route","THUNDERHEAD WAY",,,,"Pedestrian","Rear To Side","Clear","Dry","Daylight","No Controls","Not Suspect of Alcohol Use, Not Suspect of Drug Use, Not Suspect of Alcohol Use, Not Suspect of Drug Use","Not Suspect of Alcohol Use, Not Suspect of Drug Use","4F042247-B9BA-4542-918B-E27501C5ACAE","Pedestrian","Other Working","None (No Improper Action)","Travel Lane Other Location","No","Possible Injury","Other","39.18915951","-77.27041344","    (39.18915951, -77.27041344)"
"MCP3268004J","240051587","MONTGOMERY","Injury Crash","10/28/2024 05:15:00 AM","Maryland (State) Route","NEW HAMPSHIRE AVE (SB/L)","JACKSON RD",,,"Pedestrian","Single Vehicle","Clear","Dry","Dark - Unknown Lighting","Pedestrian Crossing Sign","Unknown, Unknown","Not Suspect of Alcohol Use, Not Suspect of Drug Use","06D20189-ADCE-46D2-BBFF-C724BADF4BE9","Pedestrian","Walking/Cycling on Sidewalk","None (No Improper Action)","Intersection Marked Crosswalk","No","Suspected Minor Injury","None","39.05521092","-76.9955291","    (39.05521092, -76.9955291)"
"EJ7902001M","240051564","GAITHERSBURG","Injury Crash","10/27/2024 11:49:00 PM",,,,"Parking Lot Way        112 PARAMOUNT PARK DR GARAGE",,"Pedestrian","Single Vehicle","Clear",,"Dark - Lighted",,"Suspect of Alcohol Use, Not Suspect of Drug Use","Suspect of Alcohol Use, Not Suspect of Drug Use","9F318979-EA93-4CD7-B9D2-39371901D047","Pedestrian","Other","None (No Improper Action)","Other","No","Suspected Serious Injury","None","39.15592665","-77.21824437","    (39.15592665, -77.21824437)"
"MCP31480071","240051509","MONTGOMERY","Injury Crash","10/27/2024 04:37:00 PM","Municipality Route","ROSEMARY ST","ROSE MARY CIR",,,"Pedestrian","Single Vehicle","Clear","Dry","Daylight","Pedestrian Crossing","Not Suspect of Alcohol Use, Not Suspect of Drug Use","Not Suspect of Alcohol Use, Not Suspect of Drug Use","6FE8F479-BDED-412D-AC7B-30F374EBB7CA","Pedestrian","Cross/Enter at Intersection","None (No Improper Action)","Intersection Marked Crosswalk","No","No Apparent Injury","None, Other","38.97794319","-77.08102483","    (38.97794319, -77.08102483)"
"MCP31480071","240051509","MONTGOMERY","Injury Crash","10/27/2024 04:37:00 PM","Municipality Route","ROSEMARY ST","ROSE MARY CIR",,,"Pedestrian","Single Vehicle","Clear","Dry","Daylight","Pedestrian Crossing","Not Suspect of Alcohol Use, Not Suspect of Drug Use","Not Suspect of Alcohol Use, Not Suspect of Drug Use","19BD0C1D-9E95-4D50-8011-1FF4A84DE970","Pedestrian","Cross/Enter at Intersection","None (No Improper Action)","Intersection Marked Crosswalk","No","Possible Injury","None, Other","38.97794319","-77.08102483","    (38.97794319, -77.08102483)"
"MCP3134005B","240051502","MONTGOMERY","Injury Crash","10/27/2024 04:05:00 PM","County Route","BRIGGS CHANEY RD",,,,"Pedestrian","Single Vehicle","Clear","Dry","Daylight","No Controls","Not Suspect of Alcohol Use, Not Suspect of Drug Use","Not Suspect of Alcohol Use, Not Suspect of Drug Use","3857AD35-A08D-4A7C-94CF-B856E044C35B","Pedestrian","Cross/Enter Not at Intersection","In Roadway Improperly (Standing, Lying, Working, Playing)","Travel Lane Other Location","Yes","Suspected Minor Injury","None","39.06955067","-76.93741483","    (39.06955067, -76.93741483)"
"DD562000BW","240051499","ROCKVILLE","Injury Crash","10/27/2024 04:00:00 PM",,,,"Parking Lot Way        15108 FREDERICK RD",,"Pedestrian","Single Vehicle","Clear",,"Daylight",,"Not Suspect of Alcohol Use, Not Suspect of Drug Use","Not Suspect of Alcohol Use, Not Suspect of Drug Use","D07A4B00-0B6E-493F-876B-D9DC91146249","Pedestrian","Other","None (No Improper Action)","Other","No","Suspected Minor Injury","None","39.09734302","-77.15831097","    (39.09734302, -77.15831097)"
"MCP3228006G","240051385","MONTGOMERY","Injury Crash","10/26/2024 08:57:00 PM","County Route","CAMERON ST","GEORGIA AVE",,,"Pedestrian","Single Vehicle","Clear","Dry","Dark - Lighted","Traffic Control Signal","Not Suspect of Alcohol Use, Not Suspect of Drug Use","Not Suspect of Alcohol Use, Not Suspect of Drug Use","0330E9D1-1B72-483D-A389-0485D0243FA4","Pedestrian","Cross/Enter at Intersection","None (No Improper Action)","Intersection Marked Crosswalk","No","Suspected Minor Injury","None","38.99765943","-77.02967678","    (38.99765943, -77.02967678)"
"HA2449001J","24002271","MCPARK","Injury Crash","10/26/2024 08:45:00 AM",,,,"Parking Lot Way        BROOKSIDE GARDENS VISTOR CENTER PARKING LOT (1800 GLENALLALLAN AVE, SILVER SPRING, MD 20902)",,"Pedestrian","Single Vehicle","Clear",,"Daylight",,"Not Suspect of Alcohol Use, Not Suspect of Drug Use","Not Suspect of Alcohol Use, Not Suspect of Drug Use","DDCB5EF8-4860-4D5E-A9B4-35D8856E573D","Pedestrian","Other","Inattentive (Talking, Eating, etc.)","Driveway Access","No","Suspected Serious Injury","None","39.05794856","-77.0378417","    (39.05794856, -77.0378417)"
"MCP2966007T","240051181","MONTGOMERY","Injury Crash","10/25/2024 05:51:00 PM","Other Public Roadway","WHEATFIELD TERR",,,,"Pedestrian","Single Vehicle","Clear","Dry","Daylight","No Controls","Not Suspect of Alcohol Use, Not Suspect of Drug Use","Not Suspect of Alcohol Use, Not Suspect of Drug Use","E2B3E07D-BCA5-4B66-9BF8-875AE759C677","Pedestrian","None","Other","Other","Yes","Suspected Minor Injury","None","39.17110735","-77.23009925","    (39.17110735, -77.23009925)"
"MCP3384000Z","240051147","MONTGOMERY","Injury Crash","10/25/2024 03:00:00 PM","Local Route","RETAIL PL",,,,"Cyclist (Electric)","Single Vehicle","Clear","Dry","Daylight","No Controls","Not Suspect of Alcohol Use, Not Suspect of Drug Use","Not Suspect of Alcohol Use, Not Suspect of Drug Use","E52C73AB-2391-4F45-85AF-86D409951D7E","Cyclist (Electric)","Cross/Enter Not at Intersection","Failure to Yield Right-Of-Way","Other","Yes","Possible Injury","None","39.170015","-77.20548333","    (39.170015, -77.20548333)"
"DM8421003H","240050901","TAKOMA","Injury Crash","10/24/2024 11:15:00 AM","Maryland (State) Route","PHILADELPHIA AVE","CHICAGO AVE",,,"Pedestrian","Single Vehicle","Clear","Dry","Daylight","No Controls","Not Suspect of Alcohol Use, Not Suspect of Drug Use","Not Suspect of Alcohol Use, Not Suspect of Drug Use","CAC6297F-44E9-4E4C-8E7C-7996ACCBD07D","Pedestrian","Cross/Enter at Intersection","Unknown","Intersection Marked Crosswalk","No","Suspected Minor Injury","None","38.9864859","-77.02131754","    (38.9864859, -77.02131754)"
"MCP3387001V","240050874","MONTGOMERY","Injury Crash","10/24/2024 09:09:00 AM","County Route",,,,,"Pedestrian","Single Vehicle","Clear","Dry","Daylight","No Controls","Unknown, Unknown","Not Suspect of Alcohol Use, Not Suspect of Drug Use","C35D2A85-8A97-4B38-84F5-5020E6BA813C","Pedestrian","Other Working","None (No Improper Action)","OffStreet Trails or Sidepaths","No","Suspected Serious Injury","Reflective Wear (backpack, triangles, etc.)","39.07087638","-76.93753548","    (39.07087638, -76.93753548)"
"MCP3374001X","240050868","MONTGOMERY","Injury Crash","10/24/2024 08:23:00 AM","Maryland (State) Route","BRADLEY BLVD",,,,"Pedestrian","Single Vehicle","Clear","Dry","Daylight","Traffic Control Signal","Not Suspect of Alcohol Use, Not Suspect of Drug Use","Not Suspect of Alcohol Use, Not Suspect of Drug Use","11277FC9-5A4B-4EC7-9437-CAAC8014DBA7","Pedestrian","Cross/Enter at Intersection","None (No Improper Action)","Intersection Marked Crosswalk","No","Suspected Serious Injury","None","38.97757583","-77.10052583","    (38.97757583, -77.10052583)"
"MCP3038007F","240050799","MONTGOMERY","Injury Crash","10/23/2024 05:56:00 PM",,,,"Parking Lot Way        8101 FENTON STREET SILVER SPRING, MD  PARKING LOT",,"Pedestrian","Single Vehicle","Clear",,"Daylight",,"Not Suspect of Alcohol Use, Not Suspect of Drug Use","Not Suspect of Alcohol Use, Not Suspect of Drug Use","3C13609F-E583-4A33-8C95-075F68D3E79A","Pedestrian","Other","Unknown","Other","No","Possible Injury","None","38.99069021","-77.023625","    (38.99069021, -77.023625)"