"Report Number","Local Case Number","Agency Name","ACRS Report Type","Crash Date/Time","Route Type","Road Name","Cross-Street Name","Off-Road Description","Municipality","Related Non-Motorist","Collision Type","Weather","Surface Condition","Light","Traffic Control","Driver Substance Abuse","Non-Motorist Substance Abuse","Person ID","Pedestrian Type","Pedestrian Movement","Pedestrian Actions","Pedestrian Location","At Fault","Injury Severity","Safety Equipment","Latitude","Longitude","Location"
"MCP2962009H","240050659","MONTGOMERY","Injury Crash","10/23/2024 07:06:00 AM","Other Public Roadway","TATANI DR",,,,"Pedestrian","Single Vehicle","Clear","Dry","Dawn","No Controls","Not Suspect of Alcohol Use, Not Suspect of Drug Use","Not Suspect of Alcohol Use, Not Suspect of Drug Use","E9B7E9C0-1F08-48B1-9F7D-BC51514F79D7","Pedestrian","Standing","None (No Improper Action)","Other","No","Suspected Minor Injury","None","39.15646798","-77.29604122","    (39.15646798, -77.29604122)"
"EJ7907000P","240050619","GAITHERSBURG","Injury Crash","10/22/2024 07:28:00 PM","Municipality Route",,"WATKINS MILL RD",,,"Pedestrian","Single Vehicle","Clear","Dry","Dark - Lighted","Stop Sign","Not Suspect of Alcohol Use, Not Suspect of Drug Use","Not Suspect of Alcohol Use, Not Suspect of Drug Use","84D1C8CD-6B8E-44B7-B86B-0918F58E37EC","Pedestrian","Cross/Enter at Intersection","None (No Improper Action)","Intersection Marked Crosswalk","No","Suspected Minor Injury","None","39.16204846","-77.21428276","    (39.16204846, -77.21428276)"
"MCP2752006P","240050590","MONTGOMERY","Injury Crash","10/22/2024 04:19:00 PM","Maryland (State) Route","BRADLEY BLVD",,,,"Pedestrian","Single Vehicle","Clear","Dry","Daylight","No Controls","Not Suspect of Alcohol Use, Not Suspect of Drug Use","Not Suspect of Alcohol Use, Not Suspect of Drug Use","DD22C13A-D103-48CD-B34C-48630155B08F","Pedestrian","Cross/Enter Not at Intersection","Dart/Dash","Other","No","Suspected Serious Injury","None","39.00781342","-77.17278746","    (39.00781342, -77.17278746)"
"MCP33790017","240050584","MONTGOMERY","Injury Crash","10/22/2024 04:17:00 PM","County Route","SCHAEFFER RD","CLOPPER RD",,,"Pedestrian","Single Vehicle","Clear","Dry","Daylight","Pedestrian Crossing","Not Suspect of Alcohol Use, Not Suspect of Drug Use","Not Suspect of Alcohol Use, Not Suspect of Drug Use","A89193D6-EA14-43E7-9D95-D63AB3736FFA","Pedestrian","Cross/Enter at Intersection","None (No Improper Action)","Intersection Marked Crosswalk","No","Suspected Minor Injury","None","39.16347247","-77.28464201","    (39.16347247, -77.28464201)"
"MCP32590056","240050575","MONTGOMERY","Injury Crash","10/22/2024 03:28:00 PM","County Route","RAYBURN RD","BRADLEY BLVD",,,"Pedestrian","Single Vehicle","Clear","Dry","Daylight","Pedestrian Crossing Sign","Not Suspect of Alcohol Use, Not Suspect of Drug Use","Not Suspect of Alcohol Use, Not Suspect of Drug Use","0518279D-EC69-415D-A4E2-1A0FEEBDCE38","Pedestrian","Cross/Enter at Intersection","None (No Improper Action)","Intersection Marked Crosswalk","No","Suspected Minor Injury","None","38.99319429","-77.12058297","    (38.99319429, -77.12058297)"
"DD5673000P","240050509","ROCKVILLE","Injury Crash","10/22/2024 10:08:00 AM","Maryland (State) Route","VEIRS MILL RD","TWINBROOK PKWY",,,"Pedestrian","Single Vehicle","Clear","Dry","Daylight","Traffic Control Signal","Unknown, Unknown","Not Suspect of Alcohol Use, Not Suspect of Drug Use","BFE160E8-EAFE-4505-8545-F2CF7C2C5A83","Pedestrian","Cross/Enter at Intersection","None (No Improper Action)","Intersection Marked Crosswalk","No","Suspected Minor Injury","None","39.07337706","-77.11196112","    (39.07337706, -77.11196112)"
"MCP3392001H","240050475","MONTGOMERY","Injury Crash","10/22/2024 06:19:00 AM","Maryland (State) Route","UNIVERSITY BLVD W (WB/L)","INWOOD AVE",,,"Pedestrian","Single Vehicle","Clear","Dry","Dark - Lighted","Traffic Control Signal","Not Suspect of Alcohol Use, Not Suspect of Drug Use","Not Suspect of Alcohol Use, Not Suspect of Drug Use","82534DE1-955A-4C74-B873-D807BBA5F1DF","Pedestrian","Cross/Enter at Intersection","None (No Improper Action)","Intersection Marked Crosswalk","No","Possible Injury","None","39.03621274","-77.03644982","    (39.03621274, -77.03644982)"
"MCP3180004B","240050446","MONTGOMERY","Injury Crash","10/21/2024 07:24:00 PM","County Route","NORTH HIGH ST","GEORGIA AVE (SB/L)",,,"Pedestrian","Single Vehicle","Clear","Dry","Dark - Lighted","No Controls","Not Suspect of Alcohol Use, Not Suspect of Drug Use","Not Suspect of Alcohol Use, Not Suspect of Drug Use","B7ABCCE2-2394-410C-893C-696E635E69DD","Pedestrian","Cross/Enter Not at Intersection","Dart/Dash, Failure to Obey Traffic Signs, Signals, or Officer, Inattentive (Talking, Eating, etc.)","Travel Lane Other Location","No","Suspected Serious Injury","None","39.15118065","-77.06682513","    (39.15118065, -77.06682513)"
"MCP28450091","240050297","MONTGOMERY","Injury Crash","10/21/2024 09:00:00 AM","US (State)","COLUMBIA PIKE","PRELUDE DR",,,"Pedestrian","Single Vehicle","Clear","Dry","Daylight","Traffic Control Signal","Not Suspect of Alcohol Use, Not Suspect of Drug Use","Not Suspect of Alcohol Use, Not Suspect of Drug Use","C962DE79-6D4D-4054-9745-A0BDE6F41F0E","Pedestrian","Cross/Enter at Intersection","None (No Improper Action)","Intersection Marked Crosswalk","No","Possible Injury","None","39.03934178","-76.99769471","    (39.03934178, -76.99769471)"
"MCP12010001","240050201","MONTGOMERY","Injury Crash","10/20/2024 04:10:00 PM",,,,"Parking Lot Way        PARKING LOT OF COSTCO",,"Pedestrian","Single Vehicle","Clear",,"Daylight",,"Not Suspect of Alcohol Use, Not Suspect of Drug Use","Not Suspect of Alcohol Use, Not Suspect of Drug Use","6D7A2626-D9F6-4675-8808-38E01F011B4B","Pedestrian","Cross/Enter at Intersection","None (No Improper Action)","NonTrafficway Area","No","Suspected Minor Injury","None","39.15644239","-77.21348223","    (39.15644239, -77.21348223)"
"MCP3290003N","240050175","MONTGOMERY","Injury Crash","10/20/2024 01:57:00 PM","Local Route","SILVER SPRING AVE",,,,"Scooter (electric)","Single Vehicle","Clear","Dry","Daylight","Traffic Control Signal","Not Suspect of Alcohol Use, Not Suspect of Drug Use","Not Suspect of Alcohol Use, Not Suspect of Drug Use","421C4682-F1AA-42D3-A0E2-442A36ABE3EB","Scooter (electric)","Walking/Cycling on Sidewalk","Failure to Obey Traffic Signs, Signals, or Officer, Failure to Yield Right-Of-Way, Inattentive (Talking, Eating, etc.)","Intersection Unmarked Crosswalk","Yes","Possible Injury","None","38.99156083","-77.02682555","    (38.99156083, -77.02682555)"
"MCP2085000M","240050084","MONTGOMERY","Injury Crash","10/19/2024 10:30:00 PM","Municipality Route","OAK LA",,,,"Pedestrian","Single Vehicle","Clear","Dry","Dark - Lighted","No Controls","Not Suspect of Alcohol Use, Not Suspect of Drug Use","Not Suspect of Alcohol Use, Not Suspect of Drug Use","1A238B07-3999-4BB7-B4D1-E8CE9DC74BFD","Pedestrian","Cross/Enter Not at Intersection","Dart/Dash","Travel Lane Other Location","Yes","Suspected Serious Injury","None","38.98389299","-77.08210183","    (38.98389299, -77.08210183)"
"DD5538004Q","240050034","ROCKVILLE","Injury Crash","10/19/2024 02:49:00 PM",,,,"Service Road        IN FRONT OF 1450 ROCKVILLE PIKE, BMW OF ROCKVILLE SERVICE RD",,"Pedestrian","Single Vehicle","Clear",,"Daylight",,"Not Suspect of Alcohol Use, Not Suspect of Drug Use","Not Suspect of Alcohol Use, Not Suspect of Drug Use","4694498A-BA83-4D06-86B5-EF47FADD92A4","Pedestrian","Cross/Enter Not at Intersection","Other","NonTrafficway Area","Yes","Suspected Serious Injury","None","39.06644355","-77.12744955","    (39.06644355, -77.12744955)"
"MCP2270003V","240050009","MONTGOMERY","Injury Crash","10/19/2024 12:10:00 PM","County Route","MACARTHUR BLVD","OBERLIN AVE",,,"Cyclist (non-electric)","Single Vehicle","Clear","Dry","Daylight","Traffic Control Signal","Not Suspect of Alcohol Use, Not Suspect of Drug Use","Not Suspect of Alcohol Use, Not Suspect of Drug Use","4C0672A4-E75A-4282-A5F7-094B4221DF8D","Cyclist (non-electric)","Walking/Cycling on Sidewalk","None (No Improper Action)","Intersection Marked Crosswalk","No","Suspected Minor Injury","Helmet, Reflectors","38.96447409","-77.13610862","    (38.96447409, -77.13610862)"
"MCP3301002V","240049947","MONTGOMERY","Injury Crash","10/19/2024 03:06:00 AM","County Route","TECH RD","COLUMBIA PIKE",,,"Pedestrian","Single Vehicle","Clear","Dry","Dark - Lighted","Traffic Control Signal","Not Suspect of Alcohol Use, Not Suspect of Drug Use","Not Suspect of Alcohol Use, Not Suspect of Drug Use","0B707C34-8304-4ABE-8B21-31C2BE2B90EA","Pedestrian","Cross/Enter at Intersection","None (No Improper Action)","Intersection Marked Crosswalk","No","Suspected Minor Injury","None","39.05795366","-76.96832733","    (39.05795366, -76.96832733)"
"MCP3422000V","240049888","MONTGOMERY","Injury Crash","10/18/2024 05:00:00 PM","County Route","WOODSIDE PKWY",,,,"Pedestrian","Single Vehicle","Clear","Dry","Daylight","No Controls","Not Suspect of Alcohol Use, Not Suspect of Drug Use","Not Suspect of Alcohol Use, Not Suspect of Drug Use","CC3A5788-4EEB-4845-8C1F-659CB42886F0","Pedestrian","Walking/Cycling Along Roadway Against Traffic (In or Adjacent to Travel Lane)","None (No Improper Action)","Other","No","Suspected Minor Injury","None","39.00488738","-77.03148883","    (39.00488738, -77.03148883)"
"MCP32710055","240049741","MONTGOMERY","Injury Crash","10/17/2024 07:45:00 PM","County Route","RAYBURN RD","BRADLEY BLVD",,,"Cyclist (Electric)","Single Vehicle","Clear","Dry","Dark - Not Lighted","No Controls","Not Suspect of Alcohol Use, Not Suspect of Drug Use","Not Suspect of Alcohol Use, Not Suspect of Drug Use","9573258C-EBDD-4172-9AA8-7F5FAE5AB5BF","Cyclist (Electric)","Cross/Enter at Intersection","Dart/Dash, Failure to Yield Right-Of-Way, Not Visible (Dark Clothing, No Lighting, etc.)","Intersection Other","Yes","Suspected Serious Injury","None","38.99317686","-77.1205867","    (38.99317686, -77.1205867)"
"MCP3387001Q","240049600","MONTGOMERY","Injury Crash","10/17/2024 07:53:00 AM","County Route","MILESTONE DR",,,,"Pedestrian","Single Vehicle","Clear","Dry","Daylight","No Controls","Not Suspect of Alcohol Use, Not Suspect of Drug Use, Not Suspect of Alcohol Use, Not Suspect of Drug Use","Not Suspect of Alcohol Use, Not Suspect of Drug Use","17FE68CD-D8CF-4F3E-81F1-66B424777716","Pedestrian","Other Working","None (No Improper Action)","Other","No","Suspected Minor Injury","None","39.04861224","-76.98456399","    (39.04861224, -76.98456399)"
"MCP32330053","240051710","MONTGOMERY","Injury Crash","10/16/2024 05:56:00 PM","Other Public Roadway","NO NAME",,,,"Pedestrian","Single Vehicle","Clear","Dry","Dark - Lighted","No Controls","Unknown, Unknown","Not Suspect of Alcohol Use, Not Suspect of Drug Use","9B7A8E68-5EE6-4587-9281-68BA0C289C2B","Pedestrian","Cross/Enter Not at Intersection","Unknown","Intersection Unmarked Crosswalk","No","Possible Injury","None","39.00128289","-76.98611441","    (39.00128289, -76.98611441)"
"MCP23990098","240049491","MONTGOMERY","Injury Crash","10/16/2024 04:49:00 PM","County Route",,"APPLE RIDGE RD",,,"Pedestrian","Single Vehicle","Clear","Dry","Daylight","Traffic Control Signal","Not Suspect of Alcohol Use, Not Suspect of Drug Use","Not Suspect of Alcohol Use, Not Suspect of Drug Use","52FA99AC-7757-44A5-85FB-38AD5C6C957A","Pedestrian","Cross/Enter at Intersection","Unknown","Unknown","Yes","Possible Injury","None","39.18421462","-77.21094197","    (39.18421462, -77.21094197)"
"MCP3037006L","240049487","MONTGOMERY","Injury Crash","10/16/2024 03:46:00 PM","County Route","OBSERVATION DR (SB/L)","MILESTONE CENTER DR (NB/L)",,,"Pedestrian","Unknown","Clear","Dry","Daylight","Person (including flagger, law enforcement, crossing guard, etc.","Not Suspect of Alcohol Use, Not Suspect of Drug Use","Not Suspect of Alcohol Use, Not Suspect of Drug Use","15507302-FC64-40CB-861E-0719787847FA","Pedestrian","Walking/Cycling Along Roadway With Traffic (In or Adjacent to Travel Lane)","None (No Improper Action)","Intersection Marked Crosswalk","No","Suspected Minor Injury","None","39.20383788","-77.25977099","    (39.20383788, -77.25977099)"
"MCP235800CZ","240049406","MONTGOMERY","Injury Crash","10/16/2024 10:00:00 AM","County Route","MACARTHUR BLVD","PERSIMMON TREE RD",,,"Cyclist (non-electric)","Single Vehicle","Clear","Dry","Daylight","Stop Sign","Not Suspect of Alcohol Use, Not Suspect of Drug Use","Not Suspect of Alcohol Use, Not Suspect of Drug Use","37ED2AEF-409A-4EFB-8598-9F867498F543","Cyclist (non-electric)","Walking/Cycling Along Roadway Against Traffic (In or Adjacent to Travel Lane)","None (No Improper Action)","Shoulder/Roadside","No","Suspected Serious Injury","Helmet","38.97429686","-77.1682134","    (38.97429686, -77.1682134)"
"MCP29740058","240049403","MONTGOMERY","Injury Crash","10/16/2024 09:26:00 AM","County Route","FAIRLAND RD (WB/L)","OLD COLUMBIA PIKE",,,"Cyclist (non-electric)","Single Vehicle","Clear","Dry","Daylight","Traffic Control Signal","Not Suspect of Alcohol Use, Not Suspect of Drug Use","Not Suspect of Alcohol Use, Not Suspect of Drug Use","C87A9888-7B7E-40AE-97A1-A204D9A8529A","Cyclist (non-electric)","Cross/Enter at Intersection","Dart/Dash, Other","Intersection Other","Yes","Suspected Minor Injury","None","39.07612548","-76.95772463","    (39.07612548, -76.95772463)"
"MCP3410000H","240049388","MONTGOMERY","Property Damage Crash","10/16/2024 07:53:00 AM",,,,"Private Road        SCHOOL BUS DROP OFF LANE.",,"Pedestrian","Single Vehicle","Clear",,"Daylight",,"Not Suspect of Alcohol Use, Not Suspect of Drug Use","Not Suspect of Alcohol Use, Not Suspect of Drug Use","2EF075D3-23A8-4856-B12C-47EE1C8DC7B3","Pedestrian","Cross/Enter Not at Intersection","None (No Improper Action)","Other","No","No Apparent Injury","None","39.06486013","-77.03897102","    (39.06486013, -77.03897102)"
"MCP3383001P","240049380","MONTGOMERY","Property Damage Crash","10/16/2024 06:50:00 AM","County Route","SHOREFIELD RD","GEORGIA AVE",,,"Pedestrian","Single Vehicle","Clear","Dry","Dawn","Traffic Control Signal","Not Suspect of Alcohol Use, Not Suspect of Drug Use","Not Suspect of Alcohol Use, Not Suspect of Drug Use","FE43C396-BC4A-4C26-A15F-5E97ED379505","Pedestrian","Cross/Enter at Intersection","None (No Improper Action)","Intersection Marked Crosswalk","No","No Apparent Injury","None","39.05304251","-77.05085257","    (39.05304251, -77.05085257)"
"MCP32300061","240049311","MONTGOMERY","Injury Crash","10/15/2024 05:00:00 PM","Maryland (State) Route","GEORGIA AVE (SB/L)","JUDSON RD LAYHILL RD LAYHILL RD (SB/L)",,,"Pedestrian","Single Vehicle","Clear","Dry","Daylight","Traffic Control Signal","Not Suspect of Alcohol Use, Not Suspect of Drug Use","Not Suspect of Alcohol Use, Not Suspect of Drug Use","5D99704A-801A-4A6A-8BA3-89C739592BA8","Pedestrian","Cross/Enter at Intersection","Dart/Dash","Intersection Marked Crosswalk","No","Suspected Minor Injury","None","39.06015176","-77.05113906","    (39.06015176, -77.05113906)"
"DM8492001K","240049107","TAKOMA","Injury Crash","10/14/2024 02:23:00 PM",,,,"Parking Lot Way        PARKING LOT OF 7401 NEW HAMPSHIRE AVE",,"Pedestrian","Single Vehicle","Clear",,"Daylight",,"Not Suspect of Alcohol Use, Not Suspect of Drug Use","Not Suspect of Alcohol Use, Not Suspect of Drug Use","9D4A3521-B20E-4C14-AFE3-DCE17C2DE6CB","Pedestrian","Other Working","None (No Improper Action)","NonTrafficway Area","No","Suspected Minor Injury","None","38.98318731","-76.98643948","    (38.98318731, -76.98643948)"
"MCP31900067","240049055","MONTGOMERY","Property Damage Crash","10/14/2024 11:10:00 AM","Maryland (State) Route","GEORGIA AVE (SB/L)",,,,"Cyclist (non-electric)","Single Vehicle","Clear","Dry","Daylight","No Controls","Not Suspect of Alcohol Use, Not Suspect of Drug Use","Not Suspect of Alcohol Use, Not Suspect of Drug Use","84039C30-B4C6-4092-8F3D-5CC4CCCD8171","Cyclist (non-electric)","Walking/Cycling on Sidewalk","Unknown","Sidewalk","No","No Apparent Injury","None","39.15496263","-77.06705986","    (39.15496263, -77.06705986)"
"MCP2270003S","240049020","MONTGOMERY","Injury Crash","10/14/2024 07:20:00 AM","Maryland (State) Route","BRADLEY BLVD","RAYBURN RD",,,"Cyclist (non-electric)","Single Vehicle","Clear","Dry","Daylight","Stop Sign","Not Suspect of Alcohol Use, Not Suspect of Drug Use","Not Suspect of Alcohol Use, Not Suspect of Drug Use","F3A68473-D28E-472F-917F-B91BDD398DE0","Cyclist (non-electric)","Walking/Cycling Along Roadway With Traffic (In or Adjacent to Travel Lane)","None (No Improper Action)","Intersection Other","No","Suspected Minor Injury","Helmet, Lighting, Reflectors","38.99303314","-77.12081277","    (38.99303314, -77.12081277)"
"MCP2723008W","240048973","MONTGOMERY","Injury Crash","10/13/2024 08:50:00 PM","County Route","GRAND PRE RD",,,,"Pedestrian","Single Vehicle","Clear","Dry","Dark - Not Lighted","No Controls","Not Suspect of Alcohol Use, Not Suspect of Drug Use","Not Suspect of Alcohol Use, Not Suspect of Drug Use","A4669E36-C83F-446D-9384-12E60C5E0B7A","Pedestrian","Cross/Enter at Intersection","Unknown","Sidewalk","No","Possible Injury","None","39.09274296","-77.07647884","    (39.09274296, -77.07647884)"
"MCP2898005B","240048961","MONTGOMERY","Injury Crash","10/13/2024 06:28:00 PM",,,,"Parking Lot Way        PARKING LOT OF 211117 FREDERICK RD",,"Pedestrian","Single Vehicle","Clear",,"Dusk",,"Not Suspect of Alcohol Use, Not Suspect of Drug Use","Not Suspect of Alcohol Use, Not Suspect of Drug Use","AB800D0D-F54F-4D9E-8589-52EE18EB52AB","Pedestrian","Other","None (No Improper Action)","Other","No","Possible Injury","None","39.20445793","-77.24508927","    (39.20445793, -77.24508927)"
"MCP2455007K","240048636","MONTGOMERY","Injury Crash","10/11/2024 04:56:00 PM","Maryland (State) Route","ROCKVILLE PIKE (SB/L)",,,,"Other Pedestrian (person in a building, skater, personal conveyance, etc.)","Single Vehicle","Clear","Dry","Daylight","Traffic Control Signal","Not Suspect of Alcohol Use, Not Suspect of Drug Use","Not Suspect of Alcohol Use, Not Suspect of Drug Use","00DD932B-2C4B-457B-821D-2DAC35586B3B","Other Pedestrian (person in a building, skater, personal conveyance, etc.)","Cross/Enter at Intersection","Failure to Yield Right-Of-Way","Intersection Other","No","Suspected Minor Injury","None","39.05508381","-77.1182656","    (39.05508381, -77.1182656)"
"MCP291700DW","240048574","MONTGOMERY","Injury Crash","10/11/2024 12:17:00 PM","Maryland (State) Route","GEORGIA AVE (SB/L)",,,,"Pedestrian","Single Vehicle","Clear","Dry","Daylight","No Controls","Not Suspect of Alcohol Use, Not Suspect of Drug Use","Suspect of Alcohol Use, Suspect of Drug Use","A9782872-B398-49EB-B7C0-FD8E4EC7536E","Pedestrian","Cross/Enter Not at Intersection","Dart/Dash","Travel Lane Other Location","Yes","Suspected Serious Injury","None","38.99908177","-77.03153301","    (38.99908177, -77.03153301)"
"DD56120061","240048515","ROCKVILLE","Injury Crash","10/11/2024 08:05:00 AM",,,,"Driveway        ENTRANCE/EXIT 1010 ROCKVILLE PIKE",,"Cyclist (Electric)","Single Vehicle","Clear",,"Daylight",,"Not Suspect of Alcohol Use, Not Suspect of Drug Use","Not Suspect of Alcohol Use, Not Suspect of Drug Use","983CC9A5-D4A3-4290-8AA6-1A0462B48708","Cyclist (Electric)","Walking/Cycling on Sidewalk","None (No Improper Action)","Sidewalk","No","Possible Injury","Unknown","39.07389231","-77.13484794","    (39.07389231, -77.13484794)"
"MCP2966007R","240048472","MONTGOMERY","Injury Crash","10/10/2024 09:09:00 PM","Bicycle Route",,,,,"Cyclist (non-electric)","Single Vehicle","Clear","Dry","Dark - Not Lighted","No Controls","Not Suspect of Alcohol Use, Not Suspect of Drug Use","Not Suspect of Alcohol Use, Not Suspect of Drug Use","78A1015D-43B3-4E08-A87D-29AA0AFDEED5","Cyclist (non-electric)","Other","Not Visible (Dark Clothing, No Lighting, etc.)","Other","No","Suspected Minor Injury","Helmet","39.17949954","-77.23864436","    (39.17949954, -77.23864436)"
"MCP32550062","240048444","MONTGOMERY","Injury Crash","10/10/2024 06:15:00 PM","County Route","TRANSHIRE RD",,,,"Pedestrian","Single Vehicle","Clear","Dry","Dusk","No Controls","Not Suspect of Alcohol Use, Not Suspect of Drug Use","Not Suspect of Alcohol Use, Not Suspect of Drug Use","9A79331C-34A6-413B-8807-EF69351BA24A","Pedestrian","Cross/Enter Not at Intersection","Failure to Yield Right-Of-Way, In Roadway Improperly (Standing, Lying, Working, Playing), Inattentive (Talking, Eating, etc.)","Other","Yes","Suspected Serious Injury","None","39.17548494","-77.19808562","    (39.17548494, -77.19808562)"
"MCP1378019J","240048403","MONTGOMERY","Injury Crash","10/10/2024 03:02:00 PM","Maryland (State) Route","GEORGIA AVE",,,,"Scooter (electric)","Single Vehicle","Clear","Dry","Daylight","No Controls","Not Suspect of Alcohol Use, Not Suspect of Drug Use","Not Suspect of Alcohol Use, Not Suspect of Drug Use","42155806-8CC3-4DE1-858D-2941E84A6F51","Scooter (electric)","Walking/Cycling on Sidewalk","Other","Sidewalk","No","Possible Injury","None","39.07918842","-77.07285935","    (39.07918842, -77.07285935)"
"MCP12270027","240048346","MONTGOMERY","Injury Crash","10/10/2024 09:16:00 AM","County Route","CHERRY VALLEY DR",,,,"Other Pedestrian (person in a building, skater, personal conveyance, etc.)","Single Vehicle","Clear","Dry","Daylight","Person (including flagger, law enforcement, crossing guard, etc.","Not Suspect of Alcohol Use, Not Suspect of Drug Use","Not Suspect of Alcohol Use, Not Suspect of Drug Use","D09B7C9F-8862-49C9-9CA9-4A570B945D79","Other Pedestrian (person in a building, skater, personal conveyance, etc.)","Other","Other","Travel Lane Other Location","No","Suspected Serious Injury","Helmet","39.13927077","-77.06978133","    (39.13927077, -77.06978133)"
"MCP2727002Y","240048341","MONTGOMERY","Injury Crash","10/10/2024 09:10:00 AM","County Route","WOODGLEN DR (NB/L)",,,,"Pedestrian","Single Vehicle","Clear","Dry","Daylight","Stop Sign","Not Suspect of Alcohol Use, Not Suspect of Drug Use","Not Suspect of Alcohol Use, Not Suspect of Drug Use","C0D0F59D-FB30-430C-97C6-CC8094B81440","Pedestrian","Walking/Cycling on Sidewalk","None (No Improper Action)","Sidewalk","No","Suspected Serious Injury","None","39.04024793","-77.11307993","    (39.04024793, -77.11307993)"
"EJ7905001L","240048333","GAITHERSBURG","Injury Crash","10/10/2024 07:31:00 AM","County Route","LONGDRAFT RD","PHEASANT RUN DR",,,"Pedestrian","Single Vehicle","Clear","Dry","Daylight","Stop Sign","Not Suspect of Alcohol Use, Not Suspect of Drug Use","Not Suspect of Alcohol Use, Not Suspect of Drug Use","E1680551-21ED-4BD2-A1F6-8B2B046784AC","Pedestrian","Unknown","Unknown","Intersection Marked Crosswalk","No","Suspected Serious Injury","None","39.14456616","-77.2383461","    (39.14456616, -77.2383461)"
"MCP2513004M","240048322","MONTGOMERY","Injury Crash","10/10/2024 07:18:00 AM","County Route","FOREST GLEN RD","FOREST GLEN RD GEORGIA AVE",,,"Cyclist (non-electric)","Single Vehicle","Clear","Dry","Daylight","Pedestrian Crossing","Not Suspect of Alcohol Use, Not Suspect of Drug Use","Not Suspect of Alcohol Use, Not Suspect of Drug Use","230DCE75-FA90-498D-9849-FA0C703C5758","Cyclist (non-electric)","Cross/Enter at Intersection","Failure to Obey Traffic Signs, Signals, or Officer","Intersection Marked Crosswalk","Yes","Suspected Minor Injury","Helmet","39.0153875","-77.04281759","    (39.0153875, -77.04281759)"
"DM8514001K","240048276","TAKOMA","Injury Crash","10/09/2024 07:15:00 PM","Maryland (State) Route","UNIVERSITY BLVD",,,,"Pedestrian","Single Vehicle","Clear","Dry","Dark - Lighted","No Controls","Not Suspect of Alcohol Use, Not Suspect of Drug Use","Suspect of Alcohol Use, Not Suspect of Drug Use","BBF2B3EB-36DD-4207-92E3-003A71CE4887","Pedestrian","Cross/Enter Not at Intersection","Dart/Dash, Inattentive (Talking, Eating, etc.)","Median/Crossing Island","No","Possible Injury","None","38.98949796","-76.98858815","    (38.98949796, -76.98858815)"
"MCP31610072","240048274","MONTGOMERY","Property Damage Crash","10/09/2024 06:41:00 PM","County Route",,,,,"Cyclist (non-electric)","Single Vehicle","Clear","Dry","Daylight","No Controls","Not Suspect of Alcohol Use, Not Suspect of Drug Use","Unknown, Unknown","13F95FDF-B2DF-4AA4-83EC-D95E1422F522","Cyclist (non-electric)","Walking/Cycling Along Roadway With Traffic (In or Adjacent to Travel Lane)","Failure to Yield Right-Of-Way, Improper Passing","Travel Lane Other Location","No","No Apparent Injury","Helmet","38.99597574","-77.06589655","    (38.99597574, -77.06589655)"