"Report Number","Local Case Number","Agency Name","ACRS Report Type","Crash Date/Time","Route Type","Road Name","Cross-Street Name","Off-Road Description","Municipality","Related Non-Motorist","Collision Type","Weather","Surface Condition","Light","Traffic Control","Driver Substance Abuse","Non-Motorist Substance Abuse","Person ID","Pedestrian Type","Pedestrian Movement","Pedestrian Actions","Pedestrian Location","At Fault","Injury Severity","Safety Equipment","Latitude","Longitude","Location"
"MCP2372006V","240048229","MONTGOMERY","Injury Crash","10/09/2024 02:32:00 PM","County Route","BEECH AVE","OLD GEORGETOWN RD (SB/L)",,,"Pedestrian","Single Vehicle","Clear","Dry","Daylight","Traffic Control Signal","Not Suspect of Alcohol Use, Not Suspect of Drug Use","Not Suspect of Alcohol Use, Not Suspect of Drug Use","E80AC611-B13D-4BDE-8D30-8EF6E219088C","Pedestrian","Cross/Enter at Intersection","Failure to Obey Traffic Signs, Signals, or Officer","Intersection Marked Crosswalk","Yes","Suspected Minor Injury","None","39.01015565","-77.11482416","    (39.01015565, -77.11482416)"
"MCP3089004H","240048176","MONTGOMERY","Injury Crash","10/09/2024 09:26:00 AM",,,,"Parking Lot Way        PARKING LOT OF GREENCASTLE ELEMENTARY SCHOOL",,"Pedestrian","Single Vehicle","Clear",,"Daylight",,"Unknown, Unknown","Not Suspect of Alcohol Use, Not Suspect of Drug Use","143A6CF9-4E2D-4D33-9F3B-F5ED996F12DF","Pedestrian","Other Working","None (No Improper Action)","Unknown","No","Possible Injury","None","39.08328604","-76.94011453","    (39.08328604, -76.94011453)"
"EJ78940051","240048153","GAITHERSBURG","Injury Crash","10/09/2024 06:41:00 AM","Municipality Route","FIRSTFIELD RD","QUINCE ORCHARD RD QUINCE ORCHARD RD (SB/L)",,,"Pedestrian","Single Vehicle","Clear","Dry","Dawn","Traffic Control Signal","Not Suspect of Alcohol Use, Not Suspect of Drug Use","Not Suspect of Alcohol Use, Not Suspect of Drug Use","C20FB24C-0202-4250-BAA4-A345543F576A","Pedestrian","Cross/Enter at Intersection","None (No Improper Action)","Intersection Marked Crosswalk","No","Possible Injury","None","39.14511966","-77.22006594","    (39.14511966, -77.22006594)"
"DD5657002M","240048092","ROCKVILLE","Injury Crash","10/08/2024 03:15:00 PM","Municipality Route","NELSON ST","MANNAKEE ST MARTINS LA",,,"Pedestrian","Unknown","Clear","Dry","Daylight","Traffic Control Signal","Not Suspect of Alcohol Use, Not Suspect of Drug Use","Not Suspect of Alcohol Use, Not Suspect of Drug Use","CF8496F3-ED4C-4504-9E54-7C8B7FF99703","Pedestrian","Cross/Enter at Intersection","None (No Improper Action)","Intersection Marked Crosswalk","No","Suspected Minor Injury","None","39.09333046","-77.16140076","    (39.09333046, -77.16140076)"
"MCP25630020","240047962","MONTGOMERY","Fatal Crash","10/07/2024 09:18:00 PM","Maryland (State) Route","GREAT SENECA HWY (SB/L)","KENTLANDS BLVD (NB/L)",,,"Pedestrian","Single Vehicle","Clear","Dry","Dark - Lighted","Traffic Control Signal","Not Suspect of Alcohol Use, Not Suspect of Drug Use","Not Suspect of Alcohol Use, Not Suspect of Drug Use","F6B8D988-402D-450B-A07B-103F38CF61F2","Pedestrian","Cross/Enter at Intersection","Dart/Dash, Failure to Obey Traffic Signs, Signals, or Officer, Not Visible (Dark Clothing, No Lighting, etc.)","Intersection Marked Crosswalk","Yes","Fatal Injury","None","39.12369719","-77.23171876","    (39.12369719, -77.23171876)"
"MCP2881006K","240047797","MONTGOMERY","Property Damage Crash","10/07/2024 07:50:00 AM","County Route","ETERNITY RD","AMARILLO DR HOPKINS RD",,,"Pedestrian","Single Vehicle","Clear","Dry","Daylight","Stop Sign","Not Suspect of Alcohol Use, Not Suspect of Drug Use","Not Suspect of Alcohol Use, Not Suspect of Drug Use","BAA214DB-5B43-4C97-B68A-876FED2E7258","Pedestrian","Cross/Enter at Intersection","None (No Improper Action)","Intersection Unmarked Crosswalk","No","No Apparent Injury","None","39.16879435","-77.29062071","    (39.16879435, -77.29062071)"
"MCP2881006K","240047797","MONTGOMERY","Property Damage Crash","10/07/2024 07:50:00 AM","County Route","ETERNITY RD","AMARILLO DR HOPKINS RD",,,"Pedestrian","Single Vehicle","Clear","Dry","Daylight","Stop Sign","Not Suspect of Alcohol Use, Not Suspect of Drug Use","Not Suspect of Alcohol Use, Not Suspect of Drug Use","2D686C32-3708-4995-BC70-30A51C5F3CFE","Pedestrian","Cross/Enter at Intersection","None (No Improper Action)","Intersection Unmarked Crosswalk","No","No Apparent Injury","None","39.16879435","-77.29062071","    (39.16879435, -77.29062071)"
"HA2377000Q","24002116","MCPARK","Injury Crash","10/06/2024 09:55:00 AM",,,,"Parking Lot Way        PARKING LOT OF LAYTONIA RECREATIONAL PARK LOCATED AT 7300 AIRPARK RD, GAITHERSBURG, MD 20879.",,"Pedestrian","Single Vehicle","Clear",,"Daylight",,"Not Suspect of Alcohol Use, Not Suspect of Drug Use","Not Suspect of Alcohol Use, Not Suspect of Drug Use","1272FACE-8FF7-4006-B83A-22A58A0A955F","Pedestrian","Other","None (No Improper Action)","Other","No","Suspected Minor Injury","None","39.15197405","-77.14510201","    (39.15197405, -77.14510201)"
"DD5649003W","240047597","ROCKVILLE","Injury Crash","10/05/2024 07:25:00 PM","Maryland (State) Route","ROCKVILLE PIKE (SB/L)",,,,"Pedestrian","Unknown","Clear","Dry","Dark - Lighted","No Controls","Not Suspect of Alcohol Use, Not Suspect of Drug Use","Not Suspect of Alcohol Use, Not Suspect of Drug Use","47426DC1-889D-4650-A137-D9B0E6AF1711","Pedestrian","Cross/Enter Not at Intersection","None (No Improper Action)","Midblock Marked Crosswalk","No","Suspected Minor Injury","None","39.05972847","-77.12235105","    (39.05972847, -77.12235105)"
"MCP3193005Z","240047614","MONTGOMERY","Injury Crash","10/05/2024 07:20:00 PM","County Route","PENDLETON DR",,,,"Pedestrian","Single Vehicle","Clear","Dry","Dark - Unknown Lighting","No Controls","Not Suspect of Alcohol Use, Not Suspect of Drug Use","Not Suspect of Alcohol Use, Not Suspect of Drug Use","5EAFD405-039D-42FA-9947-27A6EC33DB6B","Pedestrian","Cross/Enter at Intersection","None (No Improper Action)","Intersection Marked Crosswalk","No","Suspected Minor Injury","None","39.04695767","-77.06717667","    (39.04695767, -77.06717667)"
"MCP2853009Z","240047585","MONTGOMERY","Injury Crash","10/05/2024 05:17:00 PM","County Route","FOREST GLEN RD",,,,"Cyclist (non-electric)","Single Vehicle","Clear","Dry","Daylight","Pedestrian Crossing","Not Suspect of Alcohol Use, Not Suspect of Drug Use","Not Suspect of Alcohol Use, Not Suspect of Drug Use","914B7F25-F0FE-46C8-AF8A-0FD902CDAF04","Cyclist (non-electric)","Cross/Enter at Intersection","None (No Improper Action)","Intersection Marked Crosswalk","No","Suspected Minor Injury","Helmet","39.01612643","-77.03329447","    (39.01612643, -77.03329447)"
"MCP3421000D","240047313","MONTGOMERY","Injury Crash","10/05/2024 07:22:00 AM","Maryland (State) Route","CONNECTICUT AVE (SB/L)",,,,"Pedestrian","Single Vehicle","Clear","Dry","Dawn","No Controls","Not Suspect of Alcohol Use, Not Suspect of Drug Use","Not Suspect of Alcohol Use, Not Suspect of Drug Use","242F1139-5CDE-49E5-9246-623CBC4944AE","Pedestrian","Walking/Cycling on Sidewalk","None (No Improper Action)","Sidewalk","No","Possible Injury","None","39.08071909","-77.08049839","    (39.08071909, -77.08049839)"
"MCP28160044","240047198","MONTGOMERY","Injury Crash","10/03/2024 01:03:00 PM","Private Route",,"DARNESTOWN RD",,,"Cyclist (non-electric)","Single Vehicle","Clear","Dry","Daylight","No Controls","Not Suspect of Alcohol Use, Not Suspect of Drug Use","Not Suspect of Alcohol Use, Not Suspect of Drug Use","2C0CEA65-4732-4059-AA6C-88936EEF5937","Cyclist (non-electric)","Walking/Cycling Along Roadway With Traffic (In or Adjacent to Travel Lane)","None (No Improper Action)","OnStreet Bike Lanes","No","Suspected Minor Injury","Helmet, Reflective Wear (backpack, triangles, etc.), Reflectors","39.10096383","-77.21589666","    (39.10096383, -77.21589666)"
"MCP2798006K","240047112","MONTGOMERY","Injury Crash","10/02/2024 08:45:00 PM","County Route","WATERS LANDING DR",,,,"Cyclist (non-electric)","Single Vehicle","Clear","Dry","Dark - Lighted","Traffic Control Signal","Not Suspect of Alcohol Use, Not Suspect of Drug Use","Not Suspect of Alcohol Use, Not Suspect of Drug Use","A2ED701B-DCF6-4959-B99F-F652A3A8E4CD","Cyclist (non-electric)","Cross/Enter at Intersection","Unknown","Intersection Marked Crosswalk","No","Possible Injury","None","39.1918455","-77.27219383","    (39.1918455, -77.27219383)"
"MCP31610071","240047101","MONTGOMERY","Injury Crash","10/02/2024 07:15:00 PM","Maryland (State) Route","CONNECTICUT AVE",,,,"Pedestrian","Single Vehicle","Clear","Wet","Dark - Lighted","Person (including flagger, law enforcement, crossing guard, etc.","Not Suspect of Alcohol Use, Not Suspect of Drug Use","Not Suspect of Alcohol Use, Not Suspect of Drug Use","11E8F4D3-45FD-4B57-A4DB-6BCF318E2BDC","Pedestrian","Standing","None (No Improper Action)","Travel Lane Other Location","No","Suspected Minor Injury","Reflective Wear (backpack, triangles, etc.)","39.02002633","-77.0770985","    (39.02002633, -77.0770985)"
"MCP27560060","240047094","MONTGOMERY","Injury Crash","10/02/2024 06:49:00 PM","County Route","VALLEYWOOD DR",,,,"Pedestrian","Single Vehicle","Cloudy","Dry","Dark - Lighted","No Controls","Not Suspect of Alcohol Use, Not Suspect of Drug Use","Not Suspect of Alcohol Use, Not Suspect of Drug Use","DAB2222B-8158-44AB-82A3-9348B15C8BDA","Pedestrian","Cross/Enter Not at Intersection","Dart/Dash, Failure to Yield Right-Of-Way","Travel Lane Other Location","Yes","Possible Injury","None","39.05382757","-77.06757007","    (39.05382757, -77.06757007)"
"MCP27560060","240047094","MONTGOMERY","Injury Crash","10/02/2024 06:49:00 PM","County Route","VALLEYWOOD DR",,,,"Pedestrian","Single Vehicle","Cloudy","Dry","Dark - Lighted","No Controls","Not Suspect of Alcohol Use, Not Suspect of Drug Use","Not Suspect of Alcohol Use, Not Suspect of Drug Use","D0B3E839-38B6-4AD8-B8E0-71EAC13AD116","Pedestrian","Cross/Enter Not at Intersection","Dart/Dash, Failure to Yield Right-Of-Way","Travel Lane Other Location","Yes","No Apparent Injury","None","39.05382757","-77.06757007","    (39.05382757, -77.06757007)"
"MCP3222002T","240047080","MONTGOMERY","Property Damage Crash","10/02/2024 05:32:00 PM",,,,"Parking Lot Way        PARKING LOT OF MONTGOMERY MALL",,"Cyclist (non-electric)","Single Vehicle","Clear",,"Daylight",,"Not Suspect of Alcohol Use, Not Suspect of Drug Use","Not Suspect of Alcohol Use, Not Suspect of Drug Use","461B4A08-7E6E-41C0-9B68-C82E03C9C16B","Cyclist (non-electric)","Cross/Enter at Intersection","Dart/Dash, Failure to Obey Traffic Signs, Signals, or Officer, Inattentive (Talking, Eating, etc.)","Intersection Marked Crosswalk","No","No Apparent Injury","Helmet","39.02247096","-77.14741805","    (39.02247096, -77.14741805)"
"MCP3319002V","240046984","MONTGOMERY","Injury Crash","10/02/2024 07:50:00 AM","US (State)","COLESVILLE RD",,,,"Pedestrian","Single Vehicle","Rain","Wet","Daylight","No Controls","Unknown, Unknown","Not Suspect of Alcohol Use, Not Suspect of Drug Use","1F3BB395-2E33-4947-8C80-555FAD696A9B","Pedestrian","Standing","None (No Improper Action)","Shoulder/Roadside","No","Suspected Minor Injury","None","38.99837815","-77.02639373","    (38.99837815, -77.02639373)"
"MCP2372006S","240046963","MONTGOMERY","Injury Crash","10/02/2024 07:09:00 AM","Ramp","RAMP 1 FR MD 187 NB TO RAMP 8 (TO IS495)","OLD GEORGETOWN RD (SB/L) RAMP 7 FR RAMP 2 (FR IS495) TO MD 187 SB",,,"Cyclist (non-electric)","Single Vehicle","Cloudy","Wet","Dawn","Traffic Control Signal","Not Suspect of Alcohol Use, Not Suspect of Drug Use","Not Suspect of Alcohol Use, Not Suspect of Drug Use","54B50045-6F45-4BD6-8879-E3D21A4063CE","Cyclist (non-electric)","Walking/Cycling Along Roadway With Traffic (In or Adjacent to Travel Lane)","None (No Improper Action)","OnStreet Bike Lanes","No","Suspected Serious Injury","Helmet, Lighting, Reflectors","39.01651625","-77.11972724","    (39.01651625, -77.11972724)"
"MCP26780051","240046835","MONTGOMERY","Injury Crash","10/01/2024 11:45:00 AM",,,,"Parking Lot Way        PARKING LOT OF 10700 GEORGIA AVE, SILVER SPRING MD 20902",,"Pedestrian","Single Vehicle","Rain",,"Daylight",,"Not Suspect of Alcohol Use, Not Suspect of Drug Use","Not Suspect of Alcohol Use, Not Suspect of Drug Use","B127342B-8C2B-43FD-87B7-1F2582493447","Pedestrian","Other","None (No Improper Action)","Other","No","Suspected Minor Injury","None","39.03084881","-77.04860837","    (39.03084881, -77.04860837)"
"MCP31090093","240046743","MONTGOMERY","Fatal Crash","09/30/2024 07:55:00 PM","County Route","HIGH POINT DR","FREDERICK RD (SB/L)",,,"Pedestrian","Single Vehicle","Rain","Wet","Dark - Not Lighted","No Controls","Not Suspect of Alcohol Use, Not Suspect of Drug Use","Not Suspect of Alcohol Use, Not Suspect of Drug Use","C78B4453-F227-47C9-B476-C49675078EF5","Pedestrian","Cross/Enter at Intersection","Dart/Dash, Not Visible (Dark Clothing, No Lighting, etc.)","Intersection Other","Yes","Fatal Injury","None","39.16886161","-77.23415877","    (39.16886161, -77.23415877)"
"MCP3408000C","240046633","MONTGOMERY","Injury Crash","09/30/2024 12:37:00 PM","Ramp","RAMP 4 FR US 29 NB TO IS 495 EB",,,,"Cyclist (non-electric)","Single Vehicle","Cloudy","Dry","Daylight","Traffic Control Signal","Not Suspect of Alcohol Use, Not Suspect of Drug Use","Not Suspect of Alcohol Use, Not Suspect of Drug Use","A079DC00-1BEE-4134-8234-CCF7F9D3111E","Cyclist (non-electric)","Cross/Enter at Intersection","None (No Improper Action)","Intersection Marked Crosswalk","No","Possible Injury","Helmet","39.01432742","-77.01648216","    (39.01432742, -77.01648216)"
"MCP3176002T","240046564","MONTGOMERY","Injury Crash","09/29/2024 11:06:00 PM","US (State)","COLESVILLE RD",,,,"Pedestrian","Single Vehicle","Rain","Wet","Dark - Lighted","Traffic Control Signal","Not Suspect of Alcohol Use, Not Suspect of Drug Use","Suspect of Alcohol Use, Not Suspect of Drug Use","D0C45196-07E6-4D8F-8AFE-3427799A6336","Pedestrian","Other","In Roadway Improperly (Standing, Lying, Working, Playing)","Travel Lane Other Location","Yes","Suspected Minor Injury","None","38.99925033","-77.02606583","    (38.99925033, -77.02606583)"
"EJ7879004G","240046533","GAITHERSBURG","Property Damage Crash","09/29/2024 05:19:00 PM","Municipality Route","GIRARD ST",,,,"Pedestrian","Single Vehicle","Clear","Dry","Daylight","No Controls","Not Suspect of Alcohol Use, Not Suspect of Drug Use","Not Suspect of Alcohol Use, Not Suspect of Drug Use","48335FD5-6641-43C8-9387-A666326109A1","Pedestrian","Cross/Enter Not at Intersection","Dart/Dash","Other","Yes","No Apparent Injury","None","39.1495921","-77.18822317","    (39.1495921, -77.18822317)"
"MCP3051007X","240046528","MONTGOMERY","Injury Crash","09/29/2024 04:55:00 PM",,,,"Parking Lot Way        PARKING LOT OF ST. LUKES EPISCOPAL CHURCH",,"Occupant of Motor Vehicle Not in Transport","Single Vehicle","Clear",,"Daylight",,,"Not Suspect of Alcohol Use, Not Suspect of Drug Use","D4574E83-253E-41E8-BDC0-4D1BB48B2473","Occupant of Motor Vehicle Not in Transport","Getting Off/On Vehicle","Entering/Exiting Parked/Standing Vehicle","Other","No","Possible Injury","None","39.02184659","-77.12226689","    (39.02184659, -77.12226689)"
"MCP3334002Y","240046369","MONTGOMERY","Injury Crash","09/28/2024 04:40:00 PM","US (State)","GEORGIA AVE (SB/L)",,,,"Pedestrian","Single Vehicle","Clear","Dry","Daylight","Traffic Control Signal","Not Suspect of Alcohol Use, Not Suspect of Drug Use","Not Suspect of Alcohol Use, Not Suspect of Drug Use","2CF40C5F-8E46-4C91-9A5C-1450840DD162","Pedestrian","Cross/Enter at Intersection","Failure to Obey Traffic Signs, Signals, or Officer, Inattentive (Talking, Eating, etc.), Other","Travel Lane Other Location","Yes","Suspected Minor Injury","None","38.99593199","-77.02818202","    (38.99593199, -77.02818202)"
"EJ7887004S","240046352","GAITHERSBURG","Injury Crash","09/28/2024 02:30:00 PM","Municipality Route","PARAMOUNT PARK DR (NB/L)",,,,"Pedestrian","Single Vehicle","Clear","Dry","Daylight","Stop Sign","Not Suspect of Alcohol Use, Not Suspect of Drug Use","Not Suspect of Alcohol Use, Not Suspect of Drug Use","633628D3-6AA5-4A4C-9635-46367BD595A4","Pedestrian","Cross/Enter at Intersection","None (No Improper Action)","Intersection Marked Crosswalk","No","Suspected Minor Injury","None","39.15972691","-77.22149262","    (39.15972691, -77.22149262)"
"MCP271700Z4","240046156","MONTGOMERY","Injury Crash","09/27/2024 12:30:00 PM","Ramp","RAMP 8 FR IS 270 SB TO WATKINS MILL RD",,,,"Cyclist (non-electric)","Single Vehicle","Rain","Wet","Daylight","No Controls","Not Suspect of Alcohol Use, Not Suspect of Drug Use","Not Suspect of Alcohol Use, Not Suspect of Drug Use","10E00786-EAC4-4FF2-9D64-9CE30DE1BBF4","Cyclist (non-electric)","Cross/Enter at Intersection","Dart/Dash, Failure to Obey Traffic Signs, Signals, or Officer, Failure to Yield Right-Of-Way","Intersection Marked Crosswalk","Yes","Suspected Minor Injury","None","39.15582333","-77.227325","    (39.15582333, -77.227325)"
"MCP2635008V","240046064","MONTGOMERY","Fatal Crash","09/26/2024 07:18:00 PM","County Route","FRANKLIN AVE",,,,"Pedestrian","Single Vehicle","Clear","Dry","Dusk","Pedestrian Crossing Sign","Not Suspect of Alcohol Use, Not Suspect of Drug Use","Suspect of Alcohol Use, Suspect of Drug Use","EC1BBDC8-85B3-44F0-BAB4-52AD4F8EB141","Pedestrian","Cross/Enter at Intersection","None (No Improper Action)","Intersection Marked Crosswalk","No","Fatal Injury","None","39.01087675","-77.00549836","    (39.01087675, -77.00549836)"
"MCP30850056","240046009","MONTGOMERY","Injury Crash","09/26/2024 05:06:00 PM",,,,"Parking Lot Way        PARKING LOT OF 3910 KNOWLES AVE",,"Pedestrian","Single Vehicle","Cloudy",,"Daylight",,"Not Suspect of Alcohol Use, Not Suspect of Drug Use","Not Suspect of Alcohol Use, Not Suspect of Drug Use","B945DE68-C1DD-41EB-844F-021C63BC7D3F","Pedestrian","Walking/Cycling Along Roadway Against Traffic (In or Adjacent to Travel Lane)","None (No Improper Action)","Sidewalk","No","Suspected Minor Injury","None","39.02758889","-77.07772814","    (39.02758889, -77.07772814)"
"MCP33560027","240045990","MONTGOMERY","Injury Crash","09/26/2024 03:53:00 PM",,,,"Parking Lot Way        PANERA BREAD PARKING LOT",,"Cyclist (Electric)","Single Vehicle","Cloudy",,"Daylight",,"Not Suspect of Alcohol Use, Not Suspect of Drug Use","Not Suspect of Alcohol Use, Not Suspect of Drug Use","207705B6-9E23-49B2-A4ED-BC2AF537F97F","Cyclist (Electric)","Walking/Cycling Along Roadway With Traffic (In or Adjacent to Travel Lane)","Failure to Obey Traffic Signs, Signals, or Officer, Failure to Yield Right-Of-Way, Improper Passing","NonTrafficway Area","Yes","Possible Injury","None","39.18289181","-77.2623601","    (39.18289181, -77.2623601)"
"DD5538004L","240045915","ROCKVILLE","Injury Crash","09/26/2024 11:05:00 AM","Crossover",,"ROCKVILLE PIKE (SB/L)",,,"Scooter (electric)","Single Vehicle","Cloudy","Dry","Daylight","No Controls","Not Suspect of Alcohol Use, Not Suspect of Drug Use","Not Suspect of Alcohol Use, Not Suspect of Drug Use","E1936396-7B55-4446-BB12-1ABA81171489","Scooter (electric)","Walking/Cycling on Sidewalk","Wrong-Way Riding or Walking","Driveway Access","No","Suspected Minor Injury","None","39.07618433","-77.13862431","    (39.07618433, -77.13862431)"
"MCP3377002B","240045812","MONTGOMERY","Injury Crash","09/25/2024 05:32:00 PM","Private Route",,"EDSON LA ROCKVILLE PIKE",,,"Pedestrian","Single Vehicle","Clear","Wet","Other","Traffic Control Signal","Not Suspect of Alcohol Use, Not Suspect of Drug Use","Not Suspect of Alcohol Use, Not Suspect of Drug Use","4FB84F54-13CD-42DB-8668-C3BA247141CB","Pedestrian","Cross/Enter at Intersection","None (No Improper Action)","Intersection Marked Crosswalk","No","Suspected Minor Injury","None","39.04044106","-77.10953018","    (39.04044106, -77.10953018)"
"MCP12270026","240045651","MONTGOMERY","Fatal Crash","09/24/2024 09:12:00 PM","Maryland (State) Route","HUNGERFORD DR",,,,"Pedestrian","Single Vehicle","Rain","Wet","Dark - Lighted","Traffic Control Signal","Not Suspect of Alcohol Use, Not Suspect of Drug Use","Suspect of Alcohol Use, Suspect of Drug Use","B26A5ADF-5818-4654-960E-6D05B84F6EE8","Pedestrian","Cross/Enter Not at Intersection","Unknown","Travel Lane Other Location","Yes","Fatal Injury","None","39.0876499","-77.15016766","    (39.0876499, -77.15016766)"
"MCP2251002M","240045510","MONTGOMERY","Injury Crash","09/24/2024 09:21:00 AM","County Route","MARSEILLE DR",,,,"Pedestrian","Unknown","Cloudy","Wet","Daylight","No Controls","Not Suspect of Alcohol Use, Not Suspect of Drug Use","Not Suspect of Alcohol Use, Not Suspect of Drug Use","AB4312F3-57D4-4E34-B512-3ED62A11A489","Pedestrian","Getting Off/On Vehicle","None (No Improper Action)","Travel Lane Other Location","No","Possible Injury","None","39.04086333","-77.18378","    (39.04086333, -77.18378)"
"DD5665002H","240045444","ROCKVILLE","Injury Crash","09/23/2024 06:20:00 PM","Municipality Route","MARYLAND AVE","E MONTGOMERY AVE E MONTGOMERY AVE AT COURTHOUSE SQ",,,"Pedestrian","Single Vehicle","Rain","Wet","Daylight","Stop Sign","Unknown, Unknown","Not Suspect of Alcohol Use, Not Suspect of Drug Use","FA6FF283-FA41-48B9-8BB4-EDD21F6E1F95","Pedestrian","Cross/Enter at Intersection","None (No Improper Action)","Intersection Marked Crosswalk","No","Possible Injury","None","39.08405605","-77.15091968","    (39.08405605, -77.15091968)"
"MCP2159002H","240045306","MONTGOMERY","Injury Crash","09/23/2024 07:43:00 AM","County Route","YELLOWWOOD DR",,,,"Occupant of Motor Vehicle Not in Transport","Single Vehicle","Cloudy","Dry","Daylight","No Controls","Not Suspect of Alcohol Use, Not Suspect of Drug Use","Not Suspect of Alcohol Use, Not Suspect of Drug Use","D238A28E-C1DC-4A07-B3F2-26503E30C710","Occupant of Motor Vehicle Not in Transport","Getting Off/On Vehicle","Entering/Exiting Parked/Standing Vehicle","Shoulder/Roadside","Yes","Suspected Minor Injury","Reflective Wear (backpack, triangles, etc.)","39.23429696","-77.23952041","    (39.23429696, -77.23952041)"
"HA2372001K","24002019","MCPARK","Injury Crash","09/22/2024 03:54:00 PM","Local Route","LAKE RIDGE DR",,,,"Scooter (non-Electric)","Single Vehicle","Clear","Dry","Daylight","No Controls","Not Suspect of Alcohol Use, Not Suspect of Drug Use","Not Suspect of Alcohol Use, Not Suspect of Drug Use","32E1735F-F04E-42D9-89B0-2CE530FDA20B","Scooter (non-Electric)","Other","Failure to Yield Right-Of-Way","Travel Lane Other Location","No","Suspected Minor Injury","None","39.1926428","-77.29502308","    (39.1926428, -77.29502308)"
"EJ79060013","240045114","GAITHERSBURG","Injury Crash","09/21/2024 07:10:00 PM","Maryland (State) Route","CLOPPER RD","FIRSTFIELD RD (EB/L)",,,"Pedestrian","Single Vehicle","Cloudy","Dry","Daylight","Traffic Control Signal","Not Suspect of Alcohol Use, Not Suspect of Drug Use","Not Suspect of Alcohol Use, Not Suspect of Drug Use","E2DB23E2-68FE-4BEC-B31C-0B13DA26576D","Pedestrian","Cross/Enter at Intersection","Unknown","Intersection Marked Crosswalk","No","Suspected Minor Injury","None","39.14380693","-77.223874","    (39.14380693, -77.223874)"
"MCP2047005J","240044859","MONTGOMERY","Injury Crash","09/20/2024 12:02:00 PM","Municipality Route","FISHERS LA","FISHERS LA TWINBROOK PKWY",,,"Pedestrian","Single Vehicle","Clear","Dry","Daylight","Pedestrian Crossing Sign","Not Suspect of Alcohol Use, Not Suspect of Drug Use","Not Suspect of Alcohol Use, Not Suspect of Drug Use","04F2094D-294C-407C-A5AE-F07F81E46EB0","Pedestrian","Cross/Enter at Intersection","Unknown","Intersection Marked Crosswalk","No","Suspected Minor Injury","None","39.06275181","-77.11658525","    (39.06275181, -77.11658525)"
"MCP34020026","240044812","MONTGOMERY","Injury Crash","09/20/2024 07:40:00 AM","Maryland (State) Route","UNIVERSITY BLVD E (WB/L)",,,,"Pedestrian","Single Vehicle","Clear","Dry","Daylight","Stop Sign","Unknown, Unknown","Not Suspect of Alcohol Use, Not Suspect of Drug Use","80176A87-F4C0-48F3-BEAE-39023CE0AFCC","Pedestrian","Cross/Enter at Intersection","None (No Improper Action)","Intersection Unmarked Crosswalk","No","Suspected Minor Injury","None","38.99833151","-76.99462998","    (38.99833151, -76.99462998)"