"Report Number","Local Case Number","Agency Name","ACRS Report Type","Crash Date/Time","Route Type","Road Name","Cross-Street Name","Off-Road Description","Municipality","Related Non-Motorist","Collision Type","Weather","Surface Condition","Light","Traffic Control","Driver Substance Abuse","Non-Motorist Substance Abuse","Person ID","Pedestrian Type","Pedestrian Movement","Pedestrian Actions","Pedestrian Location","At Fault","Injury Severity","Safety Equipment","Latitude","Longitude","Location"
"MCP3245005G","240018190","MONTGOMERY","Property Damage Crash","04/18/2024 08:22:00 PM","County Route",,"STEDWICK RD",,,"Pedestrian","Single Vehicle","Clear","Dry","Dark - Lighted","Stop Sign","Not Suspect of Alcohol Use, Not Suspect of Drug Use","Not Suspect of Alcohol Use, Not Suspect of Drug Use","07E1F58C-63A6-4F2C-86AF-E0B84683ECA4","Pedestrian","Walking/Cycling on Sidewalk","Not Visible (Dark Clothing, No Lighting, etc.)","Sidewalk","No","No Apparent Injury","None","39.17609007","-77.20987068","    (39.17609007, -77.20987068)"
"MCP3394000H","240018138","MONTGOMERY","Injury Crash","04/18/2024 03:14:00 PM","Local Route","CITADEL AVE","HUFF CT NICHOLSON LA",,,"Pedestrian","Single Vehicle","Clear","Dry","Daylight","Traffic Control Signal","Not Suspect of Alcohol Use, Not Suspect of Drug Use","Not Suspect of Alcohol Use, Not Suspect of Drug Use","252EFCC9-9DEF-4E82-99CD-62C694ABF7B2","Pedestrian","Cross/Enter at Intersection","None (No Improper Action)","Intersection Marked Crosswalk","No","Suspected Serious Injury","None","39.04483978","-77.10890131","    (39.04483978, -77.10890131)"
"MCP29050067","240018103","MONTGOMERY","Injury Crash","04/18/2024 11:25:00 AM","Municipality Route","BALTIMORE ST","CONNECTICUT AVE (SB/L)",,,"Pedestrian","Single Vehicle","Cloudy","Dry","Daylight","No Controls","Unknown, Unknown","Not Suspect of Alcohol Use, Not Suspect of Drug Use","7E212C15-1A78-4299-8EC2-065A395E4486","Pedestrian","Unknown","Unknown","Intersection Unmarked Crosswalk","No","Possible Injury","None","39.02473085","-77.07616238","    (39.02473085, -77.07616238)"
"MCP29050067","240018103","MONTGOMERY","Injury Crash","04/18/2024 11:25:00 AM","Municipality Route","BALTIMORE ST","CONNECTICUT AVE (SB/L)",,,"Pedestrian","Single Vehicle","Cloudy","Dry","Daylight","No Controls","Unknown, Unknown","Not Suspect of Alcohol Use, Not Suspect of Drug Use","759DABA4-F6E6-4A47-A83B-541E0E0CFCF8","Pedestrian","Cross/Enter at Intersection","Unknown","Intersection Unmarked Crosswalk","No","Suspected Minor Injury","None","39.02473085","-77.07616238","    (39.02473085, -77.07616238)"
"MCP28370065","240018059","MONTGOMERY","Property Damage Crash","04/18/2024 09:08:00 AM","County Route","HARTLEY HALL PL",,,,"Cyclist (non-electric)","Single Vehicle","Clear","Dry","Daylight","No Controls","Not Suspect of Alcohol Use, Not Suspect of Drug Use","Not Suspect of Alcohol Use, Not Suspect of Drug Use","EEFAE4E2-2778-4F66-9B82-DE237C29E67D","Cyclist (non-electric)","Walking/Cycling Along Roadway With Traffic (In or Adjacent to Travel Lane)","None (No Improper Action)","Intersection Other","No","No Apparent Injury","Helmet, Reflectors","39.08520636","-77.2983856","    (39.08520636, -77.2983856)"
"DD5538004D","240018173","ROCKVILLE","Injury Crash","04/17/2024 07:35:00 AM","Municipality Route","WOOTTON PKWY","MCCORMICK RD",,,"Cyclist (non-electric)","Single Vehicle","Clear","Dry","Daylight","Pedestrian Crossing Sign","Not Suspect of Alcohol Use, Not Suspect of Drug Use","Not Suspect of Alcohol Use, Not Suspect of Drug Use","1A30DBD9-9B5D-4F93-801C-99E584CBFA4A","Cyclist (non-electric)","Cross/Enter at Intersection","Dart/Dash","Midblock Marked Crosswalk","Yes","Possible Injury","Helmet, Reflectors","39.08513003","-77.18712133","    (39.08513003, -77.18712133)"
"MCP3387000Y","240017689","MONTGOMERY","Injury Crash","04/16/2024 10:06:00 AM","Maryland (State) Route","EAST WEST HWY",,,,"Pedestrian","Single Vehicle","Clear","Dry","Daylight","Traffic Control Signal","Not Suspect of Alcohol Use, Not Suspect of Drug Use","Not Suspect of Alcohol Use, Not Suspect of Drug Use","AEF3F613-7DF8-4D70-9A84-2FC7A63A05E1","Pedestrian","Cross/Enter at Intersection","None (No Improper Action)","Intersection Marked Crosswalk","No","Suspected Minor Injury","None","38.99281634","-77.0317111","    (38.99281634, -77.0317111)"
"EJ7895005J","240017654","GAITHERSBURG","Injury Crash","04/16/2024 07:30:00 AM","Municipality Route","E DIAMOND AVE",,,,"Pedestrian","Single Vehicle","Clear","Dry","Daylight","No Controls","Not Suspect of Alcohol Use, Not Suspect of Drug Use","Suspect of Alcohol Use, Not Suspect of Drug Use","11E19EC0-0FD0-4944-AF06-4E9340059A7F","Pedestrian","Other","In Roadway Improperly (Standing, Lying, Working, Playing)","Travel Lane Other Location","No","Suspected Serious Injury","None","39.14199308","-77.19535197","    (39.14199308, -77.19535197)"
"MCP3339003T","240017628","MONTGOMERY","Injury Crash","04/15/2024 09:58:00 PM","County Route","KAYSON ST","DEAN RD",,,"Pedestrian","Single Vehicle","Clear","Dry","Dark - Not Lighted","No Controls","Not Suspect of Alcohol Use, Not Suspect of Drug Use","Not Suspect of Alcohol Use, Not Suspect of Drug Use","3D8D39B7-5B1B-4128-8C02-C17DCF83A5B3","Pedestrian","Cross/Enter at Intersection","Not Visible (Dark Clothing, No Lighting, etc.)","Intersection Unmarked Crosswalk","Yes","Suspected Minor Injury","None","39.0671244","-77.07042909","    (39.0671244, -77.07042909)"
"MCP3319002D","240017529","MONTGOMERY","Injury Crash","04/15/2024 12:30:00 PM","County Route","COLUMBIA BLVD",,,,"Pedestrian","Unknown","Clear","Dry","Daylight","Traffic Control Signal","Unknown, Unknown","Not Suspect of Alcohol Use, Not Suspect of Drug Use","3220636C-981D-43E9-9219-6C9B03BA5F1E","Pedestrian","Unknown","Unknown","Unknown","No","Possible Injury","None","39.00871503","-77.04023594","    (39.00871503, -77.04023594)"
"DD5567003J","240017503","ROCKVILLE","Injury Crash","04/15/2024 12:21:00 PM","Maryland (State) Route","W MONTGOMERY AVE","MANNAKEE ST",,,"Cyclist (non-electric)","Single Vehicle","Clear","Dry","Daylight","Stop Sign","Not Suspect of Alcohol Use, Not Suspect of Drug Use","Not Suspect of Alcohol Use, Not Suspect of Drug Use","E4565CC4-3A1E-4913-B417-A5071E3CB50B","Cyclist (non-electric)","Cross/Enter at Intersection","None (No Improper Action)","Intersection Marked Crosswalk","No","Suspected Serious Injury","Helmet","39.08558825","-77.16762163","    (39.08558825, -77.16762163)"
"MCP3334002J","240017090","MONTGOMERY","Injury Crash","04/12/2024 08:15:00 PM","Maryland (State) Route","16TH ST (SB/L)",,,,"Pedestrian","Single Vehicle","Clear","Dry","Dark - Lighted","Traffic Control Signal","Unknown, Unknown","Not Suspect of Alcohol Use, Not Suspect of Drug Use","118CCEB5-C8B0-4D2C-80E7-71A0B576391C","Pedestrian","Cross/Enter Not at Intersection","Other","Shoulder/Roadside","Yes","Possible Injury","None","38.996082","-77.03619031","    (38.996082, -77.03619031)"
"MCP2871009Z","240017238","MONTGOMERY","Injury Crash","04/12/2024 03:30:00 PM","Maryland (State) Route",,"CORDELL AVE",,,"Pedestrian","Single Vehicle","Clear","Dry","Daylight","Pedestrian Crossing","Unknown, Unknown","Not Suspect of Alcohol Use, Not Suspect of Drug Use","34B3287C-61ED-471B-A050-805EF9D21FAF","Pedestrian","Cross/Enter at Intersection","None (No Improper Action)","Intersection Marked Crosswalk","No","Suspected Minor Injury","None","38.98790066","-77.09950347","    (38.98790066, -77.09950347)"
"MCP15500053","240016842","MONTGOMERY","Injury Crash","04/11/2024 01:46:00 PM","County Route","RUDYARD DR",,,,"Unknown Type Of Non-Motorist","Single Vehicle","Clear","Dry","Daylight","No Controls","Not Suspect of Alcohol Use, Not Suspect of Drug Use","Not Suspect of Alcohol Use, Not Suspect of Drug Use","1836BA8B-B401-48E6-A0C9-206A0D2AB774","Unknown Type Of Non-Motorist","Standing","None (No Improper Action)","Driveway Access","No","Suspected Serious Injury","None","39.02810683","-77.1210385","    (39.02810683, -77.1210385)"
"MCP304800C7","240016679","MONTGOMERY","Injury Crash","04/10/2024 01:00:00 PM","Maryland (State) Route","KNOWLES AVE","BEACH DR",,,"Other Pedestrian (person in a building, skater, personal conveyance, etc.)","Single Vehicle","Clear","Dry","Daylight","Traffic Control Signal","Not Suspect of Alcohol Use, Not Suspect of Drug Use","Not Suspect of Alcohol Use, Not Suspect of Drug Use","D9ADE396-3FB5-4F50-BC5B-96B9594AD7D7","Other Pedestrian (person in a building, skater, personal conveyance, etc.)","Cross/Enter Not at Intersection","Dart/Dash","Intersection Marked Crosswalk","No","Suspected Minor Injury","None","39.03098125","-77.08612198","    (39.03098125, -77.08612198)"
"MCP27600058","240016560","MONTGOMERY","Injury Crash","04/09/2024 05:00:00 PM","County Route","MONTGOMERY VILLAGE AVE","ARROWHEAD RD",,,"Cyclist (non-electric)","Single Vehicle","Clear","Dry","Daylight","Traffic Control Signal","Not Suspect of Alcohol Use, Not Suspect of Drug Use","Not Suspect of Alcohol Use, Not Suspect of Drug Use","CC6E55A4-55E3-42F4-8A80-618BE05618A0","Cyclist (non-electric)","Cross/Enter at Intersection","Failure to Obey Traffic Signs, Signals, or Officer","Intersection Marked Crosswalk","Yes","Possible Injury","None","39.18790352","-77.19726271","    (39.18790352, -77.19726271)"
"MCP2745002Z","240016455","MONTGOMERY","Injury Crash","04/09/2024 09:12:00 AM","Municipality Route","PARAMOUNT PARK DR (NB/L)",,,,"Cyclist (non-electric)","Single Vehicle","Clear","Dry","Daylight","Yield Sign","Not Suspect of Alcohol Use, Not Suspect of Drug Use","Not Suspect of Alcohol Use, Not Suspect of Drug Use","D296D2DA-5AE2-4AB5-BED7-85142204C3CF","Cyclist (non-electric)","Cross/Enter at Intersection","None (No Improper Action)","Intersection Marked Crosswalk","No","Suspected Minor Injury","None","39.16031938","-77.22104135","    (39.16031938, -77.22104135)"
"DD56630010","240016375","ROCKVILLE","Injury Crash","04/08/2024 02:51:00 PM","Maryland (State) Route","ROCKVILLE PIKE (SB/L)",,,,"Cyclist (non-electric)","Single Vehicle","Clear","Dry","Daylight","No Controls","Not Suspect of Alcohol Use, Not Suspect of Drug Use","Not Suspect of Alcohol Use, Not Suspect of Drug Use","A69184A4-FAFB-4749-8A89-16F432C711AA","Cyclist (non-electric)","Walking/Cycling on Sidewalk","None (No Improper Action)","Sidewalk","No","Possible Injury","None","39.0661019","-77.1276435","    (39.0661019, -77.1276435)"
"MCP12270022","240016275","MONTGOMERY","Fatal Crash","04/08/2024 12:02:00 AM","Maryland (State) Route","VEIRS MILL RD (WB/L)",,,,"Other Pedestrian (person in a building, skater, personal conveyance, etc.)","Single Vehicle","Clear","Dry","Dark - Lighted","Pedestrian Crossing Sign","Unknown, Unknown","Unknown, Unknown","5B9386C3-5632-4781-9041-ED82070E7C3D","Other Pedestrian (person in a building, skater, personal conveyance, etc.)","Other","Unknown","Travel Lane Other Location","No","Fatal Injury","None","39.0438054","-77.06244142","    (39.0438054, -77.06244142)"
"EJ78870045","240016177","GAITHERSBURG","Injury Crash","04/07/2024 12:00:00 PM","Local Route","NO NAME",,,,"Pedestrian","Single Vehicle","Clear","Dry","Daylight","Stop Sign","Not Suspect of Alcohol Use, Not Suspect of Drug Use","Not Suspect of Alcohol Use, Not Suspect of Drug Use","5F4FE8B9-2993-45B1-B3C8-824D4B35D958","Pedestrian","Cross/Enter at Intersection","None (No Improper Action)","Midblock Marked Crosswalk","No","Suspected Minor Injury","None","39.12142939","-77.23319732","    (39.12142939, -77.23319732)"
"MCP2159001S","240016048","MONTGOMERY","Injury Crash","04/06/2024 12:23:00 PM","Maryland (State) Route","GREAT SENECA HWY","MIDDLEBROOK RD (WB/L)",,,"Cyclist (non-electric)","Single Vehicle","Cloudy","Dry","Daylight","Pedestrian Crossing","Not Suspect of Alcohol Use, Not Suspect of Drug Use","Not Suspect of Alcohol Use, Not Suspect of Drug Use","0E6E1119-FF16-47FB-B881-912B92A8FB56","Cyclist (non-electric)","Cross/Enter at Intersection","Failure to Obey Traffic Signs, Signals, or Officer","Intersection Marked Crosswalk","Yes","Suspected Minor Injury","None","39.17502518","-77.26104048","    (39.17502518, -77.26104048)"
"DD56070055","240016049","ROCKVILLE","Injury Crash","04/06/2024 12:20:00 PM","Maryland (State) Route","ROCKVILLE PIKE",,,,"Pedestrian","Single Vehicle","Clear","Dry","Daylight","No Controls","Not Suspect of Alcohol Use, Not Suspect of Drug Use","Not Suspect of Alcohol Use, Not Suspect of Drug Use","F8524CA4-1A01-4F06-BE78-2B9060374CEE","Pedestrian","None","None (No Improper Action)","Driveway Access","No","Suspected Minor Injury","None","39.06473867","-77.1262035","    (39.06473867, -77.1262035)"
"MCP20010027","240016003","MONTGOMERY","Fatal Crash","04/05/2024 10:12:00 PM","County Route","RANDOLPH RD (WB/L)",,,,"Pedestrian","Single Vehicle","Clear","Dry","Dark - Unknown Lighting","No Controls","Not Suspect of Alcohol Use, Not Suspect of Drug Use, Unknown, Unknown","Not Suspect of Alcohol Use, Not Suspect of Drug Use","17EC1CC0-78CA-48F1-AB5E-071323E5E3B8","Pedestrian","Walking/Cycling on Sidewalk","None (No Improper Action)","Sidewalk","No","Fatal Injury","None","39.07065997","-77.0127855","    (39.07065997, -77.0127855)"
"MCP2195006B","240015645","MONTGOMERY","Injury Crash","04/04/2024 07:49:00 AM","Maryland (State) Route","RIDGE RD (SB/L)","OAK DR",,,"Pedestrian","Single Vehicle","Clear","Wet","Daylight","Traffic Control Signal","Not Suspect of Alcohol Use, Not Suspect of Drug Use","Not Suspect of Alcohol Use, Not Suspect of Drug Use","EC423D70-E527-4FFD-9FF5-E4E54A1FDE4D","Pedestrian","Cross/Enter at Intersection","None (No Improper Action)","Intersection Marked Crosswalk","No","Suspected Serious Injury","None","39.27546833","-77.21441833","    (39.27546833, -77.21441833)"
"DM84970023","240015508","TAKOMA","Injury Crash","04/03/2024 12:17:00 PM","Municipality Route","HOLTON LA",,,,"Pedestrian","Single Vehicle","Rain","Wet","Daylight","No Controls","Not Suspect of Alcohol Use, Not Suspect of Drug Use","Not Suspect of Alcohol Use, Not Suspect of Drug Use","C0A8FC10-E7F9-41A8-AD86-85EA97686E48","Pedestrian","Cross/Enter at Intersection","None (No Improper Action)","Intersection Marked Crosswalk","No","Suspected Minor Injury","None","38.98579474","-76.98682494","    (38.98579474, -76.98682494)"
"MCP27300042","240015339","MONTGOMERY","Injury Crash","04/02/2024 12:15:00 PM",,,,"Parking Aisle        PARKING AREA OF 12922 MIDDLEBROOK ROAD, GERMANTOWN MD",,"Pedestrian","Single Vehicle","Rain",,"Other",,"Not Suspect of Alcohol Use, Not Suspect of Drug Use","Not Suspect of Alcohol Use, Not Suspect of Drug Use","04CA65F3-53C2-4AF2-8AB5-A52CC9C0C5CD","Pedestrian","Other","None (No Improper Action)","Other","No","Possible Injury","None","39.17996054","-77.23634584","    (39.17996054, -77.23634584)"
"MCP3254003Z","240015181","MONTGOMERY","Injury Crash","04/01/2024 01:44:00 PM","County Route","PINNACLE DR","CENTURY BLVD CENTURY BLVD (SB/L)",,,"Pedestrian","Single Vehicle","Clear","Wet","Daylight","Stop Sign","Not Suspect of Alcohol Use, Not Suspect of Drug Use","Not Suspect of Alcohol Use, Not Suspect of Drug Use","EDAADA68-D9FA-4C17-8756-B2C428CDA5A4","Pedestrian","Cross/Enter at Intersection","None (No Improper Action)","Intersection Marked Crosswalk","No","Suspected Minor Injury","None","39.182118","-77.26520344","    (39.182118, -77.26520344)"
"MCP3341003K","240015168","MONTGOMERY","Injury Crash","04/01/2024 01:00:00 PM","County Route",,"CONNECTICUT AVE",,,"Pedestrian","Single Vehicle","Rain","Wet","Daylight","Traffic Control Signal","Not Suspect of Alcohol Use, Not Suspect of Drug Use","Not Suspect of Alcohol Use, Not Suspect of Drug Use","ACB676D7-5C73-4E83-9B89-251E0BD77586","Pedestrian","Cross/Enter at Intersection","None (No Improper Action)","Intersection Marked Crosswalk","No","Suspected Minor Injury","None","39.08032107","-77.08031318","    (39.08032107, -77.08031318)"
"DD56650023","240015087","ROCKVILLE","Injury Crash","03/31/2024 07:40:00 PM",,,,"Parking Lot Way        EXXON PARKING LOT",,"Pedestrian","Unknown","Clear",,"Dark - Lighted",,"Not Suspect of Alcohol Use, Not Suspect of Drug Use","Not Suspect of Alcohol Use, Not Suspect of Drug Use","E7C57B3E-A97E-4AD4-B22F-D16F164B7969","Pedestrian","Push/Work on Vehicle","Inattentive (Talking, Eating, etc.)","Other","No","Possible Injury","None","39.08628478","-77.15330416","    (39.08628478, -77.15330416)"
"DD5663000Z","240014946","ROCKVILLE","Injury Crash","03/30/2024 03:30:00 PM",,,,"Parking Aisle        SHOPPING CENTER PARKING LOT",,"Pedestrian","Single Vehicle","Clear",,"Daylight",,"Unknown, Unknown","Not Suspect of Alcohol Use, Not Suspect of Drug Use","944AC042-3FE4-441F-B680-80819A4E95EA","Pedestrian","Standing","None (No Improper Action)","Other","No","Suspected Minor Injury","None","39.06093394","-77.12691528","    (39.06093394, -77.12691528)"
"MCP2455006P","240014854","MONTGOMERY","Injury Crash","03/29/2024 08:17:00 PM","County Route","E JEFFERSON ST",,,,"Scooter (electric)","Single Vehicle","Clear","Dry","Dark - Lighted","Pedestrian Crossing Sign","Not Suspect of Alcohol Use, Not Suspect of Drug Use","Not Suspect of Alcohol Use, Not Suspect of Drug Use","67631C81-3F26-4B65-AA32-AC14B2C6FE83","Scooter (electric)","Cross/Enter Not at Intersection","Failure to Yield Right-Of-Way","Midblock Marked Crosswalk","No","Possible Injury","None","39.05626817","-77.12622401","    (39.05626817, -77.12622401)"
"MCP3400000T","240014695","MONTGOMERY","Injury Crash","03/28/2024 07:45:00 PM","Local Route","METRORAIL TRACK B2 RAIL","FOREST GLEN RD (WB/L)",,,"Scooter (electric)","Single Vehicle","Clear","Dry","Dark - Lighted","Traffic Control Signal","Not Suspect of Alcohol Use, Not Suspect of Drug Use","Not Suspect of Alcohol Use, Not Suspect of Drug Use","965F2954-9678-475A-B1EE-216AE9CC62E2","Scooter (electric)","Other","None (No Improper Action)","Intersection Marked Crosswalk","No","Possible Injury","None","39.01558822","-77.04274834","    (39.01558822, -77.04274834)"
"MCP3328003G","240014661","MONTGOMERY","Injury Crash","03/28/2024 04:35:00 PM","County Route","RANDOLPH RD","VEIRS MILL RD",,,"Pedestrian","Single Vehicle","Clear","Dry","Daylight","Traffic Control Signal","Not Suspect of Alcohol Use, Not Suspect of Drug Use","Not Suspect of Alcohol Use, Not Suspect of Drug Use","C57B816E-B549-4C00-9CA0-48F01C14CC58","Pedestrian","Cross/Enter at Intersection","None (No Improper Action)","Intersection Marked Crosswalk","No","Possible Injury","None","39.05601333","-77.08259032","    (39.05601333, -77.08259032)"
"MCP3181002J","240014382","MONTGOMERY","Injury Crash","03/26/2024 10:45:00 PM","Private Route",,"CONNECTICUT AVE",,,"Pedestrian","Single Vehicle","Cloudy","Dry","Dark - Lighted","Pedestrian Crossing","Unknown, Unknown","Not Suspect of Alcohol Use, Not Suspect of Drug Use","A3854B05-E69E-4239-9522-1D828E3F991E","Pedestrian","Cross/Enter at Intersection","None (No Improper Action)","Intersection Unmarked Crosswalk","No","Suspected Minor Injury","None","39.08921605","-77.07181031","    (39.08921605, -77.07181031)"
"MCP291700D9","240013927","MONTGOMERY","Injury Crash","03/24/2024 08:20:00 AM",,,,"Parking Lot Way        11801 CLARIDGE RD SILVER SPRING MD 20902
ST. CATHERINE LABOURE CATHLIC CHURCH PARKING LOT",,"Pedestrian","Single Vehicle","Clear",,"Daylight",,"Not Suspect of Alcohol Use, Not Suspect of Drug Use","Not Suspect of Alcohol Use, Not Suspect of Drug Use","F7E89E8E-B9C9-4E02-8056-989D625A673A","Pedestrian","Other","None (No Improper Action)","Other","No","Suspected Minor Injury","None","39.04886125","-77.06794056","    (39.04886125, -77.06794056)"
"DD5666000S","240013817","ROCKVILLE","Injury Crash","03/23/2024 10:31:00 AM","Municipality Route","HENSLOWE DR",,,,"Cyclist (non-electric)","Single Vehicle","Rain","Wet","Daylight","Traffic Control Signal","Not Suspect of Alcohol Use, Not Suspect of Drug Use","Not Suspect of Alcohol Use, Not Suspect of Drug Use","D468574B-069D-4B44-98FF-5132676CEA7E","Cyclist (non-electric)","Cross/Enter at Intersection","None (No Improper Action)","Intersection Marked Crosswalk","No","Suspected Minor Injury","None","39.06675831","-77.1647899","    (39.06675831, -77.1647899)"
"MCP3319002C","240013810","MONTGOMERY","Injury Crash","03/23/2024 08:09:00 AM","County Route","CAMERON ST","GEORGIA AVE",,,"Pedestrian","Single Vehicle","Rain","Wet","Daylight","Traffic Control Signal","Not Suspect of Alcohol Use, Not Suspect of Drug Use","Not Suspect of Alcohol Use, Not Suspect of Drug Use","C169AE40-2123-42C9-BA3B-1B0095BBDC5E","Pedestrian","Cross/Enter at Intersection","None (No Improper Action)","Intersection Marked Crosswalk","No","Possible Injury","None","38.99760114","-77.02967876","    (38.99760114, -77.02967876)"
"MCP2934005T","240013723","MONTGOMERY","Injury Crash","03/22/2024 03:10:00 PM","County Route","ROCKLEDGE DR (SB/L)",,,,"Pedestrian","Single Vehicle","Clear","Dry","Daylight","No Controls","Not Suspect of Alcohol Use, Not Suspect of Drug Use","Not Suspect of Alcohol Use, Not Suspect of Drug Use","F77995C3-C69E-46D8-A68F-0CB42997BEFC","Pedestrian","Other","In Roadway Improperly (Standing, Lying, Working, Playing)","Travel Lane Other Location","Yes","Suspected Minor Injury","None","39.02365833","-77.13244333","    (39.02365833, -77.13244333)"
"DD561500G8","240013645","ROCKVILLE","Injury Crash","03/22/2024 09:40:00 AM","Municipality Route",,,,,"Pedestrian","Single Vehicle","Clear","Dry","Daylight","No Controls","Not Suspect of Alcohol Use, Not Suspect of Drug Use","Not Suspect of Alcohol Use, Not Suspect of Drug Use","306B8CD3-02CF-41D5-BF05-985FC07FAC7A","Pedestrian","None","None (No Improper Action)","Driveway Access","No","Possible Injury","None","39.10970043","-77.17074205","    (39.10970043, -77.17074205)"
"MCP320000BQ","240013628","MONTGOMERY","Injury Crash","03/22/2024 07:18:00 AM","County Route","TUCKERMAN LA","APARTMENT SVC RD GROSVENOR PL",,,"Pedestrian","Single Vehicle","Clear","Dry","Dawn","Pedestrian Crossing","Not Suspect of Alcohol Use, Not Suspect of Drug Use","Not Suspect of Alcohol Use, Not Suspect of Drug Use","2ED42C29-8729-4AFA-AAAE-25AF270AF3FD","Pedestrian","Cross/Enter at Intersection","None (No Improper Action)","Intersection Marked Crosswalk","No","Possible Injury","None","39.0290638","-77.10818382","    (39.0290638, -77.10818382)"
"MCP25450017","240013443","MONTGOMERY","Injury Crash","03/21/2024 07:45:00 AM","County Route","ENNALLS AVE (EB/L)","GRANDVIEW AVE GRANDVIEW AVE (SB/L)",,,"Pedestrian","Single Vehicle","Clear","Dry","Daylight","Stop Sign","Not Suspect of Alcohol Use, Not Suspect of Drug Use","Not Suspect of Alcohol Use, Not Suspect of Drug Use","0BFC6851-FA64-49AE-8B8E-E2679ECB5B82","Pedestrian","Cross/Enter at Intersection","None (No Improper Action)","Intersection Marked Crosswalk","No","Suspected Minor Injury","None","39.039995","-77.05283017","    (39.039995, -77.05283017)"
"MCP13780180","240013204","MONTGOMERY","Injury Crash","03/19/2024 05:42:00 PM","County Route","LAMBERTON DR",,,,"Pedestrian","Single Vehicle","Cloudy","Dry","Daylight","No Controls","Not Suspect of Alcohol Use, Not Suspect of Drug Use","Not Suspect of Alcohol Use, Not Suspect of Drug Use","B13F49F2-6E53-4A95-A554-F1220A137A56","Pedestrian","Cross/Enter Not at Intersection","Dart/Dash","Travel Lane Other Location","Yes","Suspected Minor Injury","None","39.04367467","-77.0246244","    (39.04367467, -77.0246244)"
"MCP302600CN","240013190","MONTGOMERY","Injury Crash","03/19/2024 04:32:00 PM","Municipality Route","EAST AVE",,,,"Pedestrian","Single Vehicle","Clear","Dry","Daylight","Stop Sign","Not Suspect of Alcohol Use, Not Suspect of Drug Use","Not Suspect of Alcohol Use, Not Suspect of Drug Use","5E6977EF-ACB5-40E8-8E27-AF68C48EC90C","Pedestrian","Cross/Enter at Intersection","None (No Improper Action)","Intersection Marked Crosswalk","No","Suspected Minor Injury","None","38.9772305","-77.086782","    (38.9772305, -77.086782)"
"MCP32620043","240013000","MONTGOMERY","Injury Crash","03/18/2024 06:32:00 PM","County Route","DOWNS DR",,,,"Scooter (electric)","Single Vehicle","Clear","Dry","Daylight","No Controls","Not Suspect of Alcohol Use, Not Suspect of Drug Use","Not Suspect of Alcohol Use, Not Suspect of Drug Use","827BF698-8529-48E0-B1BB-8D3F1242E6A8","Scooter (electric)","Other","In Roadway Improperly (Standing, Lying, Working, Playing), Wrong-Way Riding or Walking","Travel Lane Other Location","Yes","Suspected Minor Injury","Helmet","39.05976183","-76.9878865","    (39.05976183, -76.9878865)"