"Report Number","Local Case Number","Agency Name","ACRS Report Type","Crash Date/Time","Route Type","Road Name","Cross-Street Name","Off-Road Description","Municipality","Related Non-Motorist","Collision Type","Weather","Surface Condition","Light","Traffic Control","Driver Substance Abuse","Non-Motorist Substance Abuse","Person ID","Pedestrian Type","Pedestrian Movement","Pedestrian Actions","Pedestrian Location","At Fault","Injury Severity","Safety Equipment","Latitude","Longitude","Location"
"MCP3312004S","240012802","MONTGOMERY","Injury Crash","03/17/2024 01:40:00 PM","County Route","DEERHEAD CT","AUTUMN DR",,,"Cyclist (non-electric)","Single Vehicle","Clear","Dry","Daylight","Stop Sign","Not Suspect of Alcohol Use, Not Suspect of Drug Use","Not Suspect of Alcohol Use, Not Suspect of Drug Use","29861CB0-19AD-477D-A7B3-4121998D3E33","Cyclist (non-electric)","Walking/Cycling Along Roadway With Traffic (In or Adjacent to Travel Lane)","Failure to Obey Traffic Signs, Signals, or Officer","Intersection Other","Yes","Suspected Minor Injury","None","39.06750575","-76.99758036","    (39.06750575, -76.99758036)"
"MCP3010009F","240012643","MONTGOMERY","Injury Crash","03/16/2024 10:50:00 AM",,,,"Parking Lot Way        IN PARKING LOT OF 4924 WYACONDA RD",,"Pedestrian","Single Vehicle","Clear",,"Daylight",,,"Not Suspect of Alcohol Use, Not Suspect of Drug Use","5AA16CD5-3144-439C-A6C0-C90A7AE432F0","Pedestrian","Standing","None (No Improper Action)","Driveway Access","No","Suspected Minor Injury","None","39.04522453","-77.09713754","    (39.04522453, -77.09713754)"
"MCP31730037","240012584","MONTGOMERY","Injury Crash","03/15/2024 11:25:00 PM","Maryland (State) Route","FREDERICK RD (SB/L)",,,,"Pedestrian","Single Vehicle","Clear","Dry","Dark - Not Lighted","No Controls","Not Suspect of Alcohol Use, Not Suspect of Drug Use","Unknown, Unknown","8DB1C83E-A215-4EB4-90FA-354FBD06B11C","Pedestrian","Unknown","Unknown","Travel Lane Other Location","No","Suspected Serious Injury","None","39.15761033","-77.21803062","    (39.15761033, -77.21803062)"
"MCP3402000Y","240012529","MONTGOMERY","Injury Crash","03/15/2024 05:03:00 PM","County Route","BRUNETT AVE","UNIVERSITY BLVD W",,,"Cyclist (non-electric)","Single Vehicle","Clear","Dry","Daylight","Stop Sign","Not Suspect of Alcohol Use, Not Suspect of Drug Use","Not Suspect of Alcohol Use, Not Suspect of Drug Use","2B961361-CC26-46C2-AA2A-4FDBEBF99876","Cyclist (non-electric)","Cross/Enter at Intersection","Unknown","Intersection Marked Crosswalk","No","Suspected Minor Injury","None","39.02290373","-77.01687151","    (39.02290373, -77.01687151)"
"MCP2552006Z","240012502","MONTGOMERY","Injury Crash","03/15/2024 03:05:00 PM",,,,"Private Road        PARKING LOT OF 16185 SHADY GROVE ROAD, ROCKVILLE, MD 20850",,"Pedestrian","Other","Cloudy",,"Daylight",,"Not Suspect of Alcohol Use, Not Suspect of Drug Use, Not Suspect of Alcohol Use, Not Suspect of Drug Use","Not Suspect of Alcohol Use, Not Suspect of Drug Use","92F6ABD0-FED6-4E30-A12C-633F72BC1DC0","Pedestrian","Standing","None (No Improper Action)","Other","No","Suspected Serious Injury","None","39.12092412","-77.17819375","    (39.12092412, -77.17819375)"
"MCP33770011","240012503","MONTGOMERY","Property Damage Crash","03/15/2024 02:33:00 PM","County Route","WILTON AVE",,,,"Other Pedestrian (person in a building, skater, personal conveyance, etc.)","Single Vehicle","Clear","Dry","Daylight","No Controls","Not Suspect of Alcohol Use, Not Suspect of Drug Use","Not Suspect of Alcohol Use, Not Suspect of Drug Use","4D6EF7E3-BBB5-402B-918F-4E86C8B00AB6","Other Pedestrian (person in a building, skater, personal conveyance, etc.)","Other","None (No Improper Action)","Other","No","No Apparent Injury","None","39.01080648","-77.061296","    (39.01080648, -77.061296)"
"EJ78940044","240012277","GAITHERSBURG","Injury Crash","03/14/2024 02:34:00 PM","Maryland (State) Route",,"WHETSTONE DR",,,"Pedestrian","Single Vehicle","Clear","Dry","Daylight","No Controls","Not Suspect of Alcohol Use, Not Suspect of Drug Use","Not Suspect of Alcohol Use, Not Suspect of Drug Use","6E4C0105-B0DF-476C-A8DE-2574943A0915","Pedestrian","Walking/Cycling on Sidewalk","None (No Improper Action)","Sidewalk","No","Possible Injury","None","39.14769554","-77.20609231","    (39.14769554, -77.20609231)"
"EJ78940044","240012277","GAITHERSBURG","Injury Crash","03/14/2024 02:34:00 PM","Maryland (State) Route",,"WHETSTONE DR",,,"Pedestrian","Single Vehicle","Clear","Dry","Daylight","No Controls","Not Suspect of Alcohol Use, Not Suspect of Drug Use","Not Suspect of Alcohol Use, Not Suspect of Drug Use","3E81DC7E-F581-4C17-80BA-BDABB3031971","Pedestrian","Walking/Cycling on Sidewalk","None (No Improper Action)","Sidewalk","No","Possible Injury","None","39.14769554","-77.20609231","    (39.14769554, -77.20609231)"
"MCP2932007C","240012171","MONTGOMERY","Injury Crash","03/13/2024 10:18:00 PM","County Route","OAKVIEW DR","NEW HAMPSHIRE AVE (SB/L)",,,"Pedestrian","Single Vehicle","Clear","Dry","Dark - Lighted","Traffic Control Signal","Not Suspect of Alcohol Use, Not Suspect of Drug Use","Not Suspect of Alcohol Use, Not Suspect of Drug Use","0F6607CE-4D6C-4994-B0AE-339E413FAA21","Pedestrian","Cross/Enter at Intersection","None (No Improper Action)","Intersection Marked Crosswalk","No","Suspected Minor Injury","None","39.01530819","-76.97797122","    (39.01530819, -76.97797122)"
"MCP3123006Y","240011915","MONTGOMERY","Injury Crash","03/13/2024 02:21:00 PM","US (State)",,,,,"Pedestrian","Single Vehicle","Clear","Dry","Daylight","Traffic Control Signal","Not Suspect of Alcohol Use, Not Suspect of Drug Use","Not Suspect of Alcohol Use, Not Suspect of Drug Use","95B3E76C-AE1C-4028-9CB8-041605F7C768","Pedestrian","Cross/Enter at Intersection","None (No Improper Action)","Intersection Marked Crosswalk","No","Suspected Minor Injury","None","38.9872766","-77.02675594","    (38.9872766, -77.02675594)"
"MCP3039006V","240011994","MONTGOMERY","Property Damage Crash","03/12/2024 08:52:00 PM","County Route","COLONIAL LA",,,,"Pedestrian","Single Vehicle","Clear","Dry","Dark - Lighted","No Controls","Not Suspect of Alcohol Use, Not Suspect of Drug Use","Not Suspect of Alcohol Use, Not Suspect of Drug Use","0F69230C-4584-4293-A802-451DA976C6CB","Pedestrian","Standing","In Roadway Improperly (Standing, Lying, Working, Playing)","Travel Lane Other Location","Yes","No Apparent Injury","None","38.99188743","-77.0279085","    (38.99188743, -77.0279085)"
"MCP219800FF","240011751","MONTGOMERY","Injury Crash","03/11/2024 03:42:00 PM","Bicycle Route",,,,,"Pedestrian","Single Vehicle","Clear","Dry","Daylight","No Controls","Unknown, Unknown","Not Suspect of Alcohol Use, Not Suspect of Drug Use","6C279AFF-4F14-4688-BBCD-3E7316F77956","Pedestrian","None","None (No Improper Action)","Other","No","Suspected Minor Injury","None","39.1325029","-77.17078989","    (39.1325029, -77.17078989)"
"MCP1378017Y","240011723","MONTGOMERY","Injury Crash","03/11/2024 02:04:00 PM","County Route","THAYER AVE",,,,"Cyclist (non-electric)","Single Vehicle","Clear","Dry","Daylight","No Controls","Not Suspect of Alcohol Use, Not Suspect of Drug Use","Not Suspect of Alcohol Use, Not Suspect of Drug Use","E57FE32B-B455-4EFF-927B-D2D09DF07365","Cyclist (non-electric)","Walking/Cycling Along Roadway With Traffic (In or Adjacent to Travel Lane)","None (No Improper Action)","Travel Lane Other Location","No","Possible Injury","Helmet, Reflectors","38.99298247","-77.02617465","    (38.99298247, -77.02617465)"
"MCP3404000L","240011633","MONTGOMERY","Injury Crash","03/11/2024 06:43:00 AM","Maryland (State) Route","NEW HAMPSHIRE AVE","OAKVIEW DR",,,"Pedestrian","Single Vehicle","Clear","Dry","Daylight","Traffic Control Signal","Not Suspect of Alcohol Use, Not Suspect of Drug Use","Not Suspect of Alcohol Use, Not Suspect of Drug Use","BE68C93E-B552-4BA4-BD46-745D8085E37D","Pedestrian","Cross/Enter at Intersection","None (No Improper Action)","Intersection Marked Crosswalk","No","Suspected Minor Injury","None","39.01535671","-76.97775138","    (39.01535671, -76.97775138)"
"MCP3249005K","240011476","MONTGOMERY","Property Damage Crash","03/09/2024 07:50:00 PM","County Route","SCARLET SAGE DR","CEDAR TREE DR",,,"Pedestrian","Single Vehicle","Rain","Wet","Dark - Not Lighted","No Controls","Not Suspect of Alcohol Use, Not Suspect of Drug Use","Not Suspect of Alcohol Use, Not Suspect of Drug Use","C5539E09-07EB-4539-B756-EF202D7229D9","Pedestrian","Cross/Enter at Intersection","Unknown","Intersection Unmarked Crosswalk","No","No Apparent Injury","None","39.10359182","-76.92336952","    (39.10359182, -76.92336952)"
"DD5649003R","240011337","ROCKVILLE","Injury Crash","03/08/2024 08:12:00 PM","Maryland (State) Route","ROCKVILLE PIKE","CHURCH ST (WB/L)",,,"Pedestrian","Unknown","Clear","Dry","Dark - Lighted","Flashing Traffic Control Signal","Unknown, Unknown","Not Suspect of Alcohol Use, Not Suspect of Drug Use","DAC9EB4E-CBBC-4CE6-A88E-E6682F835057","Pedestrian","Cross/Enter at Intersection","None (No Improper Action)","Intersection Marked Crosswalk","No","Suspected Minor Injury","None","39.08355692","-77.14678104","    (39.08355692, -77.14678104)"
"MCP271700YS","240011196","MONTGOMERY","Injury Crash","03/08/2024 08:00:00 AM","County Route","STEDWICK RD","WATKINS MILL RD",,,"Pedestrian","Single Vehicle","Clear","Dry","Daylight","Pedestrian Crossing","Not Suspect of Alcohol Use, Not Suspect of Drug Use","Not Suspect of Alcohol Use, Not Suspect of Drug Use","6F075A1D-D129-40C6-861C-4D56F4C79DF9","Pedestrian","Cross/Enter at Intersection","Failure to Obey Traffic Signs, Signals, or Officer","Intersection Marked Crosswalk","No","Possible Injury","None","39.17055719","-77.20888961","    (39.17055719, -77.20888961)"
"MCP32590049","240011146","MONTGOMERY","Injury Crash","03/07/2024 08:29:00 PM","Bicycle Route",,,,,"Cyclist (non-electric)","Single Vehicle","Clear","Dry","Dark - Lighted","Traffic Control Signal","Not Suspect of Alcohol Use, Not Suspect of Drug Use","Not Suspect of Alcohol Use, Not Suspect of Drug Use","B7ED0625-B8D0-4831-8836-4A0EA94E3AD1","Cyclist (non-electric)","Walking/Cycling on Sidewalk","None (No Improper Action)","Intersection Marked Crosswalk","No","Suspected Minor Injury","Reflectors","38.96456566","-77.13610046","    (38.96456566, -77.13610046)"
"MCP3391000N","240011067","MONTGOMERY","Injury Crash","03/07/2024 12:28:00 PM","County Route","IDEAL DR",,,,"Pedestrian","Angle","Clear","Dry","Daylight","No Controls","Not Suspect of Alcohol Use, Not Suspect of Drug Use","Not Suspect of Alcohol Use, Not Suspect of Drug Use","0406ED28-50D8-4996-ACA2-F62807D9FC55","Pedestrian","Getting Off/On Vehicle","Unknown","Driveway Access","No","Suspected Minor Injury","None","39.07059356","-77.04769143","    (39.07059356, -77.04769143)"
"MCP30580059","240011001","MONTGOMERY","Injury Crash","03/07/2024 03:46:00 AM","County Route","E GUDE DR (WB/L)","FREDERICK RD",,,"Cyclist (non-electric)","Single Vehicle","Cloudy","Wet","Dark - Lighted","Pedestrian Crossing Sign","Not Suspect of Alcohol Use, Not Suspect of Drug Use","Not Suspect of Alcohol Use, Not Suspect of Drug Use","9803DF14-4039-4FE7-840D-59CC02D4BD28","Cyclist (non-electric)","Cross/Enter at Intersection","Not Visible (Dark Clothing, No Lighting, etc.)","Intersection Marked Crosswalk","No","Suspected Minor Injury","None","39.10667667","-77.15829333","    (39.10667667, -77.15829333)"
"MCP1378017W","240010945","MONTGOMERY","Injury Crash","03/06/2024 04:40:00 PM","County Route","WALTER JOHNSON RD","WISTERIA DR",,,"Pedestrian","Single Vehicle","Rain","Wet","Daylight","Stop Sign","Not Suspect of Alcohol Use, Not Suspect of Drug Use","Not Suspect of Alcohol Use, Not Suspect of Drug Use","74CCAD8F-BF22-4E38-86A2-D5DC0C85D936","Pedestrian","Walking/Cycling on Sidewalk","Failure to Yield Right-Of-Way","Intersection Marked Crosswalk","Yes","Suspected Minor Injury","None","39.17612608","-77.26878147","    (39.17612608, -77.26878147)"
"DD5633008N","240010884","ROCKVILLE","Injury Crash","03/06/2024 12:02:00 PM","Municipality Route","A ST (WB/L)","HUNGERFORD DR",,,"Pedestrian","Single Vehicle","Cloudy","Dry","Daylight","Pedestrian Crossing","Not Suspect of Alcohol Use, Not Suspect of Drug Use","Not Suspect of Alcohol Use, Not Suspect of Drug Use","BFE6A0C4-501A-4AC3-8F64-91FF3508356B","Pedestrian","Cross/Enter at Intersection","None (No Improper Action)","Intersection Marked Crosswalk","No","Suspected Minor Injury","None","39.09199536","-77.15319388","    (39.09199536, -77.15319388)"
"MCP271700YR","240010871","MONTGOMERY","Injury Crash","03/06/2024 10:45:00 AM","Municipality Route","E DEER PARK DR","S FREDERICK RD",,,"Pedestrian","Single Vehicle","Cloudy","Dry","Daylight","Traffic Control Signal","Not Suspect of Alcohol Use, Not Suspect of Drug Use","Not Suspect of Alcohol Use, Not Suspect of Drug Use","84682DD5-3587-4E5A-BA52-ACF650874EEF","Pedestrian","Cross/Enter at Intersection","Dart/Dash, Failure to Obey Traffic Signs, Signals, or Officer","Intersection Marked Crosswalk","No","Suspected Minor Injury","None","39.13226188","-77.18883231","    (39.13226188, -77.18883231)"
"MCP120500BR","240010850","MONTGOMERY","Injury Crash","03/06/2024 08:38:00 AM","Maryland (State) Route","16TH ST",,,,"Pedestrian","Single Vehicle","Rain","Wet","Daylight","Pedestrian Crossing Sign","Unknown, Unknown","Not Suspect of Alcohol Use, Not Suspect of Drug Use","4DF21834-0B3A-4525-A1DE-B56E2609D76B","Pedestrian","Cross/Enter at Intersection","None (No Improper Action)","Intersection Marked Crosswalk","No","Possible Injury","None","38.99462923","-77.0361474","    (38.99462923, -77.0361474)"
"MCP120500BR","240010850","MONTGOMERY","Injury Crash","03/06/2024 08:38:00 AM","Maryland (State) Route","16TH ST",,,,"Pedestrian","Single Vehicle","Rain","Wet","Daylight","Pedestrian Crossing Sign","Unknown, Unknown","Not Suspect of Alcohol Use, Not Suspect of Drug Use","C11904FC-5E83-4FD4-AC13-BD039F88F897","Pedestrian","Cross/Enter at Intersection","None (No Improper Action)","Intersection Marked Crosswalk","No","Possible Injury","None","38.99462923","-77.0361474","    (38.99462923, -77.0361474)"
"MCP3308002F","240010602","MONTGOMERY","Injury Crash","03/04/2024 09:10:00 PM","County Route","AMHERST AVE",,,,"Pedestrian","Single Vehicle","Clear","Dry","Dark - Not Lighted","Traffic Control Signal","Not Suspect of Alcohol Use, Not Suspect of Drug Use","Not Suspect of Alcohol Use, Not Suspect of Drug Use","5DD7082C-0A15-4242-9B58-4C02D46169C9","Pedestrian","Cross/Enter at Intersection","None (No Improper Action)","Intersection Marked Crosswalk","No","Suspected Minor Injury","None","39.0414744","-77.04813343","    (39.0414744, -77.04813343)"
"MCP3199005Y","240010204","MONTGOMERY","Injury Crash","03/02/2024 12:15:00 PM",,,,"Parking Lot Way        IN FRONT OF 4021 POSTGATE TER",,"Pedestrian","Single Vehicle","Rain",,"Daylight",,"Not Suspect of Alcohol Use, Not Suspect of Drug Use","Not Suspect of Alcohol Use, Not Suspect of Drug Use","B1DF891E-C051-4459-B440-7BBDD2F34A3F","Pedestrian","Cross/Enter Not at Intersection","Dart/Dash","Other","No","Suspected Minor Injury","None","39.08761108","-77.07762369","    (39.08761108, -77.07762369)"
"EJ7902000R","240010146","GAITHERSBURG","Injury Crash","03/01/2024 08:05:00 PM",,,,"Parking Stall        PARKING LOT OF POPEYES",,"Pedestrian","Single Vehicle","Rain",,"Dark - Lighted",,"Unknown, Unknown","Suspect of Alcohol Use, Unknown","9BFA2478-C382-449E-B760-EC25D8CFB4C1","Pedestrian","Other","In Roadway Improperly (Standing, Lying, Working, Playing), Not Visible (Dark Clothing, No Lighting, etc.), Other","NonTrafficway Area","No","Suspected Minor Injury","None","39.14671797","-77.20447312","    (39.14671797, -77.20447312)"
"MCP23450013","240010015","MONTGOMERY","Property Damage Crash","03/01/2024 07:40:00 AM",,,,"Parking Lot Way        WOOTON HIGH SCHOOL PARKING LOT",,"Pedestrian","Single Vehicle","Clear",,"Daylight",,"Not Suspect of Alcohol Use, Not Suspect of Drug Use","Not Suspect of Alcohol Use, Not Suspect of Drug Use","66BDC696-29AE-4363-A5E7-34C2B51AD917","Pedestrian","Other Working","None (No Improper Action)","Other","No","No Apparent Injury","None","39.07626056","-77.18332196","    (39.07626056, -77.18332196)"
"MCP3213001X","240009989","MONTGOMERY","Injury Crash","03/01/2024 01:29:00 AM","County Route","BONIFANT ST","BONIFANT ST FENTON ST",,,"Pedestrian","Single Vehicle","Clear","Dry","Dark - Lighted","Flashing Traffic Control Signal","Unknown, Unknown","Unknown, Unknown","8723D578-787B-4C99-B2B4-D643EA3EDA12","Pedestrian","Unknown","Unknown","Intersection Marked Crosswalk","No","Suspected Serious Injury","None","38.9944221","-77.02414245","    (38.9944221, -77.02414245)"
"MCP242500J5","240009833","MONTGOMERY","Injury Crash","02/29/2024 08:03:00 AM","County Route","DENNIS AVE",,,,"Pedestrian","Single Vehicle","Clear","Dry","Daylight","No Controls","Not Suspect of Alcohol Use, Not Suspect of Drug Use","Not Suspect of Alcohol Use, Not Suspect of Drug Use","FA5E9182-801D-4CCB-89A9-BCB6379FD686","Pedestrian","Cross/Enter Not at Intersection","None (No Improper Action)","Intersection Marked Crosswalk","No","Suspected Serious Injury","None","39.02604876","-77.03444774","    (39.02604876, -77.03444774)"
"MCP2455006M","240009809","MONTGOMERY","Injury Crash","02/28/2024 08:15:00 PM","Municipality Route","PIER DR",,,,"Pedestrian","Single Vehicle","Unknown",,"Dark - Lighted","Stop Sign","Unknown, Unknown","Not Suspect of Alcohol Use, Not Suspect of Drug Use","80F9BA46-AB3C-4201-8905-57CA87E3C7F6","Pedestrian","Cross/Enter at Intersection","None (No Improper Action)","Intersection Unmarked Crosswalk","No","Possible Injury","Unknown","39.06797883","-77.1142694","    (39.06797883, -77.1142694)"
"MCP3016004W","240010048","MONTGOMERY","Injury Crash","02/28/2024 08:15:00 AM","County Route","CENTURY BLVD",,,,"Pedestrian","Unknown","Cloudy","Wet","Daylight","Pedestrian Crossing","Unknown, Unknown","Not Suspect of Alcohol Use, Not Suspect of Drug Use","4BC91D86-023E-4C95-9BDE-26870E259C4D","Pedestrian","Cross/Enter at Intersection","Unknown","Intersection Marked Crosswalk","Yes","Suspected Serious Injury","None","39.18033057","-77.26837062","    (39.18033057, -77.26837062)"
"DD5603009X","240009648","ROCKVILLE","Injury Crash","02/27/2024 11:48:00 PM","Municipality Route","W EDMONSTON DR","ROCKVILLE PIKE (SB/L)",,,"Pedestrian","Single Vehicle","Rain","Wet","Dark - Lighted","Pedestrian Crossing","Not Suspect of Alcohol Use, Not Suspect of Drug Use","Suspect of Alcohol Use, Not Suspect of Drug Use","B49F1155-55DB-4786-8442-8BF50E7066A8","Pedestrian","Cross/Enter at Intersection","Dart/Dash, Failure to Obey Traffic Signs, Signals, or Officer","Intersection Marked Crosswalk","No","Suspected Minor Injury","None","39.07435802","-77.13568165","    (39.07435802, -77.13568165)"
"MCP2445005L","240009464","MONTGOMERY","Injury Crash","02/27/2024 08:04:00 AM",,,,"Parking Aisle        PARKING LOT OF 21010 FREDERICK RD",,"Pedestrian","Single Vehicle","Clear",,"Daylight",,"Not Suspect of Alcohol Use, Not Suspect of Drug Use","Not Suspect of Alcohol Use, Not Suspect of Drug Use","2E85EC81-C940-4C1C-8F5A-482F34D02038","Pedestrian","Getting Off/On Vehicle","Unknown","Other","No","Suspected Minor Injury","None","39.20058292","-77.2482529","    (39.20058292, -77.2482529)"
"MCP3339003J","240009407","MONTGOMERY","Injury Crash","02/26/2024 06:41:00 PM","County Route","RANDOLPH RD","VEIRS MILL RD",,,"Pedestrian","Single Vehicle","Clear","Dry","Dark - Lighted","Traffic Control Signal","Unknown, Unknown","Not Suspect of Alcohol Use, Not Suspect of Drug Use","1EE5DB46-C9A5-43D1-B9B6-7AD5A95D1D50","Pedestrian","Cross/Enter at Intersection","Unknown","Intersection Marked Crosswalk","No","Suspected Minor Injury","None","39.05603947","-77.08254334","    (39.05603947, -77.08254334)"
"MCP32550055","240009398","MONTGOMERY","Injury Crash","02/26/2024 05:40:00 PM","County Route","WATKINS MILL RD","STEDWICK RD",,,"Pedestrian","Single Vehicle","Clear","Dry","Dusk","Pedestrian Crossing Sign","Not Suspect of Alcohol Use, Not Suspect of Drug Use","Not Suspect of Alcohol Use, Not Suspect of Drug Use","CC95069F-1238-496A-915D-8277A699C423","Pedestrian","Cross/Enter at Intersection","None (No Improper Action)","Intersection Marked Crosswalk","No","Suspected Minor Injury","None","39.17054729","-77.20894132","    (39.17054729, -77.20894132)"
"MCP25070025","240009383","MONTGOMERY","Injury Crash","02/26/2024 04:01:00 PM","Maryland (State) Route",,,,,"Pedestrian","Single Vehicle","Clear","Dry","Daylight","No Controls","Not Suspect of Alcohol Use, Not Suspect of Drug Use","Not Suspect of Alcohol Use, Not Suspect of Drug Use","7F335C27-8DEF-4A44-A278-818565201B56","Pedestrian","Getting Off/On Vehicle","None (No Improper Action)","Shoulder/Roadside","No","Suspected Minor Injury","None","39.10394969","-77.28633395","    (39.10394969, -77.28633395)"
"MCP2392000K","240009531","MONTGOMERY","Injury Crash","02/26/2024 12:04:00 PM",,,,"Parking Stall        SIDE PARKING LOT",,"Pedestrian","Single Vehicle","Clear",,"Daylight",,"Not Suspect of Alcohol Use, Not Suspect of Drug Use","Not Suspect of Alcohol Use, Not Suspect of Drug Use","BE5DAF5A-8F23-4F33-90B9-085AAFD865C6","Pedestrian","Standing","None (No Improper Action)","NonTrafficway Area","No","Suspected Minor Injury","None","39.14830061","-77.01966318","    (39.14830061, -77.01966318)"
"DD5567002X","240009297","ROCKVILLE","Injury Crash","02/26/2024 09:43:00 AM","Municipality Route","KING FARM BLVD","FREDERICK RD (SB/L)",,,"Pedestrian","Single Vehicle","Clear","Dry","Daylight","Pedestrian Crossing","Unknown, Unknown","Not Suspect of Alcohol Use, Not Suspect of Drug Use","F49EF1ED-1E00-4DA6-B5A2-AC9FFE5D42A1","Pedestrian","Cross/Enter at Intersection","None (No Improper Action)","Intersection Marked Crosswalk","No","Possible Injury","None","39.11710704","-77.16889101","    (39.11710704, -77.16889101)"
"MCP21810059","240009261","MONTGOMERY","Injury Crash","02/25/2024 11:58:00 PM","County Route","CHERRY HILL RD",,,,"Pedestrian","Single Vehicle","Clear","Dry","Dark - Lighted","No Controls","Not Suspect of Alcohol Use, Not Suspect of Drug Use","Suspect of Alcohol Use, Not Suspect of Drug Use","22E60ECF-508E-4142-82EF-6B47AACDB6B2","Pedestrian","Cross/Enter Not at Intersection","Dart/Dash, Not Visible (Dark Clothing, No Lighting, etc.)","Travel Lane Other Location","Yes","Suspected Serious Injury","None","39.04950426","-76.95247673","    (39.04950426, -76.95247673)"
"MCP32950040","240009208","MONTGOMERY","Injury Crash","02/25/2024 02:53:00 PM","County Route",,"SUMMERWOOD DR",,,"Cyclist (non-electric)","Single Vehicle","Clear","Dry","Daylight","Stop Sign","Not Suspect of Alcohol Use, Not Suspect of Drug Use","Not Suspect of Alcohol Use, Not Suspect of Drug Use","F9FA2262-AAB7-4265-A190-D03116E80CF5","Cyclist (non-electric)","Cross/Enter at Intersection","Unknown","Intersection Marked Crosswalk","No","Suspected Minor Injury","Unknown","39.065096","-76.93851683","    (39.065096, -76.93851683)"
"MCP3085004K","240008929","MONTGOMERY","Injury Crash","02/23/2024 04:59:00 PM","County Route","NO NAME","ELLINGSON DR",,,"Cyclist (Electric)","Single Vehicle","Cloudy","Dry","Daylight","No Controls","Not Suspect of Alcohol Use, Not Suspect of Drug Use","Not Suspect of Alcohol Use, Not Suspect of Drug Use","CF981FCD-9950-43DC-B712-89E652FC40D1","Cyclist (Electric)","Walking/Cycling Along Roadway Against Traffic (In or Adjacent to Travel Lane)","Wrong-Way Riding or Walking","Intersection Other","No","Suspected Minor Injury","Helmet","38.99233604","-77.05548154","    (38.99233604, -77.05548154)"
"MCP3113005Z","240008881","MONTGOMERY","Injury Crash","02/23/2024 01:30:00 PM",,,,"Parking Stall        PARKING LOT IN FRONT OF 1802 TUFA TERRACE",,"Pedestrian","Unknown","Cloudy",,"Daylight",,"Not Suspect of Alcohol Use, Not Suspect of Drug Use","Not Suspect of Alcohol Use, Not Suspect of Drug Use","79C882C4-6834-40DD-A23A-FCFC155BE4CC","Pedestrian","Standing","None (No Improper Action)","Other","No","Suspected Minor Injury","None","39.06689895","-76.97527262","    (39.06689895, -76.97527262)"