"Report Number","Local Case Number","Agency Name","ACRS Report Type","Crash Date/Time","Route Type","Road Name","Cross-Street Name","Off-Road Description","Municipality","Related Non-Motorist","Collision Type","Weather","Surface Condition","Light","Traffic Control","Driver Substance Abuse","Non-Motorist Substance Abuse","Person ID","Pedestrian Type","Pedestrian Movement","Pedestrian Actions","Pedestrian Location","At Fault","Injury Severity","Safety Equipment","Latitude","Longitude","Location"
"MCP3330001W","240004023","MONTGOMERY","Injury Crash","01/25/2024 09:27:00 PM","County Route","ASPEN HILL RD","IRIS ST",,,"Pedestrian","Single Vehicle","Rain","Wet","Dark - Not Lighted","No Controls","Not Suspect of Alcohol Use, Not Suspect of Drug Use, Not Suspect of Alcohol Use, Not Suspect of Drug Use","Suspect of Alcohol Use, Unknown","FEBFC173-B900-4490-9513-2EDA45128A18","Pedestrian","Cross/Enter Not at Intersection","In Roadway Improperly (Standing, Lying, Working, Playing), Inattentive (Talking, Eating, etc.), Not Visible (Dark Clothing, No Lighting, etc.), Other, Wrong-Way Riding or Walking","Travel Lane Other Location","Yes","Suspected Minor Injury","None","39.0753445","-77.09380633","    (39.0753445, -77.09380633)"
"MCP3050005L","240003997","MONTGOMERY","Injury Crash","01/25/2024 06:44:00 PM","County Route","RIPPLING BROOK DR",,,,"Pedestrian","Single Vehicle","Rain","Wet","Dark - Not Lighted","Stop Sign","Not Suspect of Alcohol Use, Not Suspect of Drug Use","Not Suspect of Alcohol Use, Not Suspect of Drug Use","EF9F526A-6F23-4F33-9377-50A0E74A0E23","Pedestrian","Cross/Enter at Intersection","Not Visible (Dark Clothing, No Lighting, etc.)","Intersection Marked Crosswalk","No","Possible Injury","None","39.09014707","-77.05357651","    (39.09014707, -77.05357651)"
"MCP2678004L","240003850","MONTGOMERY","Injury Crash","01/25/2024 06:21:00 AM","County Route","REEDIE DR","GEORGIA AVE (SB/L)",,,"Pedestrian","Single Vehicle","Rain","Wet","Dark - Lighted","Pedestrian Crossing Sign","Not Suspect of Alcohol Use, Not Suspect of Drug Use","Not Suspect of Alcohol Use, Not Suspect of Drug Use","DDEC71A5-7E60-4C0D-9AA6-C9FCD6CB9634","Pedestrian","Cross/Enter at Intersection","None (No Improper Action)","Intersection Marked Crosswalk","No","Suspected Serious Injury","None","39.03861435","-77.05094","    (39.03861435, -77.05094)"
"MCP32300054","240003813","MONTGOMERY","Injury Crash","01/24/2024 08:40:00 PM","County Route","RANDOLPH RD (WB/L)","VEIRS MILL RD (WB/L)",,,"Pedestrian","Single Vehicle","Cloudy","Wet","Dark - Lighted","Traffic Control Signal","Not Suspect of Alcohol Use, Not Suspect of Drug Use","Not Suspect of Alcohol Use, Not Suspect of Drug Use","758D70AE-B512-4B36-B3E6-CD24D5BAF629","Pedestrian","Cross/Enter at Intersection","None (No Improper Action)","Intersection Marked Crosswalk","No","Suspected Minor Injury","None","39.05627232","-77.08254668","    (39.05627232, -77.08254668)"
"MCP2726008M","240003654","MONTGOMERY","Injury Crash","01/24/2024 06:25:00 AM","County Route","CRABBS BRANCH WAY",,,,"Pedestrian","Single Vehicle","Rain","Wet","Dark - Lighted","No Controls","Not Suspect of Alcohol Use, Not Suspect of Drug Use","Not Suspect of Alcohol Use, Not Suspect of Drug Use","68887B60-20AE-44C2-AFF6-D332C50BEB89","Pedestrian","Cross/Enter at Intersection","None (No Improper Action)","Median/Crossing Island","No","Suspected Minor Injury","None","39.11931225","-77.15678466","    (39.11931225, -77.15678466)"
"MCP3394000B","240003543","MONTGOMERY","Injury Crash","01/23/2024 02:47:00 PM","Maryland (State) Route","WISCONSIN AVE (SB/L)","WILLARD AVE",,,"Pedestrian","Single Vehicle","Clear","Dry","Daylight","Traffic Control Signal","Not Suspect of Alcohol Use, Not Suspect of Drug Use","Not Suspect of Alcohol Use, Not Suspect of Drug Use","27F44D8D-A31F-4D74-A1D3-A1582F2EF634","Pedestrian","Cross/Enter at Intersection","Unknown","Intersection Marked Crosswalk","No","Suspected Minor Injury","Unknown","38.96178017","-77.08618317","    (38.96178017, -77.08618317)"
"MCP28810064","240003452","MONTGOMERY","Injury Crash","01/23/2024 07:00:00 AM","County Route","BRANDERMILL DR",,,,"Pedestrian","Single Vehicle","Clear","Dry","Dawn","No Controls","Not Suspect of Alcohol Use, Not Suspect of Drug Use","Not Suspect of Alcohol Use, Not Suspect of Drug Use","3618F4EF-75AB-49D3-AD8E-4C7217333F4B","Pedestrian","Getting Off/On Vehicle","None (No Improper Action)","Shoulder/Roadside","No","Possible Injury","None","39.18448333","-77.23691167","    (39.18448333, -77.23691167)"
"MCP3402000B","240003404","MONTGOMERY","Injury Crash","01/22/2024 06:54:00 PM","US (State)","COLUMBIA PIKE",,,,"Pedestrian","Single Vehicle","Clear","Dry","Dark - Lighted","Stop Sign","Not Suspect of Alcohol Use, Not Suspect of Drug Use","Not Suspect of Alcohol Use, Not Suspect of Drug Use","4A9DC317-29B3-4B06-B44A-6B592F107D9D","Pedestrian","Walking/Cycling on Sidewalk","None (No Improper Action)","Sidewalk","No","Suspected Minor Injury","None","39.03182903","-77.00405563","    (39.03182903, -77.00405563)"
"DD559500FM","240003113","ROCKVILLE","Injury Crash","01/20/2024 04:40:00 PM",,,,"Private Road        DRIVE LANE FOR THE FLAGSHIP CAR WASH LOCATED AT 2100 CHAPMAN AVE",,"Pedestrian","Single Vehicle","Clear",,"Daylight",,,"Not Suspect of Alcohol Use, Not Suspect of Drug Use","CFF3E07A-8AED-49B6-A585-91406B11A4BD","Pedestrian","Other","Other","Driveway Access","Yes","Suspected Minor Injury","None","39.05784781","-77.11721447","    (39.05784781, -77.11721447)"
"MCP32080053","240002912","MONTGOMERY","Injury Crash","01/18/2024 10:30:00 PM","US (State)","COLUMBIA PIKE (SB/L)",,,,"Occupant of Motor Vehicle Not in Transport","Sideswipe, Same Direction","Clear","Dry","Dark - Lighted","No Controls","Not Suspect of Alcohol Use, Not Suspect of Drug Use","Not Suspect of Alcohol Use, Not Suspect of Drug Use","08B706A9-91D3-4EE6-A008-26F077E529EC","Occupant of Motor Vehicle Not in Transport","Push/Work on Vehicle","None (No Improper Action)","Shoulder/Roadside","No","Suspected Minor Injury","None","39.12681134","-76.92309001","    (39.12681134, -76.92309001)"
"MCP32080053","240002912","MONTGOMERY","Injury Crash","01/18/2024 10:30:00 PM","US (State)","COLUMBIA PIKE (SB/L)",,,,"Occupant of Motor Vehicle Not in Transport","Sideswipe, Same Direction","Clear","Dry","Dark - Lighted","No Controls","Not Suspect of Alcohol Use, Not Suspect of Drug Use","Not Suspect of Alcohol Use, Not Suspect of Drug Use","320D5D62-4997-4E87-A25F-C5B8112C2170","Occupant of Motor Vehicle Not in Transport","Other Working","None (No Improper Action)","Shoulder/Roadside","No","Suspected Minor Injury","None","39.12681134","-76.92309001","    (39.12681134, -76.92309001)"
"MCP28810063","240002647","MONTGOMERY","Injury Crash","01/17/2024 01:14:00 PM",,,,"Parking Lot Way        21030 FREDERICK RD",,"Pedestrian","Single Vehicle","Clear",,"Daylight","No Controls","Not Suspect of Alcohol Use, Not Suspect of Drug Use","Not Suspect of Alcohol Use, Not Suspect of Drug Use","F81E50B5-A6A7-441B-95F6-6D2112DBAE56","Pedestrian","Standing","None (No Improper Action)","NonTrafficway Area","No","Suspected Minor Injury","None","39.20158825","-77.24670089","    (39.20158825, -77.24670089)"
"MCP28810063","240002647","MONTGOMERY","Injury Crash","01/17/2024 01:14:00 PM",,,,"Parking Lot Way        21030 FREDERICK RD",,"Pedestrian","Single Vehicle","Clear",,"Daylight","No Controls","Not Suspect of Alcohol Use, Not Suspect of Drug Use","Not Suspect of Alcohol Use, Not Suspect of Drug Use","A344EA51-4041-4809-B4F3-1800C376A943","Pedestrian","Standing","None (No Improper Action)","NonTrafficway Area","No","Suspected Minor Injury","None","39.20158825","-77.24670089","    (39.20158825, -77.24670089)"
"MCP28810063","240002647","MONTGOMERY","Injury Crash","01/17/2024 01:14:00 PM",,,,"Parking Lot Way        21030 FREDERICK RD",,"Pedestrian","Single Vehicle","Clear",,"Daylight","No Controls","Not Suspect of Alcohol Use, Not Suspect of Drug Use","Not Suspect of Alcohol Use, Not Suspect of Drug Use","C84278EA-41ED-4EAB-A2D2-ED4C8B3DECDC","Pedestrian","Standing","None (No Improper Action)","NonTrafficway Area","No","Suspected Minor Injury","None","39.20158825","-77.24670089","    (39.20158825, -77.24670089)"
"MCP9365002C","240002606","MONTGOMERY","Injury Crash","01/17/2024 09:20:00 AM","County Route","PLUM ORCHARD DR","CHERRY HILL RD CLOVER PATCH DR",,,"Pedestrian","Single Vehicle","Clear","Snow","Daylight","Traffic Control Signal","Unknown, Unknown","Suspect of Alcohol Use, Unknown","52E679A1-60E8-431B-B162-663E71F95B09","Pedestrian","Cross/Enter at Intersection","Unknown","Unknown","No","Possible Injury","None","39.05261194","-76.953173","    (39.05261194, -76.953173)"
"EJ78520096","240002271","GAITHERSBURG","Injury Crash","01/14/2024 06:46:00 PM","Private Route",,,,,"Pedestrian","Single Vehicle","Clear","Dry","Dark - Lighted","Pedestrian Crossing","Not Suspect of Alcohol Use, Not Suspect of Drug Use","Not Suspect of Alcohol Use, Not Suspect of Drug Use","71CE3F57-24C9-4B3F-BBBD-E499A0917D63","Pedestrian","Cross/Enter at Intersection","Dart/Dash, Failure to Obey Traffic Signs, Signals, or Officer, Inattentive (Talking, Eating, etc.), Not Visible (Dark Clothing, No Lighting, etc.)","Intersection Marked Crosswalk","Yes","Suspected Minor Injury","None","39.13670597","-77.2057709","    (39.13670597, -77.2057709)"
"MCP235800C5","240002228","MONTGOMERY","Property Damage Crash","01/14/2024 12:01:00 PM",,,,"Parking Stall        WHOLE FOODS BUILDING 5269 RIVER ROAD BETHESDA, MD",,"Unknown Type Of Non-Motorist","Single Vehicle","Clear",,"Daylight",,"Not Suspect of Alcohol Use, Not Suspect of Drug Use","Not Suspect of Alcohol Use, Not Suspect of Drug Use","CA3F48E3-0229-40BF-BC7A-B8593EE58840","Unknown Type Of Non-Motorist","Other","None (No Improper Action), Other","Other","No","No Apparent Injury","None","38.9657486","-77.104895","    (38.9657486, -77.104895)"
"MCP235800C5","240002228","MONTGOMERY","Property Damage Crash","01/14/2024 12:01:00 PM",,,,"Parking Stall        WHOLE FOODS BUILDING 5269 RIVER ROAD BETHESDA, MD",,"Unknown Type Of Non-Motorist","Single Vehicle","Clear",,"Daylight",,"Not Suspect of Alcohol Use, Not Suspect of Drug Use","Not Suspect of Alcohol Use, Not Suspect of Drug Use","FCF70680-A2D0-407F-9338-19EDD12ADCEB","Unknown Type Of Non-Motorist","Other","None (No Improper Action), Other","Other","No","No Apparent Injury","None","38.9657486","-77.104895","    (38.9657486, -77.104895)"
"MCP235800C5","240002228","MONTGOMERY","Property Damage Crash","01/14/2024 12:01:00 PM",,,,"Parking Stall        WHOLE FOODS BUILDING 5269 RIVER ROAD BETHESDA, MD",,"Unknown Type Of Non-Motorist","Single Vehicle","Clear",,"Daylight",,"Not Suspect of Alcohol Use, Not Suspect of Drug Use","Not Suspect of Alcohol Use, Not Suspect of Drug Use","9C6245C6-602E-450C-B543-F661FFD58365","Unknown Type Of Non-Motorist","Other","None (No Improper Action), Other","Other","No","No Apparent Injury","None","38.9657486","-77.104895","    (38.9657486, -77.104895)"
"EJ7870006P","240002018","GAITHERSBURG","Injury Crash","01/12/2024 09:50:00 PM",,,,"Parking Lot Way        PARKING LOT OF YARD HOUSE, 211 RIO BLVD",,"Pedestrian","Single Vehicle","Rain",,"Dark - Lighted",,"Not Suspect of Alcohol Use, Not Suspect of Drug Use","Not Suspect of Alcohol Use, Not Suspect of Drug Use","28FF7463-A7AE-4BF2-BF5E-56A6D47DFBB8","Pedestrian","Other","Not Visible (Dark Clothing, No Lighting, etc.)","Other","No","Suspected Minor Injury","None","39.11708795","-77.20066521","    (39.11708795, -77.20066521)"
"EJ7876006S","240002011","GAITHERSBURG","Injury Crash","01/12/2024 08:40:00 PM","Municipality Route","PHILMONT DR",,,,"Pedestrian","Single Vehicle","Rain","Wet","Dark - Lighted","No Controls","Not Suspect of Alcohol Use, Not Suspect of Drug Use","Not Suspect of Alcohol Use, Not Suspect of Drug Use","764D4077-B476-41F8-A862-58516BBB54DA","Pedestrian","Other","Inattentive (Talking, Eating, etc.), Other","Driveway Access","No","Possible Injury","None","39.1237536","-77.21372062","    (39.1237536, -77.21372062)"
"MCP1233005H","240001994","MONTGOMERY","Injury Crash","01/12/2024 06:00:00 PM","Maryland (State) Route","CONNECTICUT AVE",,,,"Pedestrian","Single Vehicle","Cloudy","Dry","Dark - Not Lighted","Traffic Control Signal","Not Suspect of Alcohol Use, Not Suspect of Drug Use","Not Suspect of Alcohol Use, Not Suspect of Drug Use","8CB856A9-846F-4C97-9629-12F114D22CAB","Pedestrian","Cross/Enter Not at Intersection","None (No Improper Action)","Midblock Marked Crosswalk","Yes","Possible Injury","None","39.02959455","-77.07579703","    (39.02959455, -77.07579703)"
"MCP3232004L","240001987","MONTGOMERY","Injury Crash","01/12/2024 05:41:00 PM",,,,"Parking Aisle        13490 NEW HAMPSHIRE AVE SILVER SPRING MD 20904",,"Pedestrian","Single Vehicle","Clear",,"Dark - Lighted",,"Not Suspect of Alcohol Use, Not Suspect of Drug Use","Not Suspect of Alcohol Use, Not Suspect of Drug Use","86F6D8E4-43C1-445D-AC38-2722AE0F18B7","Pedestrian","Other","Unknown","Other","No","Suspected Minor Injury","None","39.07701012","-77.00368684","    (39.07701012, -77.00368684)"
"MCP9365002B","240001656","MONTGOMERY","Injury Crash","01/11/2024 06:40:00 AM","County Route","ASTON MANOR DR","GATESHEAD MANOR WAY",,,"Pedestrian","Single Vehicle","Clear","Dry","Dawn","No Controls","Not Suspect of Alcohol Use, Not Suspect of Drug Use","Not Suspect of Alcohol Use, Not Suspect of Drug Use","DD7030F7-ADC5-440F-89ED-F7DA403576E9","Pedestrian","Cross/Enter at Intersection","None (No Improper Action)","Intersection Marked Crosswalk","No","Possible Injury","None","39.07887473","-76.93770202","    (39.07887473, -76.93770202)"
"MCP27710038","240001460","MONTGOMERY","Injury Crash","01/10/2024 08:53:00 AM","County Route","BUSHEY DR",,,,"Pedestrian","Single Vehicle","Cloudy","Wet","Daylight","No Controls","Not Suspect of Alcohol Use, Not Suspect of Drug Use","Not Suspect of Alcohol Use, Not Suspect of Drug Use","3D26854D-8B50-406E-8B2F-C5C2A90A3319","Pedestrian","Walking/Cycling Along Roadway Against Traffic (In or Adjacent to Travel Lane)","In Roadway Improperly (Standing, Lying, Working, Playing)","Travel Lane Other Location","Yes","Possible Injury","None","39.0592475","-77.07731033","    (39.0592475, -77.07731033)"
"MCP3403000H","240001405","MONTGOMERY","Injury Crash","01/09/2024 07:23:00 PM",,,,"Parking Lot Way        PARKING LOT AT 12024 CHERRY HILL RD, SILVER SPRING, MD 20904",,"Pedestrian","Single Vehicle","Rain",,"Dark - Lighted",,"Not Suspect of Alcohol Use, Not Suspect of Drug Use","Not Suspect of Alcohol Use, Not Suspect of Drug Use","D6DE279C-7C65-48B6-AAA2-C2160050A7E0","Pedestrian","Walking/Cycling Along Roadway Against Traffic (In or Adjacent to Travel Lane)","None (No Improper Action)","Other","No","Suspected Minor Injury","None","39.0538487","-76.95644071","    (39.0538487, -76.95644071)"
"MCP3362002L","240001364","MONTGOMERY","Injury Crash","01/09/2024 02:13:00 PM","Maryland (State) Route","NEW HAMPSHIRE AVE",,,,"Pedestrian","Single Vehicle","Rain","Wet","Daylight","Traffic Control Signal","Not Suspect of Alcohol Use, Not Suspect of Drug Use","Not Suspect of Alcohol Use, Not Suspect of Drug Use","D3DD1239-0E31-4D8E-835B-9C1083E4C640","Pedestrian","Cross/Enter at Intersection","None (No Improper Action)","Intersection Marked Crosswalk","No","Suspected Minor Injury","None","39.01556667","-76.97754667","    (39.01556667, -76.97754667)"
"DM8500001B","240001357","TAKOMA","Property Damage Crash","01/09/2024 01:53:00 PM",,,,"Parking Lot Way        HAMPSHIRE LANGLEY SHOPPING CENTER",,"Pedestrian","Unknown","Rain",,"Daylight",,"Unknown, Unknown","Not Suspect of Alcohol Use, Not Suspect of Drug Use","9BEFB118-919C-495F-A96F-D718A7CBA7A8","Pedestrian","Cross/Enter Not at Intersection","Other","Intersection Unmarked Crosswalk","No","No Apparent Injury","None","38.98911349","-76.9894316","    (38.98911349, -76.9894316)"
"MCP2399007R","240001045","MONTGOMERY","Injury Crash","01/07/2024 05:54:00 PM","County Route","MONTGOMERY VILLAGE AVE","HOB HILL WAY",,,"Pedestrian","Single Vehicle","Clear","Dry","Unknown","Traffic Control Signal","Not Suspect of Alcohol Use, Not Suspect of Drug Use","Not Suspect of Alcohol Use, Not Suspect of Drug Use","77E3E5D3-2C74-44F0-98F0-9223453A2D8D","Pedestrian","Cross/Enter at Intersection","None (No Improper Action)","Intersection Marked Crosswalk","No","Possible Injury","None","39.18676841","-77.19823307","    (39.18676841, -77.19823307)"
"MCP3044006Z","240001036","MONTGOMERY","Injury Crash","01/07/2024 04:46:00 PM",,,,"Parking Lot Way        PARKING LOT NEAR 13813 OUTLET DRIVE",,"Pedestrian","Unknown","Clear",,"Other",,"Not Suspect of Alcohol Use, Not Suspect of Drug Use","Not Suspect of Alcohol Use, Not Suspect of Drug Use","1691E58A-9F00-472C-B1BE-9DABA7B644C2","Pedestrian","Cross/Enter Not at Intersection","Failure to Yield Right-Of-Way","Travel Lane Other Location","No","Suspected Minor Injury","None","39.08215477","-76.94603117","    (39.08215477, -76.94603117)"
"MCP291700CY","240001010","MONTGOMERY","Injury Crash","01/07/2024 01:30:00 PM","County Route","NEWPORT MILL RD","DAWSON AVE",,,"Other Pedestrian (person in a building, skater, personal conveyance, etc.)","Unknown","Clear","Dry","Daylight","Traffic Control Signal","Not Suspect of Alcohol Use, Not Suspect of Drug Use","Not Suspect of Alcohol Use, Not Suspect of Drug Use","47D609AE-149E-4148-A75D-CE8B8F961450","Other Pedestrian (person in a building, skater, personal conveyance, etc.)","Cross/Enter Not at Intersection","Failure to Yield Right-Of-Way","Travel Lane Other Location","Yes","Suspected Minor Injury","None","39.0454076","-77.06449126","    (39.0454076, -77.06449126)"
"MCP292300BJ","240001297","MONTGOMERY","Injury Crash","01/06/2024 08:38:00 PM","County Route","ENNALLS AVE","GEORGIA AVE",,,"Pedestrian","Unknown","Unknown","Dry","Dark - Lighted","No Controls","Unknown, Unknown","Not Suspect of Alcohol Use, Not Suspect of Drug Use","5A476442-49B4-4F7B-BB4F-ABA499E1BE40","Pedestrian","Walking/Cycling Along Roadway Against Traffic (In or Adjacent to Travel Lane)","None (No Improper Action)","Driveway Access","No","Suspected Serious Injury","None","39.04102996","-77.05147426","    (39.04102996, -77.05147426)"
"MCP3038006S","240000932","MONTGOMERY","Injury Crash","01/06/2024 06:09:00 PM","Maryland (State) Route","16TH ST (SB/L)","EAST WEST HWY (WB/L)",,,"Pedestrian","Single Vehicle","Rain","Wet","Dark - Lighted","Traffic Control Signal","Unknown, Unknown","Not Suspect of Alcohol Use, Not Suspect of Drug Use","EEF0E3B8-DE39-422B-B42E-1727CE3F40ED","Pedestrian","Cross/Enter at Intersection","None (No Improper Action)","Intersection Marked Crosswalk","No","Suspected Minor Injury","None","38.99460669","-77.03640286","    (38.99460669, -77.03640286)"
"DD5660000Z","240000929","ROCKVILLE","Injury Crash","01/06/2024 05:56:00 PM","Maryland (State) Route","W JEFFERSON ST","S WASHINGTON ST",,,"Pedestrian","Single Vehicle","Rain","Wet","Daylight","Traffic Control Signal","Not Suspect of Alcohol Use, Not Suspect of Drug Use","Not Suspect of Alcohol Use, Not Suspect of Drug Use","D64EAB2D-CFA5-449A-A8DE-4EFD5F484FF7","Pedestrian","Cross/Enter at Intersection","None (No Improper Action)","Intersection Marked Crosswalk","No","Possible Injury","None","39.08319471","-77.15277299","    (39.08319471, -77.15277299)"
"MCP31610065","240000920","MONTGOMERY","Injury Crash","01/06/2024 04:23:00 PM","County Route","HAMPDEN LA","WOODMONT AVE",,,"Pedestrian","Single Vehicle","Rain","Wet","Daylight","Traffic Control Signal","Not Suspect of Alcohol Use, Not Suspect of Drug Use","Not Suspect of Alcohol Use, Not Suspect of Drug Use","CE8BA4A0-F322-435F-A8F8-7ADF522B0165","Pedestrian","Cross/Enter at Intersection","None (No Improper Action)","Intersection Marked Crosswalk","No","Suspected Minor Injury","None","38.98271344","-77.09614773","    (38.98271344, -77.09614773)"
"MCP2871009G","240000908","MONTGOMERY","Property Damage Crash","01/06/2024 03:09:00 PM","Maryland (State) Route","ROCKVILLE PIKE",,,,"Pedestrian","Single Vehicle","Freezing Rain Or Freezing Drizzle","Wet","Daylight","Traffic Control Signal","Not Suspect of Alcohol Use, Not Suspect of Drug Use","Not Suspect of Alcohol Use, Not Suspect of Drug Use","5AAE8430-832D-4C5A-BC90-A37925211455","Pedestrian","Cross/Enter at Intersection","None (No Improper Action)","Intersection Marked Crosswalk","No","No Apparent Injury","None","39.04718005","-77.11280141","    (39.04718005, -77.11280141)"
"EJ78650068","240000846","GAITHERSBURG","Property Damage Crash","01/06/2024 01:06:00 AM","Other Public Roadway","CENTER POINT WAY","CENTER POINT WAY MARKET ST E",,,"Scooter (electric)","Single Vehicle","Clear","Dry","Dark - Lighted","No Controls","Unknown, Unknown","Not Suspect of Alcohol Use, Not Suspect of Drug Use","6F12427D-8AF5-4DC2-8671-636807A99AB0","Scooter (electric)","Cross/Enter at Intersection","None (No Improper Action)","Intersection Other","No","No Apparent Injury","None","39.12187321","-77.23458649","    (39.12187321, -77.23458649)"
"EJ78650068","240000846","GAITHERSBURG","Property Damage Crash","01/06/2024 01:06:00 AM","Other Public Roadway","CENTER POINT WAY","CENTER POINT WAY MARKET ST E",,,"Scooter (electric)","Single Vehicle","Clear","Dry","Dark - Lighted","No Controls","Unknown, Unknown","Not Suspect of Alcohol Use, Not Suspect of Drug Use","5A1514FE-48AF-4D00-BB32-8DDEFFBCE791","Scooter (electric)","Cross/Enter at Intersection","None (No Improper Action)","Intersection Other","No","No Apparent Injury","None","39.12187321","-77.23458649","    (39.12187321, -77.23458649)"
"MCP3360001H","240000673","MONTGOMERY","Injury Crash","01/04/2024 01:20:00 PM",,,,"Parking Lot Way        IN THE PARKING LOT OF (WALMART) - 20910 FREDERICK ROAD, GERMANTOWN MD 20876",,"Pedestrian","Single Vehicle","Clear",,"Daylight",,"Unknown, Unknown","Not Suspect of Alcohol Use, Not Suspect of Drug Use","4035B48A-62DF-4070-A007-C2D7D5DA4C63","Pedestrian","Other","None (No Improper Action)","Driveway Access","No","Suspected Minor Injury","None","39.19833361","-77.25116728","    (39.19833361, -77.25116728)"
"MCP3245004Z","240000476","MONTGOMERY","Injury Crash","01/03/2024 06:51:00 PM","County Route","MUNCASTER RD",,,,"Pedestrian","Single Vehicle","Clear","Dry","Dark - Lighted","No Controls","Not Suspect of Alcohol Use, Not Suspect of Drug Use","Not Suspect of Alcohol Use, Not Suspect of Drug Use","36E17A81-FF7D-4FA4-970E-D03240EE1E37","Pedestrian","Walking/Cycling Along Roadway With Traffic (In or Adjacent to Travel Lane)","In Roadway Improperly (Standing, Lying, Working, Playing), Not Visible (Dark Clothing, No Lighting, etc.)","Travel Lane Other Location","Yes","Suspected Serious Injury","None","39.15561847","-77.13066812","    (39.15561847, -77.13066812)"
"MCP20770057","240000467","MONTGOMERY","Injury Crash","01/03/2024 06:14:00 PM","County Route","HENDERSON AVE","GEORGIA AVE (SB/L)",,,"Pedestrian","Single Vehicle","Clear","Dry","Dark - Lighted","Pedestrian Crossing","Unknown, Unknown","Not Suspect of Alcohol Use, Not Suspect of Drug Use","0DB54F6A-9419-4BC1-9F5C-257B1139D811","Pedestrian","Cross/Enter at Intersection","None (No Improper Action)","Intersection Marked Crosswalk","No","Suspected Serious Injury","None","39.05070153","-77.05166649","    (39.05070153, -77.05166649)"
"MCP3289002X","240000242","MONTGOMERY","Injury Crash","01/02/2024 03:03:00 PM","US (State)",,"BLAIR RD EASTERN AVE",,,"Scooter (electric)","Single Vehicle","Clear","Dry","Daylight","Pedestrian Crossing Sign","Not Suspect of Alcohol Use, Not Suspect of Drug Use","Not Suspect of Alcohol Use, Not Suspect of Drug Use","979C53D0-C6EC-4F9E-8400-8D500384C326","Scooter (electric)","Cross/Enter at Intersection","Failure to Obey Traffic Signs, Signals, or Officer","Intersection Marked Crosswalk","No","Suspected Serious Injury","None","38.98472511","-77.02662959","    (38.98472511, -77.02662959)"