"Report Number","Local Case Number","Agency Name","ACRS Report Type","Crash Date/Time","Route Type","Road Name","Cross-Street Name","Off-Road Description","Municipality","Related Non-Motorist","Collision Type","Weather","Surface Condition","Light","Traffic Control","Driver Substance Abuse","Non-Motorist Substance Abuse","Person ID","Pedestrian Type","Pedestrian Movement","Pedestrian Actions","Pedestrian Location","At Fault","Injury Severity","Safety Equipment","Latitude","Longitude","Location"
"MCP3148005P","230068578","Montgomery County Police","Injury Crash","11/27/2023 05:42:00 PM",,,,"PARKING GARAGE 1ST FLOOR AT 4935 ST ELMO AVE, BETHESDA, MD 20814",,"PEDESTRIAN","OTHER","CLEAR",,"DUSK","N/A","UNKNOWN","NONE DETECTED","AC029FAC-B8F7-40C7-8BF0-D4035C3493BD","PEDESTRIAN","Other","NO IMPROPER ACTIONS","OTHER","No","POSSIBLE INJURY","N/A","38.98653167","-77.09835333","    (38.98653167, -77.09835333)"
"DD5660000Q","230068281","Rockville Police Departme","Injury Crash","11/26/2023 05:01:00 PM","Maryland (State)","ROCKVILLE PIKE","ROLLINS AVE",,"ROCKVILLE","PEDESTRIAN","OTHER","RAINING","WET","DAWN","TRAFFIC SIGNAL","NONE DETECTED","NONE DETECTED","4BE2346C-EEEC-4A17-AF85-64351F7AC732","PEDESTRIAN","Cross/Enter at Intersection","NO IMPROPER ACTIONS","ON ROADWAY AT CROSSWALK","No","POSSIBLE INJURY","NONE","39.05904737","-77.1217952","    (39.05904737, -77.1217952)"
"MCP292300B8","230068207","Montgomery County Police","Injury Crash","11/25/2023 02:19:00 PM","County","LIVINGSTON ST","RANDOLPH RD",,"N/A","PEDESTRIAN","N/A","CLEAR","DRY","DAYLIGHT","TRAFFIC SIGNAL","NONE DETECTED","NONE DETECTED","81D1262F-E3B9-4A66-8AE6-782C284BF268","PEDESTRIAN","Cross/Enter at Intersection","NO IMPROPER ACTIONS","AT INTERSECTION MARKED CROSSWALK","No","SUSPECTED MINOR INJURY","NONE","39.03428767","-77.04852567","    (39.03428767, -77.04852567)"
"MCP3372001Y","230067838","Montgomery County Police","Injury Crash","11/22/2023 03:06:00 PM","County","CONNECTICUT AVE","BEL PRE RD",,"N/A","PEDESTRIAN","SINGLE VEHICLE","CLEAR","DRY","DAYLIGHT","TRAFFIC SIGNAL","NONE DETECTED","NONE DETECTED","804CB5E0-45B3-4E78-B317-68535C8BCB2B","PEDESTRIAN","Cross/Enter at Intersection","NO IMPROPER ACTIONS","ON ROADWAY AT CROSSWALK","No","POSSIBLE INJURY","N/A","39.09196775","-77.07041842","    (39.09196775, -77.07041842)"
"MCP33500023","230067818","Montgomery County Police","Injury Crash","11/22/2023 01:10:00 PM",,"NICHOLSON LN","CITADEL AVE",,"N/A","PEDESTRIAN","OTHER","CLOUDY","DRY","DAYLIGHT","TRAFFIC SIGNAL","UNKNOWN","NONE DETECTED","21FC6FD7-FD46-4D5C-9AC3-51A4C9B60652","PEDESTRIAN","Walking/Riding w/Traffic","NO IMPROPER ACTIONS","AT INTERSECTION MARKED CROSSWALK","No","SUSPECTED MINOR INJURY","N/A","39.04513667","-77.109205","    (39.04513667, -77.109205)"
"DD5583008D","230057757","Rockville Police Departme","Injury Crash","11/22/2023 07:27:00 AM","Maryland (State)","VEIRS MILL RD","FIRST ST",,"N/A","PEDESTRIAN","SINGLE VEHICLE","CLOUDY","N/A","DAWN","OTHER","NONE DETECTED","NONE DETECTED","382DCF6D-8AEB-4707-AFB0-5FB07C8CC0F2","PEDESTRIAN","Cross/Enter at Intersection","UNKNOWN","ON ROADWAY AT CROSSWALK","No","POSSIBLE INJURY","N/A","39.08069568","-77.14102778","    (39.08069568, -77.14102778)"
"MCP2612005J","230067692","Montgomery County Police","Injury Crash","11/21/2023 06:35:00 PM","County","BEL PRE RD","PARKER FARM WAY",,"N/A","PEDESTRIAN","SINGLE VEHICLE","RAINING","WET","DARK LIGHTS ON","TRAFFIC SIGNAL","NONE DETECTED","NONE DETECTED","5A202926-3BFC-4C34-8B00-97EECA6C836B","PEDESTRIAN","Cross/Enter at Intersection","UNKNOWN","ON ROADWAY AT CROSSWALK","Unknown","POSSIBLE INJURY","NONE","39.09059417","-77.04761717","    (39.09059417, -77.04761717)"
"MCP2552006P","230067682","Montgomery County Police","Injury Crash","11/21/2023 05:54:00 PM","Maryland (State)","FREDERICK RD","REDLAND RD",,"N/A","PEDESTRIAN","OTHER","RAINING","WET","DARK LIGHTS ON","N/A","N/A","N/A","0479C76F-25C9-4E28-89CE-ABE19CDA79A6","PEDESTRIAN","Cross/Enter not at Intersection","IN ROADWAY IMPROPERLY","ON ROADWAY NOT AT CROSSWALK","Yes","SUSPECTED MINOR INJURY","NONE","39.11462327","-77.16437638","    (39.11462327, -77.16437638)"
"EJ7885003T","230067666","Gaithersburg Police Depar","Injury Crash","11/21/2023 04:41:00 PM","Municipality","W DEER PARK RD","BRIGHTON DR",,"GAITHERSBURG","PEDESTRIAN","OTHER","RAINING","WET","DARK LIGHTS ON","NO CONTROLS","NONE DETECTED","NONE DETECTED","36CC16F8-73E6-4F68-9FB6-1E15E03FF6C3","PEDESTRIAN","Cross/Enter at Intersection","NO IMPROPER ACTIONS","ON ROADWAY AT CROSSWALK","No","POSSIBLE INJURY","NONE","39.130494","-77.20112133","    (39.130494, -77.20112133)"
"MCP2641003N","230067487","Montgomery County Police","Injury Crash","11/20/2023 06:05:00 PM","County","MONTGOMERY VILLAGE AVE","LAKE SHORE DR",,"N/A","PEDESTRIAN","OTHER","CLEAR","DRY","DARK LIGHTS ON","TRAFFIC SIGNAL","NONE DETECTED","NONE DETECTED","738B23EC-1063-42E7-9ABF-65C70F373FAE","PEDESTRIAN","Walking/Riding w/Traffic","NO IMPROPER ACTIONS","ON ROADWAY AT CROSSWALK","No","POSSIBLE INJURY","N/A","39.16146833","-77.201725","    (39.16146833, -77.201725)"
"DD56700009","230067477","Rockville Police Departme","Injury Crash","11/20/2023 05:03:00 PM","County","E GUDE DR","FREDERICK RD",,"N/A","PEDESTRIAN","OTHER","N/A","DRY","DARK LIGHTS ON","TRAFFIC SIGNAL","UNKNOWN","NONE DETECTED","8F58F043-5BD9-4B07-9A66-BBB933C139D7","PEDESTRIAN","Cross/Enter at Intersection","NOT VISIBLE","AT INTERSECTION MARKED CROSSWALK","Unknown","SUSPECTED MINOR INJURY","NONE","39.10663751","-77.15834574","    (39.10663751, -77.15834574)"
"MCP30100090","230067365","Montgomery County Police","Injury Crash","11/20/2023 09:50:00 AM","County","WOODGLEN DR","NICHOLSON LA",,"N/A","MACHINE OPERATOR/RIDER","STRAIGHT MOVEMENT ANGLE","CLOUDY","DRY","DAYLIGHT","NO CONTROLS","N/A","N/A","E8D3EF99-D18D-4F49-AF92-101B2017F1FA","MACHINE OPERATOR/RIDER","Cross/Enter at Intersection","NO IMPROPER ACTIONS","ON ROADWAY AT CROSSWALK","No","SUSPECTED MINOR INJURY","MC/BIKE HELMET","39.045225","-77.11219333","    (39.045225, -77.11219333)"
"DM8492001H","230067301","Takoma Park Police Depart","Injury Crash","11/19/2023 09:01:00 PM","Maryland (State)","ETHAN ALLEN AVE","JACKSON AVE",,"TAKOMA PARK","PEDESTRIAN","SINGLE VEHICLE","CLEAR","DRY","DARK LIGHTS ON","STOP SIGN","N/A","N/A","E03EE11B-0141-4D9D-B43B-195736441DD9","PEDESTRIAN","Cross/Enter at Intersection","N/A","ON ROADWAY AT CROSSWALK","No","POSSIBLE INJURY","NONE","38.97797936","-77.00163372","    (38.97797936, -77.00163372)"
"MCP3170003M","230067257","Montgomery County Police","Property Damage Crash","11/19/2023 03:47:00 PM","County","FATHER HURLEY BLVD","CRYSTAL ROCK DR",,"N/A","BICYCLIST","OTHER","CLEAR","DRY","DAYLIGHT","TRAFFIC SIGNAL","NONE DETECTED","NONE DETECTED","E8F3C4C3-4392-4A95-B9F9-F151F22F3432","BICYCLIST","Cross/Enter at Intersection","FAILURE TO OBEY TRAFFIC SIGNS SIGNALS OR OFFICER","ON ROADWAY AT CROSSWALK","Yes","NO APPARENT INJURY","MC/BIKE HELMET","39.19332667","-77.27050823","    (39.19332667, -77.27050823)"
"MCP2608005D","230067146","Montgomery County Police","Injury Crash","11/18/2023 07:14:00 PM","Maryland (State)","PINEY BRANCH RD","FLOWER AVE",,"N/A","PEDESTRIAN","OTHER","CLEAR","DRY","DARK LIGHTS ON","NO CONTROLS","NONE DETECTED","ALCOHOL PRESENT","99682F4C-29D2-4B70-8D9D-DEA679255D26","PEDESTRIAN","Cross/Enter not at Intersection","NO IMPROPER ACTIONS","ON ROADWAY NOT AT CROSSWALK","Yes","POSSIBLE INJURY","N/A","38.99802893","-77.00402656","    (38.99802893, -77.00402656)"
"MCP2760004H","230066932","Montgomery County Police","Injury Crash","11/17/2023 04:10:00 PM","County","MONTGOMERY VILLAGE AVE","CENTERWAY RD",,"N/A","PEDESTRIAN","OTHER","CLEAR","DRY","DUSK","NO CONTROLS","N/A","N/A","B7AD6816-0BA4-41B5-886A-0BBBE151CD88","PEDESTRIAN","Cross/Enter not at Intersection","DART DASH","ON ROADWAY NOT AT CROSSWALK","Yes","SUSPECTED MINOR INJURY","N/A","39.17238667","-77.20381167","    (39.17238667, -77.20381167)"
"MCP235800C3","230066890","Montgomery County Police","Injury Crash","11/17/2023 12:30:00 PM","Maryland (State)","OLD GEORGETOWN RD","CHESHIRE DR",,"N/A","PEDESTRIAN","OTHER","CLEAR","DRY","DAYLIGHT","NO CONTROLS","NONE DETECTED","NONE DETECTED","79870E0C-58C2-43D0-915E-85F52D58243E","PEDESTRIAN","Cross/Enter not at Intersection","IN ROADWAY IMPROPERLY","ON ROADWAY NOT AT CROSSWALK","Yes","SUSPECTED MINOR INJURY","N/A","39.02330696","-77.12405435","    (39.02330696, -77.12405435)"
"MCP33390031","230066843","Montgomery County Police","Injury Crash","11/17/2023 06:30:00 AM","County","ASPEN HILL RD","MARGOT DR",,"N/A","PEDESTRIAN","OTHER","CLEAR","DRY","DAWN","OTHER","NONE DETECTED","UNKNOWN","411B9192-6983-4089-ADA1-0E856EFFE3EC","PEDESTRIAN","Cross/Enter at Intersection","NO IMPROPER ACTIONS","ON ROADWAY AT CROSSWALK","No","SUSPECTED MINOR INJURY","NONE","39.07093817","-77.10181125","    (39.07093817, -77.10181125)"
"MCP2466004M","230066764","Montgomery County Police","Injury Crash","11/16/2023 06:05:00 PM","County","SETTLERS LANDING WAY","LAKE WINDS WAY",,"N/A","PEDESTRIAN","SINGLE VEHICLE","CLEAR","DRY","DARK LIGHTS ON","NO CONTROLS","NONE DETECTED","NONE DETECTED","7AEAC3AA-D60C-4E71-A650-4D7998C51AB5","PEDESTRIAN","Walking/Cycling on Sidewalk","UNKNOWN","AT INTERSECTION BUT NO CROSSWALK","Unknown","POSSIBLE INJURY","NONE","39.0906019","-77.22631213","    (39.0906019, -77.22631213)"
"MCP2641003M","230066732","Montgomery County Police","Injury Crash","11/16/2023 03:20:00 PM","Maryland (State)","GEORGIA AVE","GOLD MINE RD",,"N/A","BICYCLIST","HEAD ON LEFT TURN","CLEAR","DRY","DAYLIGHT","TRAFFIC SIGNAL","NONE DETECTED","NONE DETECTED","EDBA9767-FA15-44BB-B64E-7E329333CF09","BICYCLIST","Cross/Enter at Intersection","NO IMPROPER ACTIONS","ON ROADWAY NOT AT CROSSWALK","No","POSSIBLE INJURY","MC/BIKE HELMET","39.17206833","-77.05902167","    (39.17206833, -77.05902167)"
"MCP2965007T","230066664","Montgomery County Police","Property Damage Crash","11/16/2023 10:55:00 AM",,,,"18316 VILLAGE CENTER DR.",,"MACHINE OPERATOR/RIDER","SAME DIR REAR END","CLEAR",,"DAYLIGHT","NO CONTROLS","NONE DETECTED","NONE DETECTED","0A01F2D0-D817-4ED3-96F0-016D70775222","MACHINE OPERATOR/RIDER","Getting off/on Vehicle","ENTERING EXITING PARKED STANDING VEHICLE","OTHER","No","NO APPARENT INJURY","NONE","39.15458667","-77.06462833","    (39.15458667, -77.06462833)"
"MCP120500B0","230066626","Montgomery County Police","Injury Crash","11/16/2023 08:06:00 AM",,,,"PARKING LOT OF 4920 STRATHMORE AVE.
KENSINGTON, MD 20895",,"PEDESTRIAN","OTHER","CLEAR",,"DAYLIGHT","NO CONTROLS","NONE DETECTED","NONE DETECTED","0B9D153A-C4AD-4B36-89F1-0C16BDA72DA9","PEDESTRIAN","Other","NO IMPROPER ACTIONS","OTHER","No","SUSPECTED MINOR INJURY","N/A","39.031155","-77.10003167","    (39.031155, -77.10003167)"
"MCP3123006H","230066555","Montgomery County Police","Injury Crash","11/15/2023 06:28:00 PM",,,,"PARKING LOT OF 2120 RANDOLPH RD",,"MACHINE OPERATOR/RIDER","SINGLE VEHICLE","CLOUDY",,"DARK NO LIGHTS","N/A","N/A","N/A","4F4FCB62-D49D-48FF-9A00-71E5EF54CA1A","MACHINE OPERATOR/RIDER","Getting off/on Vehicle","NO IMPROPER ACTIONS","OTHER","No","SUSPECTED MINOR INJURY","N/A","39.05949333","-77.04632667","    (39.05949333, -77.04632667)"
"DD559500FC","230066545","Rockville Police Departme","Injury Crash","11/15/2023 05:42:00 PM","Maryland (State)","ROCKVILLE PIKE","HALPINE RD",,"ROCKVILLE","PEDESTRIAN","OTHER","CLEAR","DRY","DARK LIGHTS ON","TRAFFIC SIGNAL","NONE DETECTED","N/A","086CF1AB-8EC8-46F4-A094-A192971EBCE8","PEDESTRIAN","Cross/Enter at Intersection","NO IMPROPER ACTIONS","AT INTERSECTION MARKED CROSSWALK","No","SUSPECTED MINOR INJURY","NONE","39.06202133","-77.12405017","    (39.06202133, -77.12405017)"
"DM8505000S","230066541","Takoma Park Police Depart","Injury Crash","11/15/2023 05:27:00 PM","Maryland (State)","NEW HAMPSHIRE AVE","SLIGO CREEK PKWY",,"N/A","OTHER PEDALCYCLIST","SINGLE VEHICLE","CLEAR","DRY","DARK LIGHTS ON","TRAFFIC SIGNAL","N/A","N/A","AB855BEC-E538-4E4F-B87F-87FB32F6EC05","OTHER PEDALCYCLIST","Cross/Enter at Intersection","UNKNOWN","ON ROADWAY AT CROSSWALK","No","SUSPECTED MINOR INJURY","NONE","38.98051756","-76.9895641","    (38.98051756, -76.9895641)"
"DD5657001D","230066533","Rockville Police Departme","Injury Crash","11/15/2023 04:44:00 PM","Other Public Roadway","CORK TREE LA","ELMCROFT BLVD",,"N/A","PEDESTRIAN","OTHER","CLEAR","DRY","DUSK","STOP SIGN","UNKNOWN","NONE DETECTED","4AEDD740-ADC4-4016-8D26-3B472AB5FB92","PEDESTRIAN","Walking/Riding w/Traffic","INATTENTIVE","ON ROADWAY NOT AT CROSSWALK","Yes","SUSPECTED MINOR INJURY","NONE","39.1139464","-77.16635814","    (39.1139464, -77.16635814)"
"MCP289200FK","230066526","Montgomery County Police","Injury Crash","11/15/2023 04:05:00 PM","County","MANCHESTER RD","SCHUYLER RD",,"N/A","PEDESTRIAN","SINGLE VEHICLE","CLEAR","DRY","DAYLIGHT","NO CONTROLS","NONE DETECTED","NONE DETECTED","259C7011-C181-4718-B7F8-5CC2069603C6","PEDESTRIAN","Playing","OTHER","ON ROADWAY NOT AT CROSSWALK","Unknown","SUSPECTED MINOR INJURY","NONE","39.00338","-77.01125667","    (39.00338, -77.01125667)"
"DD5567001H","230066464","Rockville Police Departme","Property Damage Crash","11/15/2023 12:25:00 PM","Municipality","ANITA CT","FIRST ST",,"N/A","OTHER","SINGLE VEHICLE","CLEAR","DRY","DAYLIGHT","N/A","NONE DETECTED","NONE DETECTED","4503ED57-21C7-4A9A-8F1F-706044947121","OTHER","Other","OTHER","OTHER","Yes","NO APPARENT INJURY","REFLECTIVE CLOTHING","39.08364589","-77.13610201","    (39.08364589, -77.13610201)"
"DD56050083","230066468","Rockville Police Departme","Injury Crash","11/15/2023 12:00:00 PM","Maryland (State)","ROCKVILLE PIKE","WOOTTON PKWY",,"ROCKVILLE","PEDESTRIAN","OTHER","CLEAR","DRY","DAYLIGHT","TRAFFIC SIGNAL","UNKNOWN","N/A","64A125DC-D08A-4D0D-83B9-33AD1F41109C","PEDESTRIAN","Cross/Enter at Intersection","NO IMPROPER ACTIONS","ON ROADWAY AT CROSSWALK","No","POSSIBLE INJURY","N/A","39.07695037","-77.13949521","    (39.07695037, -77.13949521)"
"DD56050083","230066468","Rockville Police Departme","Injury Crash","11/15/2023 12:00:00 PM","Maryland (State)","ROCKVILLE PIKE","WOOTTON PKWY",,"ROCKVILLE","PEDESTRIAN","OTHER","CLEAR","DRY","DAYLIGHT","TRAFFIC SIGNAL","UNKNOWN","N/A","B11845F6-08D5-42D7-85D5-1C4A0926E9F5","PEDESTRIAN","Cross/Enter at Intersection","NO IMPROPER ACTIONS","ON ROADWAY AT CROSSWALK","No","POSSIBLE INJURY","N/A","39.07695037","-77.13949521","    (39.07695037, -77.13949521)"
"MCP3330001M","230066422","Montgomery County Police","Injury Crash","11/15/2023 08:23:00 AM","County","AMHERST AVE","ALLEY",,"N/A","BICYCLIST","SAME DIRECTION LEFT TURN","CLEAR","DRY","DAYLIGHT","NO CONTROLS","NONE DETECTED","NONE DETECTED","0B260352-7FFA-4A3D-AE40-71BDA24C4F14","BICYCLIST","Cross/Enter not at Intersection","NO IMPROPER ACTIONS","SIDEWALK","No","SUSPECTED SERIOUS INJURY","MC/BIKE HELMET","39.033292","-77.04715867","    (39.033292, -77.04715867)"
"MCP2347004G","230066410","Montgomery County Police","Injury Crash","11/15/2023 06:29:00 AM","Maryland (State)","SANDY SPRING RD","RIDING STABLE RD",,"N/A","BICYCLIST","STRAIGHT MOVEMENT ANGLE","CLEAR","DRY","DARK NO LIGHTS","STOP SIGN","NONE DETECTED","NONE DETECTED","C7DAF4E6-9ECB-46AA-8F7B-EA2A56327913","BICYCLIST","Walking/Riding w/Traffic","NO IMPROPER ACTIONS","IN BIKEWAY","No","SUSPECTED MINOR INJURY","NONE","39.10559616","-76.91067981","    (39.10559616, -76.91067981)"
"MCP1378016H","230066296","Montgomery County Police","Injury Crash","11/14/2023 02:58:00 PM","Maryland (State)","OLNEY LAYTONSVILLE RD","OLNEY LIBRARY",,"N/A","PEDESTRIAN","SINGLE VEHICLE","CLEAR","DRY","DAYLIGHT","NO CONTROLS","NONE DETECTED","NONE DETECTED","12B6A55C-00D5-4AEC-8265-D375AA23A0E7","PEDESTRIAN","Cross/Enter not at Intersection","IN ROADWAY IMPROPERLY","OUTSIDE RIGHT OF WAY","Yes","SUSPECTED MINOR INJURY","NONE","39.15419684","-77.06907114","    (39.15419684, -77.06907114)"
"MCP2052003G","230066205","Montgomery County Police","Injury Crash","11/14/2023 08:28:00 AM","Maryland (State)","FREDERICK RD","WATKINS MILL RD",,"GAITHERSBURG","PEDESTRIAN","SINGLE VEHICLE","CLEAR","DRY","DAYLIGHT","N/A","N/A","NONE DETECTED","51E26710-6162-44B1-AD58-4196B2282A02","PEDESTRIAN","Cross/Enter not at Intersection","IN ROADWAY IMPROPERLY","MEDIAN","Yes","POSSIBLE INJURY","N/A","39.15993144","-77.21981594","    (39.15993144, -77.21981594)"
"MCP2991008Y","230065911","Montgomery County Police","Injury Crash","11/12/2023 11:50:00 AM",,,,"SIDE WALK INFRONT OF 18200 GEORGIA AVE",,"BICYCLIST","STRAIGHT MOVEMENT ANGLE","CLEAR",,"DAYLIGHT","N/A","NONE DETECTED","NONE DETECTED","C778560A-AF0D-4798-94BA-AE573CB8E535","BICYCLIST","Other","NO IMPROPER ACTIONS","CURB","No","POSSIBLE INJURY","NONE","39.15517","-77.06697167","    (39.15517, -77.06697167)"
"MCP3165004Y","230065903","Montgomery County Police","Injury Crash","11/12/2023 10:45:00 AM",,,,"PARKING LOT OF 13817 OUTLET DR SILVER SPRING MD",,"PEDESTRIAN","OTHER","CLEAR",,"DAYLIGHT","N/A","NONE DETECTED","NONE DETECTED","B2D2F87F-13E6-4C8F-9AD7-F07F12CB6DA8","PEDESTRIAN","N/A","INATTENTIVE","OTHER","Unknown","POSSIBLE INJURY","NONE","39.08271605","-76.94528133","    (39.08271605, -76.94528133)"
"DD5660000M","230065841","Rockville Police Departme","Injury Crash","11/11/2023 09:54:00 PM","Maryland (State)","FREDERICK RD","KING FARM BLVD",,"ROCKVILLE","PEDESTRIAN","OTHER","N/A","DRY","DARK LIGHTS ON","TRAFFIC SIGNAL","NONE DETECTED","NONE DETECTED","2B6BC5C2-8860-49CE-8D14-98919674821D","PEDESTRIAN","Cross/Enter at Intersection","NO IMPROPER ACTIONS","ON ROADWAY AT CROSSWALK","No","SUSPECTED MINOR INJURY","NONE","39.11714547","-77.16896531","    (39.11714547, -77.16896531)"
"MCP3193004Y","230065833","Montgomery County Police","Injury Crash","11/11/2023 07:38:00 PM",,,,"PARKING LOT OF 11160 VEIRS MILL RD",,"PEDESTRIAN","OTHER","CLEAR",,"DARK LIGHTS ON","NO CONTROLS","UNKNOWN","NONE DETECTED","CFB34E8A-1756-412B-A9F7-1469D691F174","PEDESTRIAN","Cross/Enter at Intersection","NO IMPROPER ACTIONS","ON ROADWAY AT CROSSWALK","No","POSSIBLE INJURY","NONE","39.03507833","-77.05312667","    (39.03507833, -77.05312667)"
"MCP292300B5","230065919","Montgomery County Police","Injury Crash","11/11/2023 02:30:00 PM",,,,"EXIT OF PARKING LOT AT 2307 UNIVERSITY BLVD WEST",,"PEDESTRIAN","OTHER","N/A",,"DAYLIGHT","NO CONTROLS","UNKNOWN","NONE DETECTED","B079C02B-3CD7-4100-AC9F-BD6040DE5C24","PEDESTRIAN","Cross/Enter at Intersection","NO IMPROPER ACTIONS","DRIVEWAY ACCESS MARKED CROSSWALK","No","SUSPECTED MINOR INJURY","N/A","39.03434367","-77.04861933","    (39.03434367, -77.04861933)"
"MCP1595002F","230065714","Montgomery County Police","Injury Crash","11/11/2023 12:17:00 AM","Maryland (State)","UNIVERSITY BLVD W","REEDIE DR",,"N/A","PEDESTRIAN","OTHER","CLEAR","DRY","DARK LIGHTS ON","NO CONTROLS","NONE DETECTED","ALCOHOL CONTRIBUTED","C139969F-4293-43C3-9851-47EE5D039B3C","PEDESTRIAN","Cross/Enter not at Intersection","INATTENTIVE","ON ROADWAY NOT AT CROSSWALK","Yes","SUSPECTED SERIOUS INJURY","NONE","39.03973071","-77.04286618","    (39.03973071, -77.04286618)"
"EJ7888005C","230065681","Gaithersburg Police Depar","Injury Crash","11/10/2023 06:50:00 PM",,,,"PARKING LOT OF 9801 WASHINGTONIAN BLVD",,"PEDESTRIAN","OTHER","CLEAR",,"DARK LIGHTS ON","NO CONTROLS","UNKNOWN","NONE DETECTED","05D046C7-CC91-4AF0-811E-EB0F8C128355","PEDESTRIAN","Cross/Enter at Intersection","IN ROADWAY IMPROPERLY","SIDEWALK","Yes","SUSPECTED MINOR INJURY","NONE","39.11514581","-77.19761533","    (39.11514581, -77.19761533)"
"DD56640014","230065407","Rockville Police Departme","Injury Crash","11/09/2023 03:46:00 PM","Municipality","CHAPMAN AVE","TWINBROOK PKWY",,"ROCKVILLE","PEDESTRIAN","OTHER","CLOUDY","DRY","DAYLIGHT","TRAFFIC SIGNAL","NONE DETECTED","NONE DETECTED","C19B837C-981C-4D84-9A36-DF89F0270431","PEDESTRIAN","Cross/Enter at Intersection","NO IMPROPER ACTIONS","ON ROADWAY AT CROSSWALK","No","SUSPECTED MINOR INJURY","N/A","39.05874396","-77.11882028","    (39.05874396, -77.11882028)"
"DD56640012","230065308","Rockville Police Departme","Property Damage Crash","11/09/2023 09:57:00 AM","Maryland (State)","ROCKVILLE PIKE","HALPINE RD",,"ROCKVILLE","PEDESTRIAN","OTHER","CLEAR","DRY","DAYLIGHT","TRAFFIC SIGNAL","NONE DETECTED","NONE DETECTED","5725A13B-1C60-4444-B5F7-869AC5232C42","PEDESTRIAN","Cross/Enter at Intersection","N/A","ON ROADWAY AT CROSSWALK","No","NO APPARENT INJURY","N/A","39.06179301","-77.12373409","    (39.06179301, -77.12373409)"
"MCP3109008S","230065376","Montgomery County Police","Injury Crash","11/09/2023 06:29:00 AM","County","AVENEL RD","NORTHAMPTON DR",,"N/A","PEDESTRIAN","OTHER","CLEAR","DRY","DAWN","STOP SIGN","UNKNOWN","NONE DETECTED","3079BC78-190B-41E8-9A9E-C4C34EFBE067","PEDESTRIAN","Cross/Enter at Intersection","NO IMPROPER ACTIONS","ON ROADWAY AT CROSSWALK","No","SUSPECTED MINOR INJURY","NONE","39.00706072","-76.98051033","    (39.00706072, -76.98051033)"
"MCP28950034","230065235","Montgomery County Police","Injury Crash","11/08/2023 06:00:00 PM","County","RICHTER FARM RD","GERMANTOWN RD",,"N/A","PEDESTRIAN","OTHER","CLEAR","DRY","DARK LIGHTS ON","TRAFFIC SIGNAL","NONE DETECTED","NONE DETECTED","EA2F9AF9-D3A4-40DE-A1A0-575A5D151CB0","PEDESTRIAN","Cross/Enter at Intersection","NO IMPROPER ACTIONS","ON ROADWAY AT CROSSWALK","No","SUSPECTED MINOR INJURY","NONE","39.15420562","-77.28726558","    (39.15420562, -77.28726558)"
"MCP2962008G","230065146","Montgomery County Police","Property Damage Crash","11/08/2023 02:05:00 PM","County","FATHER HURLEY BLVD","CRYSTAL ROCK DR",,"N/A","BICYCLIST","OTHER","CLEAR","DRY","DAYLIGHT","TRAFFIC SIGNAL","NONE DETECTED","NONE DETECTED","F7E4DB06-2A8F-4F33-8266-9A051B325DF9","BICYCLIST","Cross/Enter at Intersection","NO IMPROPER ACTIONS","AT INTERSECTION MARKED CROSSWALK","No","NO APPARENT INJURY","NONE","39.19356016","-77.2699489","    (39.19356016, -77.2699489)"
"MCP2347004F","230065076","Montgomery County Police","Injury Crash","11/08/2023 09:38:00 AM","County","BERLEIGH HILL CT","CUL DE SAC",,"N/A","PEDESTRIAN","OTHER","CLEAR","DRY","DAYLIGHT","NO CONTROLS","NONE DETECTED","NONE DETECTED","8822219B-EE08-457C-AAA4-BC513C14D10F","PEDESTRIAN","Walking/Cycling on Sidewalk","NO IMPROPER ACTIONS","SIDEWALK","No","SUSPECTED MINOR INJURY","NONE","39.10068183","-76.933366","    (39.10068183, -76.933366)"
"MCP302600BX","230065061","Montgomery County Police","Injury Crash","11/08/2023 08:22:00 AM","County","BEECH AVE","SINGLETON DR",,"N/A","PEDESTRIAN","SINGLE VEHICLE","CLEAR","DRY","DAYLIGHT","STOP SIGN","NONE DETECTED","NONE DETECTED","94345AF9-B1C7-45FF-87D8-72EE9F8F645B","PEDESTRIAN","Cross/Enter at Intersection","NOT VISIBLE","ON ROADWAY NOT AT CROSSWALK","No","SUSPECTED MINOR INJURY","NONE","39.00973033","-77.11581167","    (39.00973033, -77.11581167)"
"MCP28460095","230065008","Montgomery County Police","Injury Crash","11/07/2023 06:30:00 PM","County","DAYTON ST","UNIVERSITY BLVD W",,"N/A","PEDESTRIAN","SINGLE VEHICLE","CLEAR","DRY","DARK -- UNKNOWN LIGHTING","NO CONTROLS","UNKNOWN","NONE DETECTED","5E5F7C03-8994-4A48-82B7-3346FAEFB196","PEDESTRIAN","Cross/Enter at Intersection","UNKNOWN","ON ROADWAY AT CROSSWALK","No","SUSPECTED SERIOUS INJURY","NONE","39.03869667","-77.04172576","    (39.03869667, -77.04172576)"
"MCP28460094","230064972","Montgomery County Police","Injury Crash","11/07/2023 06:10:00 PM","Maryland (State)","UNIVERSITY BLVD W","REEDIE DR",,"N/A","PEDESTRIAN","SINGLE VEHICLE","CLEAR","DRY","DARK NO LIGHTS","TRAFFIC SIGNAL","NONE DETECTED","NONE DETECTED","879F5EBA-AB62-4720-9920-925A1BA9B30B","PEDESTRIAN","Cross/Enter at Intersection","NO IMPROPER ACTIONS","ON ROADWAY AT CROSSWALK","No","SUSPECTED SERIOUS INJURY","NONE","39.03956833","-77.04312","    (39.03956833, -77.04312)"
"MCP2064000W","230065147","Montgomery County Police","Property Damage Crash","11/07/2023 03:30:00 PM",,,,"PARKING LOT OF 8434 HELGERMAN COURT, GAITHERSBURG, MD",,"OTHER","SINGLE VEHICLE","UNKNOWN",,"UNKNOWN","UNKNOWN","UNKNOWN","N/A","C3AE8E7F-C96F-4947-9842-0A9535BB6220","OTHER","Unknown","UNKNOWN","OTHER","Unknown","NO APPARENT INJURY","UNKNOWN","39.11341667","-77.23563167","    (39.11341667, -77.23563167)"
"EJ78870037","230062614","Gaithersburg Police Depar","Property Damage Crash","11/07/2023 07:20:00 AM","Municipality","FIRSTFIELD RD","BANK ST",,"GAITHERSBURG","PEDESTRIAN","OTHER","CLEAR","DRY","DAYLIGHT","NO CONTROLS","NONE DETECTED","NONE DETECTED","B2FF0EAC-8C17-46D8-BC2F-0FD6CB16E348","PEDESTRIAN","Walking/Cycling on Sidewalk","OTHER","SIDEWALK","No","NO APPARENT INJURY","NONE","39.14047212","-77.22466919","    (39.14047212, -77.22466919)"