"Report Number","Local Case Number","Agency Name","ACRS Report Type","Crash Date/Time","Route Type","Road Name","Cross-Street Name","Off-Road Description","Municipality","Related Non-Motorist","Collision Type","Weather","Surface Condition","Light","Traffic Control","Driver Substance Abuse","Non-Motorist Substance Abuse","Person ID","Pedestrian Type","Pedestrian Movement","Pedestrian Actions","Pedestrian Location","At Fault","Injury Severity","Safety Equipment","Latitude","Longitude","Location"
"MCP3279002T","230064771","Montgomery County Police","Injury Crash","11/06/2023 06:30:00 PM","County","AMHERST AVE","ELKIN ST",,"N/A","PEDESTRIAN","SINGLE VEHICLE","CLEAR","DRY","N/A","STOP SIGN","NONE DETECTED","NONE DETECTED","65C02C75-D526-4FEC-A7FE-9889E86B9C2A","PEDESTRIAN","Cross/Enter at Intersection","NO IMPROPER ACTIONS","AT INTERSECTION MARKED CROSSWALK","No","SUSPECTED SERIOUS INJURY","NONE","39.04494978","-77.04798769","    (39.04494978, -77.04798769)"
"MCP22910077","230064765","Montgomery County Police","Injury Crash","11/06/2023 05:32:00 PM","Maryland (State)","RIVER RD","NEWBRIDGE DR",,"N/A","PEDESTRIAN","OTHER","CLEAR","DRY","DARK NO LIGHTS","NO CONTROLS","NONE DETECTED","UNKNOWN","3E9F63A7-2685-4333-A2B3-2132E14DDB6A","PEDESTRIAN","Cross/Enter at Intersection","FAILURE TO YIELD RIGHT OF WAY","ON ROADWAY AT CROSSWALK","Yes","SUSPECTED SERIOUS INJURY","NONE","39.01013433","-77.19678367","    (39.01013433, -77.19678367)"
"MCP3289002S","230064542","Montgomery County Police","Property Damage Crash","11/05/2023 01:58:00 PM",,,,"PARKING LOT OG 1280 EAST WEST HIGHWAY",,"PEDESTRIAN","SINGLE VEHICLE","CLEAR",,"DAYLIGHT","NO CONTROLS","UNKNOWN","NONE DETECTED","865F5AEB-2F29-4364-8C33-0ED0CFD30BE1","PEDESTRIAN","Cross/Enter not at Intersection","NO IMPROPER ACTIONS","OTHER","No","NO APPARENT INJURY","NONE","38.99176207","-77.03202414","    (38.99176207, -77.03202414)"
"MCP2635008M","230064438","Montgomery County Police","Injury Crash","11/04/2023 07:21:00 PM","Maryland (State)","GERMANTOWN RD","MIDDLEBROOK RD",,"N/A","PEDESTRIAN","OTHER","CLEAR","DRY","DARK LIGHTS ON","TRAFFIC SIGNAL","UNKNOWN","UNKNOWN","07E8D7F1-8D4C-4AA7-98ED-3A04A8CEC16F","PEDESTRIAN","Cross/Enter at Intersection","UNKNOWN","ON ROADWAY AT CROSSWALK","Unknown","SUSPECTED SERIOUS INJURY","NONE","39.17880397","-77.26718663","    (39.17880397, -77.26718663)"
"MCP3190005G","230064525","Montgomery County Police","Injury Crash","11/04/2023 03:00:00 PM","Maryland (State)","GEORGIA AVE","ENT TO LOTTE PLAZA",,"N/A","PEDESTRIAN","OTHER","CLEAR","DRY","DAYLIGHT","UNKNOWN","UNKNOWN","UNKNOWN","C98094AD-66D9-44F7-9F51-AA526017C18F","PEDESTRIAN","Cross/Enter at Intersection","UNKNOWN","UNKNOWN","Unknown","SUSPECTED MINOR INJURY","UNKNOWN","39.08029934","-77.07441062","    (39.08029934, -77.07441062)"
"MCP3377000R","230064246","Montgomery County Police","Injury Crash","11/03/2023 05:15:00 PM","Maryland (State)","WISCONSIN AVE","BRADLEY LA",,"N/A","PEDESTRIAN","OPPOSITE DIRECTION SIDESWIPE","CLEAR","DRY","DAYLIGHT","TRAFFIC SIGNAL","N/A","N/A","642A987E-5EE2-49C0-BCC0-F9EFDC5EBC9C","PEDESTRIAN","Standing","NO IMPROPER ACTIONS","SIDEWALK","No","SUSPECTED MINOR INJURY","N/A","38.976962","-77.09091333","    (38.976962, -77.09091333)"
"EJ78880056","230064018","Gaithersburg Police Depar","Injury Crash","11/02/2023 04:25:00 PM",,,,"PARKING LOT OF 883 RUSSELL AVE",,"OTHER, PEDESTRIAN","OTHER","CLEAR",,"DAYLIGHT","NO CONTROLS","NONE DETECTED","NONE DETECTED","135F3282-2D12-4B8D-B43C-32BF7305874E","PEDESTRIAN","Other","NO IMPROPER ACTIONS","OTHER","No","POSSIBLE INJURY","NONE","39.15722808","-77.21204947","    (39.15722808, -77.21204947)"
"EJ78880056","230064018","Gaithersburg Police Depar","Injury Crash","11/02/2023 04:25:00 PM",,,,"PARKING LOT OF 883 RUSSELL AVE",,"OTHER, PEDESTRIAN","OTHER","CLEAR",,"DAYLIGHT","NO CONTROLS","NONE DETECTED","NONE DETECTED","51F4E634-0F26-4212-8DBC-D9300E6D9AC1","OTHER","Other","NO IMPROPER ACTIONS","OTHER","No","NO APPARENT INJURY","NONE","39.15722808","-77.21204947","    (39.15722808, -77.21204947)"
"EJ7781004N","230063890","Gaithersburg Police Depar","Injury Crash","11/02/2023 06:58:00 AM","Municipality","METROPOLITAN GROVE RD","CLOPPER RD",,"N/A","BICYCLIST","STRAIGHT MOVEMENT ANGLE","CLEAR","DRY","DARK -- UNKNOWN LIGHTING","TRAFFIC SIGNAL","NONE DETECTED","NONE DETECTED","035923D8-F891-4CA5-8838-37A7769F2D6E","BICYCLIST","Cross/Enter at Intersection","NO IMPROPER ACTIONS","ON ROADWAY AT CROSSWALK","No","POSSIBLE INJURY","NONE","39.14615537","-77.22819747","    (39.14615537, -77.22819747)"
"DD5660000L","230063862","Rockville Police Departme","Injury Crash","11/01/2023 08:50:00 PM","Municipality","BEALL AVE #2","GIBBS STREET",,"ROCKVILLE","PEDESTRIAN","OTHER","N/A","DRY","DARK LIGHTS ON","N/A","UNKNOWN","NONE DETECTED","7383EC04-8320-4795-B5E1-EF88FD2E6A78","PEDESTRIAN","Cross/Enter at Intersection","N/A","ON ROADWAY AT CROSSWALK","No","POSSIBLE INJURY","N/A","39.08675614","-77.15413806","    (39.08675614, -77.15413806)"
"DM8504001G","230063844","Takoma Park Police Depart","Injury Crash","11/01/2023 07:02:00 PM","Maryland (State)","NEW HAMPSHIRE AVE","KENTLAND AVE",,"TAKOMA PARK","PEDESTRIAN","SINGLE VEHICLE","CLEAR","DRY","DARK LIGHTS ON","NO CONTROLS","N/A","N/A","78ACA767-31A6-4940-A836-AF458E3037A4","PEDESTRIAN","Cross/Enter at Intersection","NO IMPROPER ACTIONS","ON ROADWAY AT CROSSWALK","No","SUSPECTED MINOR INJURY","NONE","38.97686288","-76.9923875","    (38.97686288, -76.9923875)"
"MCP2635008L","230063652","Montgomery County Police","Injury Crash","10/31/2023 05:49:00 PM","County","ASPEN HILL RD","ARCTIC AVE",,"N/A","PEDESTRIAN","OTHER","CLEAR","DRY","DAYLIGHT","TRAFFIC SIGNAL","N/A","N/A","6DE46D4A-93CA-4A37-9566-95F9FEBB2060","PEDESTRIAN","Cross/Enter at Intersection","NO IMPROPER ACTIONS","ON ROADWAY AT CROSSWALK","No","SUSPECTED MINOR INJURY","NONE","39.0712315","-77.09882583","    (39.0712315, -77.09882583)"
"MCP3263003X","230063645","Montgomery County Police","Property Damage Crash","10/31/2023 05:28:00 PM","County","ARLINGTON RD","BETHESDA AVE",,"N/A","BICYCLIST","OTHER","CLEAR","DRY","DAYLIGHT","TRAFFIC SIGNAL","UNKNOWN","NONE DETECTED","13C1402F-2E52-4CE6-9C39-62BE9D23D4FA","BICYCLIST","Other","NO IMPROPER ACTIONS","SHOULDER","No","NO APPARENT INJURY","NONE","38.98111189","-77.09848336","    (38.98111189, -77.09848336)"
"MCP3200009P","230063524","Montgomery County Police","Injury Crash","10/31/2023 07:51:00 AM","County","GREYSWOOD RD","INGLEMERE DR",,"N/A","PEDESTRIAN","OTHER","CLEAR","DRY","DAYLIGHT","NO CONTROLS","NONE DETECTED","NONE DETECTED","98B43272-8573-43A2-A567-B16D6AE27F84","PEDESTRIAN","Cross/Enter not at Intersection","DART DASH","OUTSIDE RIGHT OF WAY","Yes","SUSPECTED MINOR INJURY","NONE","39.01833783","-77.13647233","    (39.01833783, -77.13647233)"
"MCP3063004G","230063405","Montgomery County Police","Property Damage Crash","10/30/2023 01:51:00 PM","County","SECOND AVE","FENWICK LA",,"N/A","BICYCLIST","OTHER","CLEAR","DRY","DAYLIGHT","NO CONTROLS","NONE DETECTED","NONE DETECTED","5D7E26C2-9D16-4D55-A281-7E7FE2E72D34","BICYCLIST","Walking/Riding against Traffic","FAILURE TO YIELD RIGHT OF WAY","OTHER","Yes","NO APPARENT INJURY","NONE","38.9971265","-77.0334099","    (38.9971265, -77.0334099)"
"MCP2722004Z","230063091","Montgomery County Police","Injury Crash","10/28/2023 05:04:00 PM",,,,"PARKING LOT OF 2904 N LEISURE WORLD BLVD",,"PEDESTRIAN","SINGLE VEHICLE","CLEAR",,"DAYLIGHT","NO CONTROLS","NONE DETECTED","NONE DETECTED","502693D8-67C1-4A01-84C0-EAE77A72CCF3","PEDESTRIAN","Other","NO IMPROPER ACTIONS","OTHER","No","SUSPECTED MINOR INJURY","NONE","39.104894","-77.05995717","    (39.104894, -77.05995717)"
"MCP3080003W","230062906","Montgomery County Police","Injury Crash","10/27/2023 12:23:00 PM",,,,"PARKING LOT OF 18147 TOWN CENTER DR",,"PEDESTRIAN","OTHER","CLEAR",,"DAYLIGHT","NO CONTROLS","UNKNOWN","NONE DETECTED","B8478957-1B30-416E-9341-DF6750DA877F","PEDESTRIAN","Cross/Enter not at Intersection","UNKNOWN","ON ROADWAY AT CROSSWALK","No","POSSIBLE INJURY","NONE","39.16409283","-77.22851217","    (39.16409283, -77.22851217)"
"MCP2466004K","230062792","Montgomery County Police","Injury Crash","10/26/2023 09:14:00 PM","County","FREAS DR","QUELWAY RD",,"N/A","PEDESTRIAN","OTHER","CLEAR","DRY","DARK NO LIGHTS","N/A","UNKNOWN","NONE DETECTED","289952D9-6518-4226-BA73-107EC8D83F48","PEDESTRIAN","N/A","NO IMPROPER ACTIONS","CURB","No","POSSIBLE INJURY","N/A","39.09659722","-77.23313566","    (39.09659722, -77.23313566)"
"DD5663000B","230062740","Rockville Police Departme","Injury Crash","10/26/2023 04:41:00 PM","Municipality","WOOTTON PKWY","PASTURE BROOK WAY",,"ROCKVILLE","PEDESTRIAN","OTHER","CLEAR","DRY","DAYLIGHT","OTHER","NONE DETECTED","NONE DETECTED","BD52D853-08AF-4FBD-8B0C-F76C22D169CE","PEDESTRIAN","Cross/Enter at Intersection","NO IMPROPER ACTIONS","ON ROADWAY AT CROSSWALK","No","SUSPECTED SERIOUS INJURY","N/A","39.0680312","-77.1678512","    (39.0680312, -77.1678512)"
"MCP3263003V","230062734","Montgomery County Police","Injury Crash","10/26/2023 04:34:00 PM",,,,"PARKING LOT OF 7142 ARLINGTON RD",,"PEDESTRIAN","OTHER","CLEAR",,"DAYLIGHT","NO CONTROLS","NONE DETECTED","NONE DETECTED","D2975EFE-F3A7-45F7-B217-32F3FAF67565","PEDESTRIAN","Other","NO IMPROPER ACTIONS","OTHER","No","SUSPECTED MINOR INJURY","NONE","38.98181883","-77.09904767","    (38.98181883, -77.09904767)"
"MCP2586006S","230062730","Montgomery County Police","Injury Crash","10/26/2023 04:27:00 PM","Maryland (State)","GERMANTOWN RD","BOWMAN MILL RD",,"N/A","BICYCLIST","STRAIGHT MOVEMENT ANGLE","N/A","DRY","DAYLIGHT","TRAFFIC SIGNAL","NONE DETECTED","NONE DETECTED","171D2F85-7EE6-4006-87D8-373EF60BD2DB","BICYCLIST","Cross/Enter at Intersection","FAILURE TO YIELD RIGHT OF WAY","MIDBLOCK MARKED CROSSWALK","Yes","POSSIBLE INJURY","NONE","39.17524245","-77.27203661","    (39.17524245, -77.27203661)"
"MCP235800BX","230062660","Montgomery County Police","Injury Crash","10/26/2023 10:59:00 AM","County","SEVEN LOCKS RD","MACARTHUR BLVD",,"N/A","PEDESTRIAN","OTHER","CLEAR","DRY","DAYLIGHT","STOP SIGN","NONE DETECTED","NONE DETECTED","9704BCBF-5EB8-415F-B318-AE696698D9FC","PEDESTRIAN","Cross/Enter at Intersection","UNKNOWN","ON ROADWAY AT CROSSWALK","Unknown","SUSPECTED SERIOUS INJURY","NONE","38.97446","-77.1616","    (38.97446, -77.1616)"
"DD5658001D","230062625","Rockville Police Departme","Property Damage Crash","10/26/2023 08:58:00 AM",,"HALPINE ROAD","ROCKVILLE PIKE",,"N/A","PEDESTRIAN","OTHER","CLEAR","DRY","DAYLIGHT","N/A","N/A","N/A","7EC841E4-A096-4D6C-BEDC-81F86E0D8339","PEDESTRIAN","Cross/Enter at Intersection","UNKNOWN","ON ROADWAY AT CROSSWALK","Unknown","NO APPARENT INJURY","N/A","39.0620035","-77.12353017","    (39.0620035, -77.12353017)"
"MCP29680055","230062617","Montgomery County Police","Property Damage Crash","10/26/2023 08:02:00 AM","County","VICTORY LA","POSTOAK RD",,"N/A","BICYCLIST","SINGLE VEHICLE","CLEAR","DRY","DAYLIGHT","STOP SIGN","N/A","N/A","512EDE6B-371D-4EE7-8C8E-8B09D5270FCF","BICYCLIST","Cross/Enter at Intersection","OTHER","ON ROADWAY AT CROSSWALK","Yes","NO APPARENT INJURY","MC/BIKE HELMET","39.05007333","-77.17782333","    (39.05007333, -77.17782333)"
"MCP3350001Q","230062613","Montgomery County Police","Injury Crash","10/26/2023 07:20:00 AM",,"GROSVENOR PL","GROSVENOR LN",,"N/A","PEDESTRIAN","SINGLE VEHICLE","CLEAR","DRY","DUSK","NO CONTROLS","NONE DETECTED","NONE DETECTED","5AE3FE1D-931A-49F8-A216-4E5CEDFBB242","PEDESTRIAN","Cross/Enter at Intersection","NO IMPROPER ACTIONS","AT INTERSECTION MARKED CROSSWALK","No","SUSPECTED MINOR INJURY","N/A","39.02299667","-77.10580833","    (39.02299667, -77.10580833)"
"MCP235800BW","230062610","Montgomery County Police","Injury Crash","10/26/2023 06:30:00 AM","County","MACARTHUR BLVD","SANGAMORE RD",,"N/A","BICYCLIST","STRAIGHT MOVEMENT ANGLE","CLEAR","DRY","DARK LIGHTS ON","TRAFFIC SIGNAL","NONE DETECTED","NONE DETECTED","A6176535-1334-4E7E-8C0C-9E88273A0D24","BICYCLIST","Walking/Riding w/Traffic","NO IMPROPER ACTIONS","OTHER","No","POSSIBLE INJURY","MC/BIKE HELMET","38.96858","-77.13904","    (38.96858, -77.13904)"
"HA2497000C","230062265","Maryland-National Capital","Injury Crash","10/25/2023 07:00:00 AM","County","KEATING ST","JUSTICE RD",,"N/A","PEDESTRIAN","SINGLE VEHICLE","CLEAR","DRY","DAWN","STOP SIGN","N/A","N/A","C56089C3-432C-494F-AFA4-0761FCE3C497","PEDESTRIAN","Unknown","UNKNOWN","ON ROADWAY AT CROSSWALK","No","SUSPECTED MINOR INJURY","NONE","39.07669637","-77.08936362","    (39.07669637, -77.08936362)"
"MCP2622003W","230062419","Montgomery County Police","Injury Crash","10/25/2023 06:09:00 AM","County","CASTLE BLVD","TEAGARDEN CIR",,"N/A","PEDESTRIAN","OTHER","CLEAR","DRY","DARK LIGHTS ON","NO CONTROLS","N/A","N/A","077A792E-35C9-400A-9ACC-A37AF3AA0A5C","PEDESTRIAN","Cross/Enter not at Intersection","FAILURE TO YIELD RIGHT OF WAY","AT INTERSECTION BUT NO CROSSWALK","Yes","POSSIBLE INJURY","NONE","39.08555076","-76.94044895","    (39.08555076, -76.94044895)"
"MCP3227004Z","230062386","Montgomery County Police","Injury Crash","10/24/2023 08:27:00 PM","Maryland (State)","UNIVERSITY BLVD E","LANGLEY DR",,"N/A","PEDESTRIAN","SINGLE VEHICLE","CLEAR","DRY","DARK LIGHTS ON","NO CONTROLS","NONE DETECTED","ALCOHOL PRESENT","C8D51F0E-0F45-49FB-B1B3-FC483E25BC90","PEDESTRIAN","Cross/Enter not at Intersection","DART DASH","ON ROADWAY NOT AT CROSSWALK","Yes","SUSPECTED MINOR INJURY","NONE","39.00154727","-76.99552645","    (39.00154727, -76.99552645)"
"DD55670015","230062313","Rockville Police Departme","Injury Crash","10/24/2023 01:34:00 PM",,,,"PARKING LOT OF 45 W GUDE DR",,"PEDESTRIAN","SINGLE VEHICLE","CLEAR",,"DAYLIGHT","N/A","NONE DETECTED","NONE DETECTED","C2B1224B-6C17-4367-9B7E-CAB438695372","PEDESTRIAN","Other","OTHER","OTHER","No","SUSPECTED MINOR INJURY","NONE","39.10780605","-77.16144929","    (39.10780605, -77.16144929)"
"MCP3228005F","230062197","Montgomery County Police","Injury Crash","10/23/2023 06:59:00 PM",,,,"PARKING LOT OF 833 WAYNE AVE, SILVER SPRING, MARYLAND 20910",,"PEDESTRIAN","OTHER","CLEAR",,"DARK LIGHTS ON","NO CONTROLS","NONE DETECTED","NONE DETECTED","88B28BBC-3658-4517-9BC8-7D7059DD8E22","PEDESTRIAN","Standing","NO IMPROPER ACTIONS","OTHER","No","SUSPECTED MINOR INJURY","NONE","38.99646417","-77.023829","    (38.99646417, -77.023829)"
"EJ7873008B","230062171","Gaithersburg Police Depar","Injury Crash","10/23/2023 04:47:00 PM","Maryland (State)","FREDERICK RD","ODENDHAL AVE",,"GAITHERSBURG","BICYCLIST","SINGLE VEHICLE","CLEAR","DRY","DAYLIGHT","NO CONTROLS","NONE DETECTED","NONE DETECTED","4F5A51B9-3524-40BA-9A4E-AA3443EA0AED","BICYCLIST","Walking/Cycling on Sidewalk","NO IMPROPER ACTIONS","SIDEWALK","No","POSSIBLE INJURY","MC/BIKE HELMET","39.14766339","-77.20591178","    (39.14766339, -77.20591178)"
"MCP2608005C","230062012","Montgomery County Police","Injury Crash","10/22/2023 08:00:00 PM","Maryland (State)","FLOWER AVE","HUDSON AVE",,"TAKOMA PARK","PEDESTRIAN","STRAIGHT MOVEMENT ANGLE","CLEAR","DRY","DARK LIGHTS ON","STOP SIGN","NONE DETECTED, UNKNOWN","N/A","1AC13F52-9161-49B2-A7A2-7D68A290C504","PEDESTRIAN","Cross/Enter at Intersection","NO IMPROPER ACTIONS","AT INTERSECTION MARKED CROSSWALK","No","SUSPECTED MINOR INJURY","N/A","38.99261785","-77.00217458","    (38.99261785, -77.00217458)"
"MCP30750041","230061896","Montgomery County Police","Injury Crash","10/21/2023 10:34:00 PM",,,,"PARKING LOT OF 22201 FULMER AVE",,"OTHER","SINGLE VEHICLE","CLEAR",,"DARK NO LIGHTS","N/A",,"NONE DETECTED","741BDE7D-D991-4C8D-9909-A400AD8C6B8C","OTHER","Other","OTHER","OTHER","Yes","SUSPECTED MINOR INJURY","N/A","39.21931","-77.287255","    (39.21931, -77.287255)"
"MCP2339008W","230061667","Montgomery County Police","Property Damage Crash","10/20/2023 04:03:00 PM",,,,"5700 BOU AVE PARKING LOT",,"OTHER","HEAD ON","RAINING",,"DAYLIGHT","NO CONTROLS","UNKNOWN","NONE DETECTED","2D4F1A2C-E48C-4459-98BF-3F6058A1C647","OTHER","N/A","NO IMPROPER ACTIONS","N/A","No","NO APPARENT INJURY","N/A","39.05587317","-77.114007","    (39.05587317, -77.114007)"
"MCP289100CQ","230061569","Montgomery County Police","Injury Crash","10/20/2023 08:50:00 AM","Government","SLIGO CREEK PKWY","COLESVILLE RD",,"N/A","BICYCLIST","SAME DIR REAR END","CLEAR","DRY","DAYLIGHT","TRAFFIC SIGNAL","UNKNOWN","NONE DETECTED","34672C23-2EFE-4522-B46B-2E6E10882C02","BICYCLIST","Walking/Riding w/Traffic","NO IMPROPER ACTIONS","ON ROADWAY NOT AT CROSSWALK","No","SUSPECTED MINOR INJURY","NONE","39.0077673","-77.02027263","    (39.0077673, -77.02027263)"
"MCP3127002Q","230061478","Montgomery County Police","Injury Crash","10/19/2023 03:54:00 PM","Maryland (State)","EAST WEST HWY","GRUBB RD",,"N/A","PEDESTRIAN","OTHER","CLEAR","DRY","DAYLIGHT","TRAFFIC SIGNAL","NONE DETECTED","NONE DETECTED","A10B41CC-0479-4A64-8EFB-69211F13AE07","PEDESTRIAN","Cross/Enter at Intersection","DART DASH","ON ROADWAY AT CROSSWALK","Yes","SUSPECTED MINOR INJURY","NONE","38.99385617","-77.0514365","    (38.99385617, -77.0514365)"
"MCP3156002P","230061367","Montgomery County Police","Injury Crash","10/19/2023 08:05:00 AM",,,,"PARKING LOT AT 632 UNIVERSITY BLVD E",,"PEDESTRIAN","N/A","CLEAR",,"DAYLIGHT","N/A","NONE DETECTED","NONE DETECTED","387443AF-C1B3-4C52-9BB5-639D2BF64349","PEDESTRIAN","Other","NOT VISIBLE","OTHER","No","SUSPECTED SERIOUS INJURY","N/A","39.00036667","-76.99516","    (39.00036667, -76.99516)"
"MCP29050062","230061217","Montgomery County Police","Injury Crash","10/18/2023 10:31:00 AM","County","MACARTHUR BLVD","WALHONDING RD",,"N/A","BICYCLIST","SAME DIRECTION SIDESWIPE","CLEAR","DRY","DAYLIGHT","NO CONTROLS","N/A","N/A","487695FD-C37E-4E9E-B644-21A49482E3ED","BICYCLIST","Walking/Riding w/Traffic","N/A","ON ROADWAY NOT AT CROSSWALK","Unknown","SUSPECTED MINOR INJURY","MC/BIKE HELMET","38.95374833","-77.12781667","    (38.95374833, -77.12781667)"
"EJ78880055","230061130","Gaithersburg Police Depar","Injury Crash","10/17/2023 06:45:00 PM","Municipality","MAIN ST","KENTLANDS BLVD",,"GAITHERSBURG","PEDESTRIAN","OTHER","CLEAR","DRY","DARK LIGHTS ON","YIELD SIGN","NONE DETECTED","NONE DETECTED","782AE1B2-90BA-4916-B457-463A8761CF58","PEDESTRIAN","Cross/Enter at Intersection","IN ROADWAY IMPROPERLY","ON ROADWAY NOT AT CROSSWALK","No","POSSIBLE INJURY","NONE","39.12315263","-77.2385025","    (39.12315263, -77.2385025)"
"MCP3372001M","230061088","Montgomery County Police","Injury Crash","10/17/2023 03:21:00 PM","County","VEIRS MILL RD","GAYNOR RD",,"N/A","PEDESTRIAN","N/A","CLEAR","DRY","DAYLIGHT","WARNING SIGN","NONE DETECTED","NONE DETECTED","9A0AC4C4-B095-4526-A74E-B1DD159B1562","PEDESTRIAN","Cross/Enter at Intersection","N/A","ON ROADWAY AT CROSSWALK","No","SUSPECTED MINOR INJURY","N/A","39.06165063","-77.09202394","    (39.06165063, -77.09202394)"
"MCP3372001M","230061088","Montgomery County Police","Injury Crash","10/17/2023 03:21:00 PM","County","VEIRS MILL RD","GAYNOR RD",,"N/A","PEDESTRIAN","N/A","CLEAR","DRY","DAYLIGHT","WARNING SIGN","NONE DETECTED","NONE DETECTED","E98913D3-AF4B-4341-BB26-3E83AA17C5D7","PEDESTRIAN","Cross/Enter at Intersection","N/A","ON ROADWAY AT CROSSWALK","No","SUSPECTED SERIOUS INJURY","N/A","39.06165063","-77.09202394","    (39.06165063, -77.09202394)"
"MCP2678004H","230060993","Montgomery County Police","Injury Crash","10/17/2023 07:47:00 AM","Maryland (State)","UNIVERSITY BLVD W","CADDINGTON AVE",,"N/A","PEDESTRIAN","STRAIGHT MOVEMENT ANGLE","CLEAR","DRY","DAYLIGHT","TRAFFIC SIGNAL","NONE DETECTED","NONE DETECTED","4E4091C9-A471-4FC7-8ADA-5107F810A57F","PEDESTRIAN","Cross/Enter not at Intersection","DART DASH","ON ROADWAY NOT AT CROSSWALK","Yes","SUSPECTED MINOR INJURY","NONE","39.03368227","-77.02376056","    (39.03368227, -77.02376056)"
"MCP3279002Q","230060930","Montgomery County Police","Injury Crash","10/16/2023 07:02:00 PM","Maryland (State)","GEORGIA AVE","ARCOLA AVE",,"N/A","PEDESTRIAN","SINGLE VEHICLE","CLEAR","N/A","DARK LIGHTS ON","TRAFFIC SIGNAL","NONE DETECTED","NONE DETECTED","1A1174BC-49DA-4B11-9DFB-668C0BC51E9A","PEDESTRIAN","Cross/Enter at Intersection","NO IMPROPER ACTIONS","ON ROADWAY AT CROSSWALK","No","SUSPECTED SERIOUS INJURY","NONE","39.04720007","-77.05195309","    (39.04720007, -77.05195309)"
"MCP2844006Z","230060788","Montgomery County Police","Injury Crash","10/16/2023 08:04:00 AM","Maryland (State)","CONNECTICUT AVE","WELLER RD",,"N/A","PEDESTRIAN","OTHER","CLEAR","DRY","DAYLIGHT","TRAFFIC SIGNAL","UNKNOWN","NONE DETECTED","6F7D7DCD-A4D0-44D5-BC43-70FFB70DDE8B","PEDESTRIAN","Walking to/from school","NO IMPROPER ACTIONS","ON ROADWAY AT CROSSWALK","No","POSSIBLE INJURY","NONE","39.06327274","-77.07347936","    (39.06327274, -77.07347936)"
"MCP30850046","230060572","Montgomery County Police","Injury Crash","10/14/2023 09:09:00 PM","County","CORDELL AVE","WISCONSIN AVE",,"N/A","PEDESTRIAN","OTHER","RAINING","WET","DARK LIGHTS ON","TRAFFIC SIGNAL","NONE DETECTED","NONE DETECTED","78A5D670-9115-42D1-AF3D-0246F3745445","PEDESTRIAN","Cross/Enter at Intersection","NO IMPROPER ACTIONS","ON ROADWAY AT CROSSWALK","No","POSSIBLE INJURY","NONE","38.99114833","-77.09603667","    (38.99114833, -77.09603667)"
"MCP3039006J","230060573","Montgomery County Police","Injury Crash","10/14/2023 09:07:00 PM","County","FENTON ST","COLESVILLE RD",,"N/A","PEDESTRIAN","OTHER","RAINING","WET","DARK LIGHTS ON","TRAFFIC SIGNAL","NONE DETECTED","NONE DETECTED","9F3779AA-26E9-432C-9F72-AB3AA5DB82BB","PEDESTRIAN","Cross/Enter at Intersection","NO IMPROPER ACTIONS","AT INTERSECTION MARKED CROSSWALK","No","SUSPECTED MINOR INJURY","N/A","38.99750567","-77.02716417","    (38.99750567, -77.02716417)"
"MCP3038006J","230060111","Montgomery County Police","Injury Crash","10/12/2023 03:46:00 PM","County","ELLSWORTH DR","FENTON ST",,"N/A","BICYCLIST","OTHER","CLEAR","DRY","DAYLIGHT","NO CONTROLS","NONE DETECTED","NONE DETECTED","F16F1CD9-5E3C-4B9A-91CE-5B791FB524CA","BICYCLIST","Walking/Riding w/Traffic","NO IMPROPER ACTIONS","ON ROADWAY NOT AT CROSSWALK","No","SUSPECTED MINOR INJURY","MC/BIKE HELMET","38.99732156","-77.02495353","    (38.99732156, -77.02495353)"
"DD56660005","230060071","Rockville Police Departme","Property Damage Crash","10/12/2023 01:28:00 PM","Other Public Roadway","IVY LEAGUE LA","HUNGERFORD DR",,"N/A","BICYCLIST","SINGLE VEHICLE","CLEAR","DRY","DAYLIGHT","STOP SIGN","NONE DETECTED","NONE DETECTED","310258F4-C988-40C8-AECF-2D25114122CA","BICYCLIST","Cross/Enter at Intersection","DART DASH","ON ROADWAY AT CROSSWALK","Yes","NO APPARENT INJURY","NONE","39.09504651","-77.15341682","    (39.09504651, -77.15341682)"
"MCP3259003L","230059922","Montgomery County Police","Injury Crash","10/11/2023 05:21:00 PM","County","BLACKWELL RD","SHADY GROVE RD",,"N/A","BICYCLIST","OTHER","CLEAR","DRY","DAYLIGHT","TRAFFIC SIGNAL","NONE DETECTED","NONE DETECTED","0015A742-EDC7-403C-98F8-B4718C2C6819","BICYCLIST","Cross/Enter at Intersection","NO IMPROPER ACTIONS","ON ROADWAY AT CROSSWALK","No","POSSIBLE INJURY","UNKNOWN","39.1009517","-77.1915665","    (39.1009517, -77.1915665)"
"MCP2187001Q","230059860","Montgomery County Police","Injury Crash","10/11/2023 01:10:00 PM","Municipality","ONEILL DR","FREDERICK RD",,"N/A","OTHER CONVEYANCE","OTHER","CLEAR","DRY","DAYLIGHT","NO CONTROLS","NONE DETECTED","NONE DETECTED","D915A843-9EEE-432C-A7C6-A33498254349","OTHER CONVEYANCE","Cross/Enter at Intersection","NO IMPROPER ACTIONS","ON ROADWAY AT CROSSWALK","Yes","SUSPECTED MINOR INJURY","MC/BIKE HELMET","39.13075","-77.19038","    (39.13075, -77.19038)"
"MCP3123006D","230059800","Montgomery County Police","Injury Crash","10/11/2023 08:17:00 AM","County","SOMERVILLE DR","PARAMOUNT DR",,"N/A","PEDESTRIAN","OTHER","CLEAR","DRY","DAYLIGHT","TRAFFIC SIGNAL","N/A","N/A","2E54CC1D-509D-4172-A0BF-FB1B68E129F0","PEDESTRIAN","Cross/Enter at Intersection","NO IMPROPER ACTIONS","AT INTERSECTION MARKED CROSSWALK","No","POSSIBLE INJURY","N/A","39.11719093","-77.16484325","    (39.11719093, -77.16484325)"
"DD56660004","230059854","Rockville Police Departme","Injury Crash","10/11/2023 05:30:00 AM","Municipality","N HORNERS LA","SOUTHLAWN LA",,"ROCKVILLE","PEDESTRIAN","SINGLE VEHICLE","UNKNOWN","DRY","DARK -- UNKNOWN LIGHTING","STOP SIGN","NONE DETECTED","NONE DETECTED","C79DEB15-DE35-4554-BD7C-8043A6E200CB","PEDESTRIAN","Cross/Enter at Intersection","NO IMPROPER ACTIONS","ON ROADWAY NOT AT CROSSWALK","Unknown","SUSPECTED MINOR INJURY","UNKNOWN","39.0933474","-77.14324268","    (39.0933474, -77.14324268)"