"Report Number","Local Case Number","Agency Name","ACRS Report Type","Crash Date/Time","Route Type","Road Name","Cross-Street Name","Off-Road Description","Municipality","Related Non-Motorist","Collision Type","Weather","Surface Condition","Light","Traffic Control","Driver Substance Abuse","Non-Motorist Substance Abuse","Person ID","Pedestrian Type","Pedestrian Movement","Pedestrian Actions","Pedestrian Location","At Fault","Injury Severity","Safety Equipment","Latitude","Longitude","Location"
"MCP271700Y2","230059730","Montgomery County Police","Injury Crash","10/10/2023 07:15:00 PM","Maryland (State)","GEORGIA AVE","COLESVILLE RD",,"N/A","OTHER PEDALCYCLIST","OTHER","CLEAR","DRY","DARK LIGHTS ON","TRAFFIC SIGNAL","NONE DETECTED","UNKNOWN","D03CED89-84B6-462A-81DC-742F18F68294","OTHER PEDALCYCLIST","Cross/Enter at Intersection","UNKNOWN","ON ROADWAY AT CROSSWALK","Unknown","POSSIBLE INJURY","UNKNOWN","38.99628167","-77.02824333","    (38.99628167, -77.02824333)"
"MCP3259003K","230059706","Montgomery County Police","Injury Crash","10/10/2023 05:07:00 PM","County","POSTOAK RD","VICTORY LA",,"N/A","PEDESTRIAN","OTHER","CLEAR","DRY","DAYLIGHT","NO CONTROLS","NONE DETECTED","NONE DETECTED","D2EC7618-4815-4766-8B62-AC6D16E2C11A","PEDESTRIAN","Cross/Enter at Intersection","NO IMPROPER ACTIONS","AT INTERSECTION MARKED CROSSWALK","No","SUSPECTED MINOR INJURY","NONE","39.0500744","-77.178077","    (39.0500744, -77.178077)"
"MCP28460090","230059699","Montgomery County Police","Injury Crash","10/10/2023 04:45:00 PM","Maryland (State)","UNIVERSITY BLVD W","FERN ST",,"N/A","PEDESTRIAN","SINGLE VEHICLE","CLEAR","DRY","DAYLIGHT","NO CONTROLS","NONE DETECTED","NONE DETECTED","FA8E27D5-045A-483C-BE25-E160D6F6B56C","PEDESTRIAN","Other","DART DASH","ON ROADWAY NOT AT CROSSWALK","Yes","SUSPECTED MINOR INJURY","NONE","39.04165286","-77.04984895","    (39.04165286, -77.04984895)"
"MCP3259003J","230059680","Montgomery County Police","Injury Crash","10/10/2023 03:11:00 PM","County","TUCKERMAN LA","DURYEA DR",,"N/A","PEDESTRIAN","OTHER","CLEAR","DRY","DAYLIGHT","SCHOOL ZONE SIGN DEVICE","NONE DETECTED","NONE DETECTED","8CCA1859-C6B7-4231-913E-138137D6EE4E","PEDESTRIAN","Cross/Enter at Intersection","NO IMPROPER ACTIONS","AT INTERSECTION MARKED CROSSWALK","No","SUSPECTED MINOR INJURY","NONE","39.0438421","-77.1794784","    (39.0438421, -77.1794784)"
"MCP31450045","230059537","Montgomery County Police","Injury Crash","10/09/2023 07:30:00 PM","Maryland (State)","UNIVERSITY BLVD W","BRUNETT AVE",,"N/A","OTHER PEDALCYCLIST","SINGLE VEHICLE","CLEAR","DRY","DARK NO LIGHTS","NO CONTROLS","NONE DETECTED","NONE DETECTED","0EC48BED-082B-4A00-A89B-BCF4B4AB600B","OTHER PEDALCYCLIST","Cross/Enter at Intersection","NO IMPROPER ACTIONS","ON ROADWAY AT CROSSWALK","No","SUSPECTED MINOR INJURY","N/A","39.02294531","-77.0167265","    (39.02294531, -77.0167265)"
"DD5604004M","230059469","Rockville Police Departme","Injury Crash","10/09/2023 02:18:00 PM","Maryland (State)","ROCKVILLE PIKE","WOOTTON PKWY",,"ROCKVILLE","PEDESTRIAN","OTHER","CLEAR","DRY","DAYLIGHT","NO CONTROLS","NONE DETECTED","NONE DETECTED","9CDBEF3D-523A-477F-A66A-E400656AB7B6","PEDESTRIAN","Walking/Cycling on Sidewalk","NO IMPROPER ACTIONS","DRIVEWAY ACCESS MARKED CROSSWALK","No","POSSIBLE INJURY","NONE","39.07618533","-77.13832067","    (39.07618533, -77.13832067)"
"MCP1213008G","230059367","Montgomery County Police","Injury Crash","10/08/2023 08:55:00 PM",,,,"PARKING LOT OF 12345 GEORGIA AVE",,"PEDESTRIAN","SINGLE VEHICLE","CLEAR",,"DARK LIGHTS ON","NO CONTROLS","UNKNOWN","NONE DETECTED","761BFB5E-2BE3-4297-A717-6D523455598D","PEDESTRIAN","Standing","OTHER","OTHER","Yes","SUSPECTED MINOR INJURY","NONE","39.06087652","-77.05072432","    (39.06087652, -77.05072432)"
"MCP23940053","230059682","Montgomery County Police","Injury Crash","10/08/2023 06:56:00 PM","Maryland (State)","16TH ST","EAST WEST HWY",,"N/A","MACHINE OPERATOR/RIDER","OTHER","CLEAR","DRY","DUSK","TRAFFIC SIGNAL","NONE DETECTED","NONE DETECTED","D18D97EC-49CD-477A-A156-D2BD820B3863","MACHINE OPERATOR/RIDER","Cross/Enter at Intersection","UNKNOWN","AT INTERSECTION MARKED CROSSWALK","Yes","POSSIBLE INJURY","N/A","38.99440782","-77.03630577","    (38.99440782, -77.03630577)"
"MCP3290002L","230059290","Montgomery County Police","Property Damage Crash","10/08/2023 01:17:00 PM","County","DALE DR","COLESVILLE RD",,"N/A","BICYCLIST","OTHER","CLEAR","DRY","DAYLIGHT","TRAFFIC SIGNAL","NONE DETECTED","NONE DETECTED","70343764-E80E-4F73-AFA5-707295697164","BICYCLIST","Cross/Enter at Intersection","NO IMPROPER ACTIONS","ON ROADWAY AT CROSSWALK","No","NO APPARENT INJURY","MC/BIKE HELMET","39.00527984","-77.02282108","    (39.00527984, -77.02282108)"
"MCP30580052","230059208","Montgomery County Police","Injury Crash","10/07/2023 11:26:00 PM","County","SHADY GROVE RD","GAITHER RD",,"N/A","PEDESTRIAN","OTHER","CLEAR","DRY","DARK LIGHTS ON","TRAFFIC SIGNAL","NONE DETECTED","ALCOHOL PRESENT","F777440F-A680-423E-9455-C94F6EB7685F","PEDESTRIAN","Cross/Enter at Intersection","INATTENTIVE","ON ROADWAY AT CROSSWALK","Unknown","NO APPARENT INJURY","NONE","39.117575","-77.183435","    (39.117575, -77.183435)"
"MCP30580052","230059208","Montgomery County Police","Injury Crash","10/07/2023 11:26:00 PM","County","SHADY GROVE RD","GAITHER RD",,"N/A","PEDESTRIAN","OTHER","CLEAR","DRY","DARK LIGHTS ON","TRAFFIC SIGNAL","NONE DETECTED","ALCOHOL CONTRIBUTED","2612EDDC-05FA-4263-939D-43F946405906","PEDESTRIAN","Cross/Enter at Intersection","INATTENTIVE","ON ROADWAY AT CROSSWALK","Unknown","SUSPECTED MINOR INJURY","NONE","39.117575","-77.183435","    (39.117575, -77.183435)"
"MCP20010024","230059194","Montgomery County Police","Fatal Crash","10/07/2023 08:58:00 PM","County","SNOUFFERS SCHOOL RD","MALLORY PL",,"N/A","PEDESTRIAN","SINGLE VEHICLE","CLEAR","DRY","DARK NO LIGHTS","NO CONTROLS","NONE DETECTED","ALCOHOL PRESENT","7CC0B797-DD2F-4385-BAB7-8612136345B8","PEDESTRIAN","Cross/Enter not at Intersection","DART DASH","ON ROADWAY NOT AT CROSSWALK","Yes","FATAL INJURY","N/A","39.16552667","-77.16926167","    (39.16552667, -77.16926167)"
"MCP292300B2","230059118","Montgomery County Police","Injury Crash","10/07/2023 01:52:00 PM","County","PARKER AVE","GEORGIA AVE",,"N/A","BICYCLIST","OTHER","CLEAR","DRY","DAYLIGHT","STOP SIGN","NONE DETECTED","NONE DETECTED","F92F5DD5-FBCE-49A1-BFA4-ED74E9558BA0","BICYCLIST","Cross/Enter at Intersection","NO IMPROPER ACTIONS","AT INTERSECTION BUT NO CROSSWALK","No","SUSPECTED MINOR INJURY","NONE","39.04950383","-77.05174269","    (39.04950383, -77.05174269)"
"MCP292300B2","230059118","Montgomery County Police","Injury Crash","10/07/2023 01:52:00 PM","County","PARKER AVE","GEORGIA AVE",,"N/A","BICYCLIST","OTHER","CLEAR","DRY","DAYLIGHT","STOP SIGN","NONE DETECTED","NONE DETECTED","3EDFC56B-767B-4848-BFB7-046BF5071DA5","BICYCLIST","Cross/Enter at Intersection","NO IMPROPER ACTIONS","AT INTERSECTION BUT NO CROSSWALK","No","SUSPECTED MINOR INJURY","NONE","39.04950383","-77.05174269","    (39.04950383, -77.05174269)"
"DD5652003S","230058682","Rockville Police Departme","Injury Crash","10/05/2023 10:15:00 AM",,,,"PARKING LOT OF 725 ROCKVILLE PIKE",,"PEDESTRIAN","OTHER","CLEAR",,"DAYLIGHT","NO CONTROLS","UNKNOWN","NONE DETECTED","FCADE3E5-988B-4584-B934-DDF8F0BAC3D1","PEDESTRIAN","Other","NO IMPROPER ACTIONS","OTHER","No","POSSIBLE INJURY","N/A","39.07957119","-77.14403051","    (39.07957119, -77.14403051)"
"MCP28980046","230058555","Montgomery County Police","Injury Crash","10/04/2023 06:23:00 PM","Other Public Roadway","OBSERVATION DR","GERMANTOWN RD",,"N/A","BICYCLIST","STRAIGHT MOVEMENT ANGLE","CLEAR","DRY","DAYLIGHT","TRAFFIC SIGNAL","N/A","N/A","7DA012A8-5D50-40A7-98E1-D6785F8821B7","BICYCLIST","Cross/Enter at Intersection","NO IMPROPER ACTIONS","ON ROADWAY AT CROSSWALK","No","NO APPARENT INJURY","NONE","39.19080667","-77.24775667","    (39.19080667, -77.24775667)"
"MCP28980046","230058555","Montgomery County Police","Injury Crash","10/04/2023 06:23:00 PM","Other Public Roadway","OBSERVATION DR","GERMANTOWN RD",,"N/A","BICYCLIST","STRAIGHT MOVEMENT ANGLE","CLEAR","DRY","DAYLIGHT","TRAFFIC SIGNAL","N/A","N/A","8F995F6C-63A4-45C8-8C62-C527768C2670","BICYCLIST","Cross/Enter at Intersection","NO IMPROPER ACTIONS","ON ROADWAY AT CROSSWALK","No","POSSIBLE INJURY","MC/BIKE HELMET","39.19080667","-77.24775667","    (39.19080667, -77.24775667)"
"MCP1213008D","230058536","Montgomery County Police","Injury Crash","10/04/2023 04:45:00 PM","County","GOOD HOPE RD","SANDY HOLLOW CT",,"N/A","PEDESTRIAN","SINGLE VEHICLE","CLEAR","DRY","DAYLIGHT","NO CONTROLS",,"NONE DETECTED","8AD7DDE0-812C-47E7-B588-943F8B3F232B","PEDESTRIAN","Standing","ENTERING EXITING PARKED STANDING VEHICLE","ON ROADWAY NOT AT CROSSWALK","Yes","SUSPECTED SERIOUS INJURY","NONE","39.09764333","-76.98539167","    (39.09764333, -76.98539167)"
"MCP304800BN","230058467","Montgomery County Police","Injury Crash","10/04/2023 09:00:00 AM","Municipality","FLEET ST","RICHARD MONTGOMERY DR",,"ROCKVILLE","PEDESTRIAN","ANGLE MEETS LEFT HEAD ON","CLEAR","DRY","DAYLIGHT","TRAFFIC SIGNAL","UNKNOWN","N/A","412AD62A-7524-4D06-9E15-55D03F978618","PEDESTRIAN","Cross/Enter at Intersection","NO IMPROPER ACTIONS","AT INTERSECTION MARKED CROSSWALK","No","SUSPECTED MINOR INJURY","N/A","39.000535","-77.08415083","    (39.000535, -77.08415083)"
"MCP3335002B","230058043","Montgomery County Police","Injury Crash","10/02/2023 12:00:00 PM","County","HILLWOOD DR","COLUMBIA PIKE",,"N/A","PEDESTRIAN","OTHER","CLEAR","DRY","DAYLIGHT","STOP SIGN","NONE DETECTED","NONE DETECTED","44C3A041-9251-452B-9EEB-CC2444FFEF69","PEDESTRIAN","Cross/Enter at Intersection","UNKNOWN","AT INTERSECTION MARKED CROSSWALK","No","POSSIBLE INJURY","NONE","39.03164233","-77.00418083","    (39.03164233, -77.00418083)"
"DM85220013","230057932","Takoma Park Police Depart","Injury Crash","10/01/2023 08:30:00 PM","Maryland (State)","UNIVERSITY BLVD E","MERRIMAC DR",,"TAKOMA PARK","PEDESTRIAN","OTHER","CLEAR","DRY","DARK LIGHTS ON","NO CONTROLS","NONE DETECTED","UNKNOWN","88E2EACA-B240-42E4-B145-436EA1531F98","PEDESTRIAN","Cross/Enter not at Intersection","IMPROPER PASSING","ON ROADWAY NOT AT CROSSWALK","Yes","POSSIBLE INJURY","NONE","38.99263303","-76.99154564","    (38.99263303, -76.99154564)"
"MCP3080003V","230057882","Montgomery County Police","Injury Crash","10/01/2023 03:36:00 PM","County","FATHER HURLEY BLVD","MIDDLEBROOK RD",,"N/A","PEDESTRIAN","OTHER","CLEAR","DRY","DAYLIGHT","TRAFFIC SIGNAL","NONE DETECTED","NONE DETECTED","914B9246-2D31-4CC0-9ED6-D8FA410A89A8","PEDESTRIAN","Cross/Enter at Intersection","UNKNOWN","ON ROADWAY AT CROSSWALK","Unknown","POSSIBLE INJURY","NONE","39.18394371","-77.27378864","    (39.18394371, -77.27378864)"
"MCP3129007V","230057809","Montgomery County Police","Injury Crash","10/01/2023 07:30:00 AM","Maryland (State)","GEORGIA AVE","ASPEN HILL RD",,"N/A","PEDESTRIAN","OTHER","CLEAR","DRY","DAYLIGHT","TRAFFIC SIGNAL","NONE DETECTED","NONE DETECTED","04305442-8938-4E80-965B-97877E01430B","PEDESTRIAN","Unknown","INATTENTIVE","UNKNOWN","Unknown","SUSPECTED MINOR INJURY","NONE","39.08041082","-77.07525236","    (39.08041082, -77.07525236)"
"MCP30140046","230057767","Montgomery County Police","Injury Crash","09/30/2023 07:44:00 PM","County","BONIFANT RD","LAYHILL RD",,"N/A","PEDESTRIAN","SAME DIR REAR END","CLEAR","DRY","DARK LIGHTS ON","NO CONTROLS","ILLEGAL DRUG CONTRIBUTED","NONE DETECTED","A90E4C0E-F545-482C-B7F4-AAA3BC38E5D1","PEDESTRIAN","Walking/Cycling on Sidewalk","NO IMPROPER ACTIONS","SIDEWALK","No","SUSPECTED SERIOUS INJURY","NONE","39.09064071","-77.04416447","    (39.09064071, -77.04416447)"
"MCP33420017","230057592","Montgomery County Police","Injury Crash","09/29/2023 09:47:00 PM","County","VEIRS MILL RD","VEIRS MILL RD",,"N/A","PEDESTRIAN","OTHER","N/A","WET","DARK NO LIGHTS","TRAFFIC SIGNAL","UNKNOWN","ALCOHOL PRESENT","57FEB7CA-E2E5-4AB6-A50E-BD16F7AB074F","PEDESTRIAN","Unknown","UNKNOWN","UNKNOWN","Unknown","SUSPECTED SERIOUS INJURY","NONE","39.0448662","-77.06478595","    (39.0448662, -77.06478595)"
"MCP1563008R","230057550","Montgomery County Police","Injury Crash","09/29/2023 05:18:00 PM",,,,"SIDEWALK/PAVED PATH IN FRONT OF 9111 RIVER RD. DRIVEWAY ADJACENT TO ROADWAY",,"BICYCLIST","STRAIGHT MOVEMENT ANGLE","CLOUDY",,"DAYLIGHT","STOP SIGN","NONE DETECTED","NONE DETECTED","136F7158-98E3-48EE-B750-98C9EEBA6B38","BICYCLIST","Walking/Cycling on Sidewalk","NO IMPROPER ACTIONS","SHARED USE PATH OR TRAILS","No","SUSPECTED MINOR INJURY","MC/BIKE HELMET","39.00456","-77.18641167","    (39.00456, -77.18641167)"
"DD559500F1","230057485","Rockville Police Departme","Property Damage Crash","09/29/2023 12:50:00 PM","Municipality","ROLLINS AVE","CHAPMAN AVE",,"N/A","OTHER","OTHER","CLOUDY","DRY","DAYLIGHT","NO CONTROLS","UNKNOWN","N/A","3E355E22-7FFF-4E18-8581-6D91F6538229","OTHER","N/A","NO IMPROPER ACTIONS","N/A","No","NO APPARENT INJURY","N/A","39.05867117","-77.1172765","    (39.05867117, -77.1172765)"
"MCP304800BL","230057465","Montgomery County Police","Property Damage Crash","09/29/2023 12:00:00 PM","Maryland (State)","CONNECTICUT AVE","TAYLOR ST",,"CHEVY CHASE #3","OTHER","SAME DIRECTION SIDESWIPE","CLOUDY","DRY","DAYLIGHT","NO CONTROLS","N/A","N/A","35759F61-1EED-4D2C-A09C-339597767B6C","OTHER","Other","N/A","N/A","No","NO APPARENT INJURY","N/A","38.97973783","-77.077215","    (38.97973783, -77.077215)"
"EJ7894003D","230057431","Gaithersburg Police Depar","Injury Crash","09/29/2023 06:20:00 AM","Maryland (State)","FREDERICK RD","S WESTLAND DR",,"N/A","PEDESTRIAN","SINGLE VEHICLE","CLEAR","DRY","DARK LIGHTS ON","TRAFFIC SIGNAL","NONE DETECTED","NONE DETECTED","B2343CD1-6A82-4BCB-91A3-A1810596EFD7","PEDESTRIAN","Cross/Enter at Intersection","UNKNOWN","AT INTERSECTION MARKED CROSSWALK","Unknown","SUSPECTED MINOR INJURY","NONE","39.12589946","-77.182744","    (39.12589946, -77.182744)"
"MCP2437005B","230057365","Montgomery County Police","Injury Crash","09/28/2023 06:31:00 PM","Maryland (State)","FREDERICK RD","REDLAND RD",,"N/A","BICYCLIST","SAME DIRECTION RIGHT TURN","CLOUDY","DRY","DAYLIGHT","TRAFFIC SIGNAL","UNKNOWN","NONE DETECTED","5AB1045E-075E-4925-8630-565EE9C868A2","BICYCLIST","Cross/Enter at Intersection","NO IMPROPER ACTIONS","ON ROADWAY AT CROSSWALK","No","POSSIBLE INJURY","NONE","39.11570264","-77.16608486","    (39.11570264, -77.16608486)"
"EJ7885003K","230057360","Gaithersburg Police Depar","Injury Crash","09/28/2023 06:17:00 PM",,,,"IN THE PARKING GARAGE OF 10121 WASHINGTONIAN BLVD",,"PEDESTRIAN","OTHER","CLEAR",,"DAYLIGHT","NO CONTROLS","UNKNOWN","NONE DETECTED","9E6D56D2-6A46-402C-9ADA-3028BC182D75","PEDESTRIAN","Standing","OTHER","OTHER","No","POSSIBLE INJURY","N/A","39.1202178","-77.2044607","    (39.1202178, -77.2044607)"
"MCP3005007L","230057125","Montgomery County Police","Injury Crash","09/28/2023 12:55:00 PM","Maryland (State)","UNIVERSITY BLVD W","ENT TO WHEATON PLAZA",,"N/A","BICYCLIST","SINGLE VEHICLE","CLEAR","DRY","DAYLIGHT","TRAFFIC SIGNAL","UNKNOWN","NONE DETECTED","1973C56A-412F-48F6-BFCF-5FBBAD787799","BICYCLIST","Walking/Riding w/Traffic","NO IMPROPER ACTIONS","SHOULDER","No","POSSIBLE INJURY","MC/BIKE HELMET","39.03761418","-77.05939523","    (39.03761418, -77.05939523)"
"MCP3254003F","230056238","Montgomery County Police","Injury Crash","09/28/2023 07:26:00 AM","Municipality","FIRSTFIELD RD","SPUR TO QUINCE ORCHARD BLVD",,"N/A","BICYCLIST","SAME DIRECTION RIGHT TURN","CLEAR","DRY","DAYLIGHT","UNKNOWN","UNKNOWN","NONE DETECTED","0CF8C92B-507B-4909-9771-71A456855ABD","BICYCLIST","Walking/Riding w/Traffic","NO IMPROPER ACTIONS","ON ROADWAY NOT AT CROSSWALK","No","SUSPECTED SERIOUS INJURY","MC/BIKE HELMET","39.14253641","-77.22448063","    (39.14253641, -77.22448063)"
"MCP2678004C","230057220","Montgomery County Police","Injury Crash","09/28/2023 05:43:00 AM","Maryland (State)","UNIVERSITY BLVD W","CADDINGTON AVE",,"N/A","PEDESTRIAN","SAME DIRECTION RIGHT TURN","CLEAR","DRY","DARK LIGHTS ON","TRAFFIC SIGNAL","NONE DETECTED","NONE DETECTED","1516FB1F-843A-4B86-927C-29644A5F1A76","PEDESTRIAN","Cross/Enter at Intersection","NO IMPROPER ACTIONS","ON ROADWAY AT CROSSWALK","No","SUSPECTED MINOR INJURY","NONE","39.03349675","-77.02360757","    (39.03349675, -77.02360757)"
"MCP33110021","230057186","Montgomery County Police","Injury Crash","09/27/2023 07:27:00 PM","US (State)","GEORGIA AVE","STRUC #15078",,"N/A","BICYCLIST","OTHER","CLEAR","DRY","DARK NO LIGHTS","NO CONTROLS","N/A","N/A","8BC9CC87-894E-49F0-964A-684F4A881668","BICYCLIST","Cross/Enter at Intersection","INATTENTIVE","ON ROADWAY AT CROSSWALK","Yes","SUSPECTED MINOR INJURY","MC/BIKE HELMET","38.98894783","-77.02688267","    (38.98894783, -77.02688267)"
"MCP3244002Q","230057096","Montgomery County Police","Injury Crash","09/27/2023 09:59:00 AM","Maryland (State)","GEORGIA AVE","FOREST GLEN RD",,"N/A","MACHINE OPERATOR/RIDER","OTHER","CLEAR","DRY","DAYLIGHT","TRAFFIC SIGNAL","NONE DETECTED","NONE DETECTED","79AD86A2-FCB3-426E-82A5-0AA93500CB54","MACHINE OPERATOR/RIDER","Cross/Enter at Intersection","FAILURE TO YIELD RIGHT OF WAY","AT INTERSECTION MARKED CROSSWALK","Yes","SUSPECTED MINOR INJURY","NONE","39.01550646","-77.04285628","    (39.01550646, -77.04285628)"
"MCP2667008P","230056889","Montgomery County Police","Injury Crash","09/26/2023 06:42:00 AM","County","EAST VILLAGE AVE","HERITAGE FARM DR",,"N/A","PEDESTRIAN","OTHER","RAINING","WET","DARK LIGHTS ON","NO CONTROLS","NONE DETECTED","UNKNOWN","0FE82681-9EB1-49B6-B9E9-878C85BAB1EA","PEDESTRIAN","Cross/Enter at Intersection","DART DASH","ON ROADWAY NOT AT CROSSWALK","Yes","SUSPECTED SERIOUS INJURY","N/A","39.18791826","-77.16043581","    (39.18791826, -77.16043581)"
"MCP22980149","230056887","Montgomery County Police","Injury Crash","09/26/2023 06:36:00 AM",,,,"13100 SHAWNEE LN 
CLARKSBURG BUS DEPOT",,"PEDESTRIAN","SINGLE VEHICLE","RAINING",,"DAWN","NO CONTROLS","NONE DETECTED","NONE DETECTED","225B0867-66D5-4C26-8E89-7C388691566D","PEDESTRIAN","Other Working","NOT VISIBLE","OTHER","Unknown","SUSPECTED MINOR INJURY","NONE","39.226275","-77.27242833","    (39.226275, -77.27242833)"
"MCP3053006T","230058875","Montgomery County Police","Injury Crash","09/24/2023 07:32:00 PM","Maryland (State)","ROCKVILLE PIKE","DODGE ST",,"N/A","PEDESTRIAN","SAME DIRECTION RIGHT TURN","RAINING","UNKNOWN","DARK LIGHTS ON","TRAFFIC SIGNAL","N/A","N/A","5BF4A785-C45B-495F-AC1A-527D29B8D312","PEDESTRIAN","Cross/Enter at Intersection","UNKNOWN","AT INTERSECTION MARKED CROSSWALK","No","POSSIBLE INJURY","N/A","39.08042559","-77.14398765","    (39.08042559, -77.14398765)"
"EJ7833007S","230056598","Gaithersburg Police Depar","Injury Crash","09/24/2023 10:26:00 AM",,,,"PARKING LOT OF 206 N FREDERICK AVENUE",,"PEDESTRIAN","SINGLE VEHICLE","CLOUDY",,"DAYLIGHT","NO CONTROLS","NONE DETECTED","NONE DETECTED","6F6D87FB-418D-4DA3-884C-9523174CA4A3","PEDESTRIAN","Other","UNKNOWN","OTHER","Unknown","SUSPECTED MINOR INJURY","NONE","39.14450453","-77.20265967","    (39.14450453, -77.20265967)"
"MCP3367001C","230056357","Montgomery County Police","Property Damage Crash","09/22/2023 06:15:00 PM","Maryland (State)","CAPITOL VIEW AVE","POST OFFICE RD",,"N/A","OTHER PEDALCYCLIST","OTHER","CLEAR","DRY","DAYLIGHT","NO CONTROLS","N/A","N/A","E901146D-F2B8-47EC-871B-554D86C279A0","OTHER PEDALCYCLIST","Other","INATTENTIVE","ON ROADWAY NOT AT CROSSWALK","Yes","NO APPARENT INJURY","MC/BIKE HELMET","39.01557321","-77.0556285","    (39.01557321, -77.0556285)"
"MCP3030005L","230056341","Montgomery County Police","Injury Crash","09/22/2023 05:00:00 PM","Maryland (State)","OLD GEORGETOWN RD","GLENWOOD RD",,"N/A","PEDESTRIAN","OTHER","CLEAR","DRY","DAYLIGHT","NO CONTROLS","N/A","N/A","CE41148A-94B8-4F75-A594-65D6A51F32E8","PEDESTRIAN","Cross/Enter not at Intersection","DART DASH","ON ROADWAY NOT AT CROSSWALK","Yes","POSSIBLE INJURY","NONE","38.993665","-77.108615","    (38.993665, -77.108615)"
"MCP24370057","230056385","Montgomery County Police","Injury Crash","09/22/2023 07:10:00 AM","County","MONTROSE RD","TOWNE RD",,"N/A","BICYCLIST","STRAIGHT MOVEMENT ANGLE","CLEAR","DRY","DAYLIGHT","TRAFFIC SIGNAL","UNKNOWN","UNKNOWN","F0ECCB2F-0056-4F56-B9A4-F094CE66045B","BICYCLIST","Cross/Enter at Intersection","NO IMPROPER ACTIONS","ON ROADWAY AT CROSSWALK","No","SUSPECTED MINOR INJURY","UNKNOWN","39.05312911","-77.11833221","    (39.05312911, -77.11833221)"
"MCP2107004B","230056045","Montgomery County Police","Injury Crash","09/21/2023 07:58:00 AM",,"MD355","DOWDENS STATION WAY",,"N/A","PEDESTRIAN","SINGLE VEHICLE","CLEAR","DRY","DAYLIGHT","STOP SIGN","NONE DETECTED","NONE DETECTED","35972A87-92E5-4065-9DA0-BB8F8A7115DB","PEDESTRIAN","Cross/Enter at Intersection","NO IMPROPER ACTIONS","ON ROADWAY AT CROSSWALK","No","POSSIBLE INJURY","NONE","39.23344183","-77.27232867","    (39.23344183, -77.27232867)"
"MCP2339008N","230055954","Montgomery County Police","Property Damage Crash","09/20/2023 03:12:00 PM",,,,"PARKING LOT IN FRONT OF 12087 ROCKVILLE PIK",,"OTHER","UNKNOWN","CLEAR",,"DAYLIGHT","NO CONTROLS","UNKNOWN","N/A","AFD28F6D-B273-4462-959C-5E85975898F3","OTHER","N/A","OTHER","OTHER","No","NO APPARENT INJURY","N/A","39.05635317","-77.11748383","    (39.05635317, -77.11748383)"
"MCP20720074","230055914","Montgomery County Police","Injury Crash","09/20/2023 12:18:00 PM",,,,"19700 FREDERICK  ROAD GERMANTOWN 
(7-ELEVEN PARKING LOT)",,"PEDESTRIAN","OTHER","CLEAR",,"DAYLIGHT","NO CONTROLS","ALCOHOL PRESENT","N/A","0848ADA5-543F-49B2-8DC1-0F42B18E1DA0","PEDESTRIAN","Standing","NO IMPROPER ACTIONS","CURB","No","SUSPECTED SERIOUS INJURY","N/A","39.17879833","-77.23895667","    (39.17879833, -77.23895667)"
"MCP20720074","230055914","Montgomery County Police","Injury Crash","09/20/2023 12:18:00 PM",,,,"19700 FREDERICK  ROAD GERMANTOWN 
(7-ELEVEN PARKING LOT)",,"PEDESTRIAN","OTHER","CLEAR",,"DAYLIGHT","NO CONTROLS","ALCOHOL PRESENT","NONE DETECTED","2CCD4876-935A-48DA-B40F-FC51E746C968","PEDESTRIAN","N/A","NO IMPROPER ACTIONS","CURB","No","POSSIBLE INJURY","N/A","39.17879833","-77.23895667","    (39.17879833, -77.23895667)"
"MCP20720074","230055914","Montgomery County Police","Injury Crash","09/20/2023 12:18:00 PM",,,,"19700 FREDERICK  ROAD GERMANTOWN 
(7-ELEVEN PARKING LOT)",,"PEDESTRIAN","OTHER","CLEAR",,"DAYLIGHT","NO CONTROLS","ALCOHOL PRESENT","NONE DETECTED","70AAC84E-63A2-41DC-BC92-92CD14A4EB63","PEDESTRIAN","Standing","NO IMPROPER ACTIONS","CURB","No","SUSPECTED SERIOUS INJURY","N/A","39.17879833","-77.23895667","    (39.17879833, -77.23895667)"
"MCP9301004Q","230055876","Montgomery County Police","Injury Crash","09/20/2023 09:15:00 AM","County","FIELDS RD","OMEGA DR (BACK)",,"N/A","OTHER","OTHER","N/A","DRY","DAYLIGHT","STOP SIGN","N/A","N/A","E0E21256-EAD5-4B3F-8B36-996C8ACB76EA","OTHER","Cross/Enter at Intersection","WRONG WAY RIDING OR WALKING","ON ROADWAY AT CROSSWALK","Yes","POSSIBLE INJURY","NONE","39.11237387","-77.18843302","    (39.11237387, -77.18843302)"
"MCP31630060","230055809","Montgomery County Police","Injury Crash","09/19/2023 06:23:00 PM","Maryland (State)","ROCKVILLE PIKE","EDSON LA",,"N/A","PEDESTRIAN","HEAD ON LEFT TURN","CLEAR","DRY","DAYLIGHT","TRAFFIC SIGNAL","N/A","N/A","6793FB86-BD34-42B6-AF08-1E47C1539A66","PEDESTRIAN","Cross/Enter at Intersection","NO IMPROPER ACTIONS","ON ROADWAY AT CROSSWALK","No","POSSIBLE INJURY","NONE","39.04066867","-77.109677","    (39.04066867, -77.109677)"
"MCP3170003G","230055780","Montgomery County Police","Injury Crash","09/19/2023 03:40:00 PM","Maryland (State)","GREAT SENECA HWY","WISTERIA DR",,"N/A","OTHER PEDALCYCLIST","OTHER","CLEAR","DRY","DAYLIGHT","TRAFFIC SIGNAL","NONE DETECTED","NONE DETECTED","BF6B9118-4184-4255-8EFA-6F94E3207DF2","OTHER PEDALCYCLIST","Cross/Enter at Intersection","DART DASH","ON ROADWAY AT CROSSWALK","No","POSSIBLE INJURY","NONE","39.17121917","-77.262642","    (39.17121917, -77.262642)"
"MCP31110076","230055715","Montgomery County Police","Injury Crash","09/19/2023 10:26:00 AM","County","BATTERY LA","WOODMONT AVE",,"N/A","BICYCLIST","SINGLE VEHICLE","CLEAR","DRY","DAYLIGHT","TRAFFIC SIGNAL","NONE DETECTED","NONE DETECTED","5B5AB40D-97BE-4859-B4CE-5B8155AF02E6","BICYCLIST","Walking/Cycling on Sidewalk","NO IMPROPER ACTIONS","SIDEWALK","Yes","SUSPECTED MINOR INJURY","NONE","38.992645","-77.0974075","    (38.992645, -77.0974075)"