"Report Number","Local Case Number","Agency Name","ACRS Report Type","Crash Date/Time","Route Type","Road Name","Cross-Street Name","Off-Road Description","Municipality","Related Non-Motorist","Collision Type","Weather","Surface Condition","Light","Traffic Control","Driver Substance Abuse","Non-Motorist Substance Abuse","Person ID","Pedestrian Type","Pedestrian Movement","Pedestrian Actions","Pedestrian Location","At Fault","Injury Severity","Safety Equipment","Latitude","Longitude","Location"
"MCP2440001H","230055687","Montgomery County Police","Injury Crash","09/19/2023 08:20:00 AM","County","CLUB HOUSE RD","CENTERWAY RD",,"N/A","BICYCLIST","OPPOSITE DIRECTION SIDESWIPE","CLEAR","DRY","DAYLIGHT","TRAFFIC SIGNAL","UNKNOWN","NONE DETECTED","2939FAF3-5379-4380-AC45-A23DCC9FA36B","BICYCLIST","Cross/Enter at Intersection","NO IMPROPER ACTIONS","AT INTERSECTION MARKED CROSSWALK","No","POSSIBLE INJURY","MC/BIKE HELMET","39.17282733","-77.20144167","    (39.17282733, -77.20144167)"
"MCP2855004L","230055299","Montgomery County Police","Injury Crash","09/16/2023 09:11:00 PM","County","SOUTHWOOD AVE","COLESVILLE RD",,"N/A","OTHER","SINGLE VEHICLE","CLEAR","DRY","DARK LIGHTS ON","TRAFFIC SIGNAL","NONE DETECTED","NONE DETECTED","08971039-213D-4E60-A172-0D6A0522762B","OTHER","Cross/Enter at Intersection","NOT VISIBLE","AT INTERSECTION BUT NO CROSSWALK","Unknown","SUSPECTED MINOR INJURY","NONE","39.0260546","-77.01099856","    (39.0260546, -77.01099856)"
"MCP27560056","230055282","Montgomery County Police","Injury Crash","09/16/2023 06:25:00 PM","County","DALEWOOD DR","RANDOLPH RD",,"N/A","OTHER","OTHER","CLEAR","DRY","DAYLIGHT","TRAFFIC SIGNAL","UNKNOWN","NONE DETECTED","80DD45FB-942B-4A26-B055-51A31172BE55","OTHER","Cross/Enter at Intersection","NO IMPROPER ACTIONS","ON ROADWAY AT CROSSWALK","No","POSSIBLE INJURY","NONE","39.05918064","-77.06919908","    (39.05918064, -77.06919908)"
"MCP302600BQ","230055212","Montgomery County Police","Property Damage Crash","09/16/2023 10:51:00 AM","Maryland (State)","OLD GEORGETOWN RD","RAMP 6 FR IS 495 EB TO MD 187 SB",,"N/A","PEDESTRIAN","SAME DIRECTION SIDESWIPE","CLEAR","DRY","DAYLIGHT","TRAFFIC SIGNAL","NONE DETECTED","NONE DETECTED","DBE8A96A-58AA-4182-B2DB-7D4BE9746423","PEDESTRIAN","Getting off/on Vehicle","IN ROADWAY IMPROPERLY","ON ROADWAY NOT AT CROSSWALK","No","NO APPARENT INJURY","NONE","39.01735406","-77.12018279","    (39.01735406, -77.12018279)"
"MCP3230004L","230055094","Montgomery County Police","Injury Crash","09/15/2023 03:47:00 PM","County","BEL PRE RD","PARKER FARM WAY",,"N/A","PEDESTRIAN","OTHER","CLEAR","DRY","DAYLIGHT","TRAFFIC SIGNAL","UNKNOWN","NONE DETECTED","17C3C93E-6BE8-4D5E-9705-0D49858E3004","PEDESTRIAN","Cross/Enter at Intersection","NO IMPROPER ACTIONS","ON ROADWAY AT CROSSWALK","No","SUSPECTED MINOR INJURY","N/A","39.09044757","-77.05077914","    (39.09044757, -77.05077914)"
"MCP31180047","230054985","Montgomery County Police","Injury Crash","09/15/2023 07:40:00 AM","Maryland (State)","GEORGIA AVE","INTERNATIONAL DR",,"N/A","OTHER PEDALCYCLIST","N/A","CLEAR","DRY","DAYLIGHT","TRAFFIC SIGNAL","NONE DETECTED","NONE DETECTED","569D202C-F7DA-4C7C-8351-950CEB6E610C","OTHER PEDALCYCLIST","Cross/Enter at Intersection","NO IMPROPER ACTIONS","AT INTERSECTION MARKED CROSSWALK","No","POSSIBLE INJURY","UNKNOWN","39.09193751","-77.07033869","    (39.09193751, -77.07033869)"
"MCP3163005V","230054916","Montgomery County Police","Injury Crash","09/14/2023 06:49:00 PM","County","ASHLEY DR","CREEK SHORE DR",,"N/A","PEDESTRIAN","STRAIGHT MOVEMENT ANGLE","CLEAR","DRY","DAYLIGHT","N/A","N/A","N/A","A88FDE59-B28B-4EEA-9738-1A1BCC16258E","PEDESTRIAN","Playing","DART DASH","ON ROADWAY NOT AT CROSSWALK","Yes","POSSIBLE INJURY","NONE","39.04202183","-77.09122733","    (39.04202183, -77.09122733)"
"MCP3063004D","230054826","Montgomery County Police","Injury Crash","09/14/2023 12:24:00 PM","County","THAYER AVE","FENTON ST",,"N/A","OTHER CONVEYANCE","N/A","CLEAR","DRY","DAYLIGHT","NO CONTROLS","NONE DETECTED","NONE DETECTED","9D9361A5-1623-4C11-A2BF-F301DE04DF7D","OTHER CONVEYANCE","Cross/Enter not at Intersection","DART DASH","ON ROADWAY NOT AT CROSSWALK","Yes","POSSIBLE INJURY","NONE","38.99306008","-77.02333319","    (38.99306008, -77.02333319)"
"MCP28140040","230054784","Montgomery County Police","Injury Crash","09/14/2023 09:11:00 AM","County","TUPELO DR","SHADY GROVE RD",,"N/A","BICYCLIST","OTHER","N/A","DRY","DAYLIGHT","TRAFFIC SIGNAL","NONE DETECTED","NONE DETECTED","A4E76F88-7616-402A-ABF4-825DD21419F0","BICYCLIST","Cross/Enter at Intersection","UNKNOWN","ON ROADWAY AT CROSSWALK","No","SUSPECTED MINOR INJURY","MC/BIKE HELMET","39.13807017","-77.15316867","    (39.13807017, -77.15316867)"
"MCP21590018","230054665","Montgomery County Police","Injury Crash","09/13/2023 04:34:00 PM","County","KINGSVIEW VILLAGE AVE","CLOPPER RD",,"N/A","PEDESTRIAN","OTHER","CLEAR","DRY","DAYLIGHT","TRAFFIC SIGNAL","NONE DETECTED","NONE DETECTED","8E161E3E-9B9F-4AAB-8CAD-F7341E3218F0","PEDESTRIAN","Cross/Enter at Intersection","NO IMPROPER ACTIONS","AT INTERSECTION MARKED CROSSWALK","No","SUSPECTED MINOR INJURY","NONE","39.16070217","-77.27941167","    (39.16070217, -77.27941167)"
"MCP31900059","230054586","Montgomery County Police","Injury Crash","09/13/2023 10:23:00 AM",,,,"3333 SPARTAN ROAD (SAFEWAY) PARKING LOT.",,"PEDESTRIAN","OTHER","CLEAR",,"DAYLIGHT","NO CONTROLS","NONE DETECTED","NONE DETECTED","410AFA7D-7945-45E8-B7CE-7F2D1E0586B2","PEDESTRIAN","Getting off/on Vehicle","NO IMPROPER ACTIONS","N/A","No","POSSIBLE INJURY","NONE","39.15088","-77.06561167","    (39.15088, -77.06561167)"
"MCP31730032","230054553","Montgomery County Police","Fatal Crash","09/13/2023 04:12:00 AM","Maryland (State)","NEW HAMPSHIRE AVE","CHALMERS RD",,"N/A","PEDESTRIAN","SINGLE VEHICLE","CLOUDY","WET","DARK LIGHTS ON","TRAFFIC SIGNAL","NONE DETECTED","ILLEGAL DRUG PRESENT","B633A10A-7B70-442B-8B96-0D82CE5B50AA","PEDESTRIAN","Walking/Riding w/Traffic","WRONG WAY RIDING OR WALKING","ON ROADWAY NOT AT CROSSWALK","Yes","FATAL INJURY","N/A","39.02987252","-76.9837096","    (39.02987252, -76.9837096)"
"MCP28530094","230054525","Montgomery County Police","Injury Crash","09/12/2023 08:11:00 PM","Maryland (State)","NEW HAMPSHIRE AVE","OAKVIEW DR",,"N/A","PEDESTRIAN","OTHER","CLEAR","DRY","DARK LIGHTS ON","TRAFFIC SIGNAL","N/A","N/A","2DE75110-E3A7-4BC9-82C0-EDB7002927D9","PEDESTRIAN","Cross/Enter at Intersection","UNKNOWN","AT INTERSECTION MARKED CROSSWALK","Unknown","SUSPECTED SERIOUS INJURY","N/A","39.015375","-76.97764833","    (39.015375, -76.97764833)"
"MCP32950036","230054495","Montgomery County Police","Injury Crash","09/12/2023 04:55:00 PM","County","TANLEY RD","NEW HAMPSHIRE AVE",,"N/A","BICYCLIST","STRAIGHT MOVEMENT ANGLE","CLEAR","DRY","DAYLIGHT","STOP SIGN","NONE DETECTED","NONE DETECTED","E7573AEF-EF5B-4CFB-A307-4979F6F5E20A","BICYCLIST","Cross/Enter at Intersection","UNKNOWN","SIDEWALK","Unknown","POSSIBLE INJURY","NONE","39.0521705","-76.993683","    (39.0521705, -76.993683)"
"MCP242500HV","230054262","Montgomery County Police","Injury Crash","09/11/2023 02:52:00 PM",,,,"PARKING LOT HOME DEPOT
7111 WESTLAKE TERR",,"PEDESTRIAN","OTHER","CLEAR",,"DAYLIGHT","N/A","NONE DETECTED","NONE DETECTED","01F29A0B-DF98-427D-A714-E7DCBF7E8624","PEDESTRIAN","Other Working","NO IMPROPER ACTIONS","MEDIAN","Unknown","SUSPECTED MINOR INJURY","NONE","39.027765","-77.14507833","    (39.027765, -77.14507833)"
"DM83860023","230054156","Takoma Park Police Depart","Injury Crash","09/10/2023 11:30:00 PM","Maryland (State)","NEW HAMPSHIRE AVE","MERWOOD DR",,"TAKOMA PARK","PEDESTRIAN","SINGLE VEHICLE","RAINING","WET","DARK LIGHTS ON","TRAFFIC SIGNAL","NONE DETECTED","NONE DETECTED","FAA7D0AF-CED7-4714-8200-6E1E99DC7194","PEDESTRIAN","Cross/Enter at Intersection","FAILURE TO YIELD RIGHT OF WAY","AT INTERSECTION MARKED CROSSWALK","Unknown","POSSIBLE INJURY","N/A","38.98333164","-76.98836341","    (38.98333164, -76.98836341)"
"MCP2536004S","230054043","Montgomery County Police","Injury Crash","09/09/2023 11:20:00 PM","Maryland (State)","GEORGIA AVE","HEWITT AVE",,"N/A","PEDESTRIAN","OTHER","CLEAR","DRY","DARK NO LIGHTS","TRAFFIC SIGNAL","N/A","N/A","F8823245-9AC8-4F88-9E26-5AB8F286C44B","PEDESTRIAN","Cross/Enter at Intersection","N/A","AT INTERSECTION MARKED CROSSWALK","No","SUSPECTED MINOR INJURY","NONE","39.07738008","-77.07090846","    (39.07738008, -77.07090846)"
"EJ7879003K","230054012","Gaithersburg Police Depar","Injury Crash","09/09/2023 06:30:00 PM","Municipality","N SUMMIT AVE","E DIAMOND AVE",,"GAITHERSBURG","PEDESTRIAN","SINGLE VEHICLE","RAINING","WET","DAYLIGHT","NO CONTROLS","NONE DETECTED","NONE DETECTED","28B1A039-556A-49A5-988F-4746CB08B39E","PEDESTRIAN","Cross/Enter not at Intersection","UNKNOWN","ON ROADWAY NOT AT CROSSWALK","Unknown","SUSPECTED MINOR INJURY","NONE","39.14287914","-77.19337475","    (39.14287914, -77.19337475)"
"MCP2863002Y","230054007","Montgomery County Police","Injury Crash","09/09/2023 05:30:00 PM","Municipality","BROOKS AVE","N SUMMIT AVE",,"GAITHERSBURG","PEDESTRIAN","OTHER","RAINING","WET","DAYLIGHT","TRAFFIC SIGNAL","N/A","NONE DETECTED","AF36431D-6712-4883-AA13-6D1398C79334","PEDESTRIAN","Walking/Riding against Traffic","IN ROADWAY IMPROPERLY","ON ROADWAY AT CROSSWALK","No","SUSPECTED MINOR INJURY","N/A","39.14373133","-77.19300733","    (39.14373133, -77.19300733)"
"DD5651003T","230053976","Rockville Police Departme","Injury Crash","09/09/2023 02:28:00 PM",,,,"SAFEWAY PARKING LOT",,"PEDESTRIAN","OTHER","CLEAR",,"DAYLIGHT","NO CONTROLS","NONE DETECTED","NONE DETECTED","D1EC857D-F0ED-46A0-9E67-460B3AECC195","PEDESTRIAN","Other","NO IMPROPER ACTIONS","OTHER","No","POSSIBLE INJURY","N/A","39.11283043","-77.17165995","    (39.11283043, -77.17165995)"
"MCP1205009L","230053956","Montgomery County Police","Injury Crash","09/09/2023 12:14:00 PM","Maryland (State)","CONNECTICUT AVE","CHEVY CHASE LAKE DR",,"N/A","BICYCLIST","STRAIGHT MOVEMENT ANGLE","CLEAR","DRY","DAYLIGHT","STOP SIGN","NONE DETECTED","NONE DETECTED","06A86E22-42C8-46DB-BD75-040B59996038","BICYCLIST","Walking/Cycling on Sidewalk","NO IMPROPER ACTIONS","SIDEWALK","No","SUSPECTED MINOR INJURY","MC/BIKE HELMET","38.99257667","-77.07689167","    (38.99257667, -77.07689167)"
"DD56430032","230053719","Rockville Police Departme","Injury Crash","09/07/2023 09:19:00 PM","Maryland (State)","ROCKVILLE PIKE","WOOTTON PKWY",,"ROCKVILLE","PEDESTRIAN","N/A","N/A","DRY","DARK LIGHTS ON","TRAFFIC SIGNAL","NONE DETECTED","NONE DETECTED","E0BC5C65-CC79-458C-82BC-D9F6E471C043","PEDESTRIAN","Cross/Enter at Intersection","NO IMPROPER ACTIONS","ON ROADWAY AT CROSSWALK","No","SUSPECTED MINOR INJURY","NONE","39.07708866","-77.13961517","    (39.07708866, -77.13961517)"
"MCP235300C7","230053644","Montgomery County Police","Injury Crash","09/07/2023 01:29:00 PM","Maryland (State)","WISCONSIN AVE","WILLOW LA",,"N/A","PEDESTRIAN","SINGLE VEHICLE","CLOUDY","DRY","DAYLIGHT","OTHER","NONE DETECTED","NONE DETECTED","5AC1AF93-0634-49B7-84BA-E9268F4E22A5","PEDESTRIAN","Cross/Enter at Intersection","FAILURE TO OBEY TRAFFIC SIGNS SIGNALS OR OFFICER","OTHER","Yes","SUSPECTED MINOR INJURY","NONE","38.98128283","-77.09254467","    (38.98128283, -77.09254467)"
"DD559500DZ","230053635","Rockville Police Departme","Injury Crash","09/07/2023 01:05:00 PM","Municipality","BEALL AVE #2","MARYLAND AVE",,"N/A","PEDESTRIAN","OTHER","CLEAR","DRY","DAYLIGHT","OTHER","NONE DETECTED","NONE DETECTED","169F9BA4-63DB-4B6A-A8F1-E695607DF368","PEDESTRIAN","Other","NO IMPROPER ACTIONS","ON ROADWAY AT CROSSWALK","No","SUSPECTED MINOR INJURY","N/A","39.087155","-77.15125583","    (39.087155, -77.15125583)"
"MCP2723007N","230053526","Montgomery County Police","Injury Crash","09/06/2023 08:00:00 PM","County","GLENALLAN AVE","GEORGIA AVE",,"N/A","PEDESTRIAN","SINGLE VEHICLE","CLEAR","DRY","DARK LIGHTS ON","TRAFFIC SIGNAL","NONE DETECTED","NONE DETECTED","5683764E-1142-438E-86B2-B865B91FBA1A","PEDESTRIAN","Cross/Enter at Intersection","FAILURE TO OBEY TRAFFIC SIGNS SIGNALS OR OFFICER","ON ROADWAY AT CROSSWALK","Yes","SUSPECTED MINOR INJURY","NONE","39.06360167","-77.054115","    (39.06360167, -77.054115)"
"MCP24870038","230053391","Montgomery County Police","Injury Crash","09/06/2023 08:34:00 AM","County","BUDD RD","WHITES FERRY RD",,"N/A","BICYCLIST","STRAIGHT MOVEMENT ANGLE","CLEAR","DRY","DAYLIGHT","STOP SIGN","NONE DETECTED","NONE DETECTED","76E578ED-15A0-4FE6-9671-0299206E1AFA","BICYCLIST","Cross/Enter at Intersection","NO IMPROPER ACTIONS","SHOULDER","No","POSSIBLE INJURY","MC/BIKE HELMET","39.13417333","-77.40259833","    (39.13417333, -77.40259833)"
"MCP2563001P","230053355","Montgomery County Police","Fatal Crash","09/05/2023 09:24:00 PM","Maryland (State)","NEW HAMPSHIRE AVE","CROSSOVER",,"N/A","PEDESTRIAN","SINGLE VEHICLE","CLEAR","DRY","DARK NO LIGHTS","NO CONTROLS","NONE DETECTED","ALCOHOL CONTRIBUTED","305224B2-3BC3-4E9F-9E7A-9CF394FB9333","PEDESTRIAN","Standing","IN ROADWAY IMPROPERLY","ON ROADWAY NOT AT CROSSWALK","Yes","FATAL INJURY","NONE","39.0932821","-77.00101758","    (39.0932821, -77.00101758)"
"MCP2723007L","230053349","Montgomery County Police","Injury Crash","09/05/2023 08:35:00 PM","County","ASPEN HILL RD","GEORGIA AVE",,"N/A","BICYCLIST","SINGLE VEHICLE","CLEAR","DRY","DARK LIGHTS ON","STOP SIGN","NONE DETECTED","NONE DETECTED","DEAFEDC1-9095-4099-8552-C8786F70FF87","BICYCLIST","Walking/Cycling on Sidewalk","NO IMPROPER ACTIONS","SIDEWALK","No","SUSPECTED MINOR INJURY","UNKNOWN","39.08065167","-77.077415","    (39.08065167, -77.077415)"
"MCP28430025","230053334","Montgomery County Police","Injury Crash","09/05/2023 06:35:00 PM","Maryland (State)","WOODFIELD RD","ENT TO ROUTE 124 PLAZA",,"N/A","BICYCLIST","STRAIGHT MOVEMENT ANGLE","CLEAR","DRY","DAYLIGHT","N/A","NONE DETECTED","NONE DETECTED","4C05F98F-6505-4B6C-BE12-2D252EA49341","BICYCLIST","Walking/Riding against Traffic","NO IMPROPER ACTIONS","ON ROADWAY AT CROSSWALK","No","POSSIBLE INJURY","N/A","39.16155167","-77.15925167","    (39.16155167, -77.15925167)"
"DD5653002M","230053356","Rockville Police Departme","Injury Crash","09/05/2023 06:00:00 PM",,,,"SIDEWALK BESIDE  168 ROLLINS AVE, ROCKVILLE MD.",,"OTHER CONVEYANCE","STRAIGHT MOVEMENT ANGLE","CLEAR",,"DAYLIGHT","NO CONTROLS","N/A","NONE DETECTED","5DAE2EC1-C1F3-4FC8-9B50-A5588237453F","OTHER CONVEYANCE","Walking/Riding against Traffic","NO IMPROPER ACTIONS","SIDEWALK","No","SUSPECTED MINOR INJURY","NONE","39.05855949","-77.12512477","    (39.05855949, -77.12512477)"
"MCP31910045","230053327","Montgomery County Police","Injury Crash","09/05/2023 05:46:00 PM",,"JERUSALEM RD","BRIGHTWELL CROSSING LN",,"N/A","PEDESTRIAN","SAME DIR REAR END","CLEAR","DRY","DAYLIGHT","NO CONTROLS","NONE DETECTED","NONE DETECTED","1C196160-321C-4FA1-B420-4F774DD9FCC5","PEDESTRIAN","Walking/Riding w/Traffic","UNKNOWN","SHOULDER","No","SUSPECTED MINOR INJURY","NONE","39.15483883","-77.41318383","    (39.15483883, -77.41318383)"
"MCP32640040","230053217","Montgomery County Police","Injury Crash","09/05/2023 09:00:00 AM","County","BLAIR MILL RD","CO/L WASH DC LINE",,"N/A","PEDESTRIAN","OTHER","CLEAR","DRY","DAYLIGHT","STOP SIGN","NONE DETECTED","NONE DETECTED","3F94C3A5-4565-47AB-8A50-5475341225D6","PEDESTRIAN","Cross/Enter at Intersection","NO IMPROPER ACTIONS","AT INTERSECTION MARKED CROSSWALK","No","POSSIBLE INJURY","NONE","38.98997584","-77.03333046","    (38.98997584, -77.03333046)"
"MCP24200051","230053204","Montgomery County Police","Injury Crash","09/05/2023 08:00:00 AM","Maryland (State)","LAYHILL RD","LONGMEAD CROSSING DR",,"N/A","PEDESTRIAN","OTHER","CLEAR","DRY","DAYLIGHT","TRAFFIC SIGNAL","N/A","N/A","6D1E72D8-E6F6-4103-A84C-8E82DF68A98C","PEDESTRIAN","Cross/Enter at Intersection","NO IMPROPER ACTIONS","AT INTERSECTION MARKED CROSSWALK","No","SUSPECTED MINOR INJURY","NONE","39.09624017","-77.04426383","    (39.09624017, -77.04426383)"
"MCP11130052","230053209","Montgomery County Police","Injury Crash","09/05/2023 07:49:00 AM","Maryland (State)","FREDERICK RD","LITTLE SENECA PKWY",,"N/A","PEDESTRIAN","SINGLE VEHICLE","CLEAR","DRY","DAYLIGHT","TRAFFIC SIGNAL","NONE DETECTED","NONE DETECTED","A4AE1CD1-69BE-4114-A577-C80B5003F0B3","PEDESTRIAN","Cross/Enter at Intersection","DART DASH","AT INTERSECTION BUT NO CROSSWALK","Yes","SUSPECTED MINOR INJURY","NONE","39.22312425","-77.26056517","    (39.22312425, -77.26056517)"
"MCP3038006F","230053188","Montgomery County Police","Injury Crash","09/04/2023 09:00:00 PM","Maryland (State)","COLESVILLE RD","EAST WEST HWY",,"N/A","PEDESTRIAN","OTHER","CLEAR","DRY","DARK LIGHTS ON","TRAFFIC SIGNAL","UNKNOWN","NONE DETECTED","885CE063-3828-42CC-AF75-48D06342C127","PEDESTRIAN","Cross/Enter at Intersection","NO IMPROPER ACTIONS","AT INTERSECTION MARKED CROSSWALK","No","SUSPECTED MINOR INJURY","N/A","38.99358828","-77.03211329","    (38.99358828, -77.03211329)"
"MCP3039006D","230051684","Montgomery County Police","Property Damage Crash","09/03/2023 04:42:00 PM","County","SILVER SPRING AVE","MAYOR LA",,"N/A","PEDESTRIAN","OTHER","CLEAR","DRY","DAYLIGHT","NO CONTROLS","UNKNOWN","NONE DETECTED","A195D47F-CCDF-4C44-B3AE-BAFC20493785","PEDESTRIAN","Walking/Riding w/Traffic","NO IMPROPER ACTIONS","ON ROADWAY NOT AT CROSSWALK","No","NO APPARENT INJURY","NONE","38.99194245","-77.02522353","    (38.99194245, -77.02522353)"
"MCP3263003P","230052815","Montgomery County Police","Injury Crash","09/02/2023 03:45:00 PM","Maryland (State)","WISCONSIN AVE","CHELTENHAM DR",,"N/A","PEDESTRIAN","OTHER","CLEAR","DRY","DAYLIGHT","TRAFFIC SIGNAL","NONE DETECTED","NONE DETECTED","6BA8A300-A6D1-47F0-B78B-34DAE6CBE6B6","PEDESTRIAN","Cross/Enter at Intersection","NO IMPROPER ACTIONS","AT INTERSECTION MARKED CROSSWALK","No","POSSIBLE INJURY","NONE","38.98909","-77.095165","    (38.98909, -77.095165)"
"MCP26780045","230052801","Montgomery County Police","Injury Crash","09/02/2023 12:30:00 PM","Maryland (State)","VEIRS MILL RD","EXIT ONLY FR BUSINESS",,"N/A","OTHER CONVEYANCE","STRAIGHT MOVEMENT ANGLE","CLEAR","DRY","DAYLIGHT","NO CONTROLS","NONE DETECTED","NONE DETECTED","3AFD3480-CC52-4A60-ADD9-5ACF821D2CBE","OTHER CONVEYANCE","Walking/Cycling on Sidewalk","NO IMPROPER ACTIONS","SIDEWALK","No","POSSIBLE INJURY","NONE","39.03910517","-77.05367167","    (39.03910517, -77.05367167)"
"MCP3030005J","230052692","Montgomery County Police","Injury Crash","09/01/2023 06:30:00 PM","County","SANGAMORE RD","BROOKES LA",,"N/A","PEDESTRIAN","OTHER","CLEAR","DRY","DAYLIGHT","STOP SIGN","N/A","N/A","14FFAD0B-8EA0-4579-94A0-D4DF3F028D20","PEDESTRIAN","Cross/Enter at Intersection","NO IMPROPER ACTIONS","AT INTERSECTION MARKED CROSSWALK","No","SUSPECTED MINOR INJURY","N/A","38.94859333","-77.11984833","    (38.94859333, -77.11984833)"
"MCP21590017","230052658","Montgomery County Police","Injury Crash","09/01/2023 03:23:00 PM",,,,"P-LOT OF 12988 MIDDLEBROOK RD GERMANTOWN, MD 20874",,"PEDESTRIAN","OTHER","CLEAR",,"DAYLIGHT","N/A","NONE DETECTED","NONE DETECTED","499BD280-B3F6-4554-9504-D795C3400FC5","PEDESTRIAN","Other","DART DASH","OTHER","Yes","SUSPECTED MINOR INJURY","NONE","39.18098967","-77.2701215","    (39.18098967, -77.2701215)"
"MCP24200050","230052397","Montgomery County Police","Injury Crash","08/31/2023 10:15:00 AM","Maryland (State)","NEW HAMPSHIRE AVE","SPENCERVILLE RD",,"N/A","BICYCLIST","OTHER","CLEAR","DRY","DAYLIGHT","NO CONTROLS","NONE DETECTED","N/A","B572D316-14E4-4365-9668-E6E40EDA2590","BICYCLIST","Walking/Riding w/Traffic","NO IMPROPER ACTIONS","OTHER","No","SUSPECTED MINOR INJURY","MC/BIKE HELMET","39.120183","-76.98884333","    (39.120183, -76.98884333)"
"MCP1227001Z","230052338","Montgomery County Police","Fatal Crash","08/30/2023 09:49:00 PM","Maryland (State)","FREDERICK RD","GUNNERS BRANCH RD",,"N/A","BICYCLIST","OTHER","CLEAR","DRY","DARK LIGHTS ON","NO CONTROLS","NONE DETECTED","NONE DETECTED","8A3A2657-5153-4BCF-A403-725C42EE1639","BICYCLIST","Cross/Enter at Intersection","NO IMPROPER ACTIONS","ON ROADWAY AT CROSSWALK","No","FATAL INJURY","NONE","39.17841174","-77.23859705","    (39.17841174, -77.23859705)"
"DD5527004T","230052328","Rockville Police Departme","Injury Crash","08/30/2023 09:00:00 PM",,,,"PARKING LOT OF 845 ROCKVILLE PIKE ROCKVILLE MD 20850",,"PEDESTRIAN","OTHER","CLEAR",,"DARK LIGHTS ON","NO CONTROLS","NONE DETECTED","NONE DETECTED","48E19622-A231-4505-8A89-77F642A45219","PEDESTRIAN","Cross/Enter not at Intersection","NO IMPROPER ACTIONS","ON ROADWAY NOT AT CROSSWALK","No","NO APPARENT INJURY","NONE","39.07432118","-77.13761745","    (39.07432118, -77.13761745)"
"DD5527004T","230052328","Rockville Police Departme","Injury Crash","08/30/2023 09:00:00 PM",,,,"PARKING LOT OF 845 ROCKVILLE PIKE ROCKVILLE MD 20850",,"PEDESTRIAN","OTHER","CLEAR",,"DARK LIGHTS ON","NO CONTROLS","NONE DETECTED","NONE DETECTED","AE77CAC0-C950-4727-8351-501633D3A516","PEDESTRIAN","Cross/Enter not at Intersection","NO IMPROPER ACTIONS","ON ROADWAY NOT AT CROSSWALK","No","POSSIBLE INJURY","NONE","39.07432118","-77.13761745","    (39.07432118, -77.13761745)"
"MCP26080058","230052260","Montgomery County Police","Property Damage Crash","08/30/2023 03:30:00 PM","County","COLONY RD","NORTHAMPTON DR",,"N/A","PEDESTRIAN","STRAIGHT MOVEMENT ANGLE","CLEAR","DRY","DAYLIGHT","NO CONTROLS","N/A","N/A","0713FCF3-3EEF-4179-938E-4D0D372A96BE","PEDESTRIAN","Cross/Enter at Intersection","DART DASH","AT INTERSECTION BUT NO CROSSWALK","Unknown","NO APPARENT INJURY","NONE","39.0075552","-76.98384145","    (39.0075552, -76.98384145)"
"EJ78950048","230052191","Gaithersburg Police Depar","Injury Crash","08/30/2023 11:35:00 AM",,,,"SIDEWALK/CROSSWALK ENTRANCE TO 16 EAST DIAMOND AVENUE",,"OTHER","STRAIGHT MOVEMENT ANGLE","CLEAR",,"DAYLIGHT","NO CONTROLS","NONE DETECTED","NONE DETECTED","4D1B1B5E-F1B3-419A-B57B-4AC58C4CBDC0","OTHER","Cross/Enter at Intersection","FAILURE TO YIELD RIGHT OF WAY","SIDEWALK","Yes","SUSPECTED MINOR INJURY","NONE","39.1417919","-77.19725347","    (39.1417919, -77.19725347)"
"MCP1433005C","230052076","Montgomery County Police","Injury Crash","08/29/2023 07:15:00 PM","Maryland (State)","ROCKVILLE PIKE","ENT TO FEDERAL PLAZA S.C.",,"N/A","PEDESTRIAN","OTHER","CLEAR","DRY","DAYLIGHT","TRAFFIC SIGNAL","UNKNOWN","NONE DETECTED","42E321BD-50FE-4ADE-B071-01E4F22BCBEB","PEDESTRIAN","Cross/Enter at Intersection","NO IMPROPER ACTIONS","ON ROADWAY AT CROSSWALK","No","POSSIBLE INJURY","NONE","39.05738374","-77.1204141","    (39.05738374, -77.1204141)"
"MCP2752005R","230052025","Montgomery County Police","Injury Crash","08/29/2023 03:30:00 PM","County","FALLS BRIDGE LA","HALL RD",,"N/A","PEDESTRIAN","SINGLE VEHICLE","CLOUDY","DRY","DAYLIGHT","NO CONTROLS","NONE DETECTED","N/A","B7D9105A-43C8-44BF-8F3F-A5EBF982F27E","PEDESTRIAN","Walking/Riding w/Traffic","NO IMPROPER ACTIONS","OUTSIDE RIGHT OF WAY","No","POSSIBLE INJURY","NONE","38.99188667","-77.0979","    (38.99188667, -77.0979)"
"MCP9419004R","230052006","Montgomery County Police","Injury Crash","08/29/2023 02:00:00 PM",,,,"VEIP TESTING CENTER
15910 CHIEFTAIN AVE
DERWOOD MD 20855",,"OTHER","SAME DIR REAR END","CLEAR",,"DAYLIGHT","N/A",,"NONE DETECTED","EEB1D2F0-0139-453B-8321-D30FC01D3FB7","OTHER","Other","OTHER","INSIDE BUILDING","No","POSSIBLE INJURY","NONE","39.118105","-77.16199333","    (39.118105, -77.16199333)"
"MCP3080003Q","230051913","Montgomery County Police","Injury Crash","08/28/2023 03:22:00 PM",,,,"PARKING LOT OF WALMART LOCATED AT 20910 FREDERICK RD",,"PEDESTRIAN","OTHER","CLEAR",,"DAYLIGHT","N/A","NONE DETECTED","NONE DETECTED","967E9BC7-FC77-402D-AD2E-CC0E5060D85F","PEDESTRIAN","Cross/Enter not at Intersection","UNKNOWN","ON ROADWAY AT CROSSWALK","Unknown","POSSIBLE INJURY","NONE","39.19838897","-77.25139036","    (39.19838897, -77.25139036)"
"MCP24370053","230051700","Montgomery County Police","Injury Crash","08/27/2023 06:00:00 PM","Ramp","RAMP 2 FR MD 927 WB TO IS 270 NB","MONTROSE RD",,"N/A","PEDESTRIAN","SAME DIR REAR END","CLOUDY","DRY","DAYLIGHT","NO CONTROLS","NONE DETECTED","NONE DETECTED","9ADFF870-E53E-4CB7-99C3-61E3E089BB30","PEDESTRIAN","Standing","NO IMPROPER ACTIONS","SIDEWALK","No","NO APPARENT INJURY","NONE","39.05616633","-77.15208733","    (39.05616633, -77.15208733)"