"Report Number","Local Case Number","Agency Name","ACRS Report Type","Crash Date/Time","Route Type","Road Name","Cross-Street Name","Off-Road Description","Municipality","Related Non-Motorist","Collision Type","Weather","Surface Condition","Light","Traffic Control","Driver Substance Abuse","Non-Motorist Substance Abuse","Person ID","Pedestrian Type","Pedestrian Movement","Pedestrian Actions","Pedestrian Location","At Fault","Injury Severity","Safety Equipment","Latitude","Longitude","Location"
"MCP241100BX","230051632","Montgomery County Police","Injury Crash","08/27/2023 12:05:00 PM","County","LAUDERDALE DR","RANDOLPH RD",,"N/A","PEDESTRIAN","STRAIGHT MOVEMENT ANGLE","CLEAR","DRY","DAYLIGHT","TRAFFIC SIGNAL","NONE DETECTED","NONE DETECTED","E787D543-6F2B-4DCE-BE55-6E7A35533411","PEDESTRIAN","Cross/Enter at Intersection","NO IMPROPER ACTIONS","ON ROADWAY AT CROSSWALK","No","SUSPECTED MINOR INJURY","NONE","39.05369369","-77.10415416","    (39.05369369, -77.10415416)"
"MCP3201004H","230051628","Montgomery County Police","Injury Crash","08/27/2023 11:54:00 AM","Maryland (State)","GERMANTOWN RD","DAWSON FARM RD",,"N/A","BICYCLIST","OTHER","CLEAR","DRY","DAYLIGHT","TRAFFIC SIGNAL","NONE DETECTED","NONE DETECTED","4828E8E1-D005-4738-811A-C91303A279F0","BICYCLIST","Cross/Enter at Intersection","NO IMPROPER ACTIONS","ON ROADWAY AT CROSSWALK","No","SUSPECTED MINOR INJURY","MC/BIKE HELMET","39.17168167","-77.276875","    (39.17168167, -77.276875)"
"MCP3254003C","230051643","Montgomery County Police","Injury Crash","08/26/2023 09:20:00 PM","County","CRYSTAL ROCK DR","FATHER HURLEY BLVD",,"N/A","OTHER","SINGLE VEHICLE","CLEAR","DRY","DARK LIGHTS ON","TRAFFIC SIGNAL","N/A","N/A","B7E2DCF1-5375-41E7-BE76-582DAAB99C9F","OTHER","Cross/Enter at Intersection","NO IMPROPER ACTIONS","ON ROADWAY AT CROSSWALK","No","SUSPECTED MINOR INJURY","MC/BIKE HELMET","39.19362017","-77.27031762","    (39.19362017, -77.27031762)"
"MCP3010008M","230051440","Montgomery County Police","Injury Crash","08/26/2023 09:23:00 AM","County","NICHOLSON LA","WOODGLEN DR",,"N/A","PEDESTRIAN","HEAD ON LEFT TURN","CLEAR","DRY","DAYLIGHT","TRAFFIC SIGNAL","N/A","N/A","6085C969-122F-4BDB-AD94-40CC6B8D4B26","PEDESTRIAN","Cross/Enter at Intersection","NO IMPROPER ACTIONS","ON ROADWAY AT CROSSWALK","Unknown","SUSPECTED MINOR INJURY","NONE","39.04479","-77.11328333","    (39.04479, -77.11328333)"
"MCP3360000R","230051437","Montgomery County Police","Injury Crash","08/26/2023 09:16:00 AM","County","WATKINS MILL RD","CLUB LAKE RD",,"N/A","PEDESTRIAN","SINGLE VEHICLE","CLEAR","DRY","DAYLIGHT","OTHER","NONE DETECTED","NONE DETECTED","06B5AEFC-4174-408E-8EEB-53CE57502FB4","PEDESTRIAN","Cross/Enter not at Intersection","NO IMPROPER ACTIONS","ON ROADWAY AT CROSSWALK","No","SUSPECTED SERIOUS INJURY","NONE","39.17692667","-77.20998","    (39.17692667, -77.20998)"
"MCP93180032","230051353","Montgomery County Police","Property Damage Crash","08/25/2023 06:46:00 PM",,,,"SIDEWALK/DRIVEWAY OF 10753 COLUMBIA PIKE",,"OTHER","SINGLE VEHICLE","CLEAR",,"DAYLIGHT","N/A","UNKNOWN","NONE DETECTED","C137B5D7-0C47-4078-A12A-C5B387A34E6C","OTHER","Other","UNKNOWN","SIDEWALK","Unknown","NO APPARENT INJURY","N/A","39.03193298","-77.00392855","    (39.03193298, -77.00392855)"
"MCP2466004G","230051305","Montgomery County Police","Injury Crash","08/25/2023 03:01:00 PM","County","PEBBLEWOOD PL","CUL DE SAC",,"N/A","PEDESTRIAN","SINGLE VEHICLE","CLEAR","DRY","DAYLIGHT","NO CONTROLS","NONE DETECTED","UNKNOWN","1EC3E8BF-92C3-40BA-A9B5-FA92E2F8ED5B","PEDESTRIAN","Other","IN ROADWAY IMPROPERLY","ON ROADWAY NOT AT CROSSWALK","Unknown","SUSPECTED MINOR INJURY","UNKNOWN","39.09403105","-77.22038914","    (39.09403105, -77.22038914)"
"MCP32180048","230051308","Montgomery County Police","Injury Crash","08/25/2023 02:57:00 PM","County","VALLEYWOOD DR","VEIRS MILL RD",,"N/A","PEDESTRIAN","OTHER","CLEAR","DRY","DAYLIGHT","OTHER","NONE DETECTED","NONE DETECTED","AD4ABFEA-A923-4109-8E8F-C8FBD8FFB14C","PEDESTRIAN","Cross/Enter at Intersection","UNKNOWN","ON ROADWAY AT CROSSWALK","No","SUSPECTED MINOR INJURY","NONE","39.049582","-77.07090017","    (39.049582, -77.07090017)"
"MCP3193004R","230051140","Montgomery County Police","Injury Crash","08/24/2023 05:30:00 PM","County","DAYTON ST","UNIVERSITY BLVD W",,"N/A","BICYCLIST","STRAIGHT MOVEMENT ANGLE","CLEAR","DRY","DAYLIGHT","STOP SIGN","NONE DETECTED","NONE DETECTED","EFB17E70-8239-4515-9E47-2FFDE98BB608","BICYCLIST","Cross/Enter at Intersection","N/A","ON ROADWAY AT CROSSWALK","No","POSSIBLE INJURY","NONE","39.03890333","-77.04187667","    (39.03890333, -77.04187667)"
"MCP2853008Z","230050926","Montgomery County Police","Injury Crash","08/23/2023 04:26:00 PM","Maryland (State)","UNIVERSITY BLVD W","SUTHERLAND RD",,"N/A","PEDESTRIAN","OTHER","CLEAR","DRY","DAYLIGHT","NO CONTROLS","N/A","N/A","BDCF0F23-7BBB-45A4-9DA8-216572209167","PEDESTRIAN","Cross/Enter not at Intersection","FAILURE TO YIELD RIGHT OF WAY","OUTSIDE RIGHT OF WAY","Yes","SUSPECTED MINOR INJURY","NONE","39.02063667","-77.015965","    (39.02063667, -77.015965)"
"MCP3244002M","230050907","Montgomery County Police","Injury Crash","08/23/2023 02:05:00 PM","County","WAYNE AVE","GEORGIA AVE",,"N/A","BICYCLIST","STRAIGHT MOVEMENT ANGLE","CLEAR","DRY","DAYLIGHT","TRAFFIC SIGNAL","NONE DETECTED","NONE DETECTED","5E5AA456-E696-4DF2-8672-AF73D87D2991","BICYCLIST","Cross/Enter at Intersection","FAILURE TO YIELD RIGHT OF WAY","ON ROADWAY AT CROSSWALK","Yes","POSSIBLE INJURY","NONE","38.994404","-77.02668717","    (38.994404, -77.02668717)"
"MCP2503001H","230050612","Montgomery County Police","Injury Crash","08/21/2023 09:23:00 PM","Maryland (State)","FREDERICK RD","KING FARM BLVD",,"ROCKVILLE","PEDESTRIAN","SINGLE VEHICLE","CLEAR","DRY","DARK LIGHTS ON","TRAFFIC SIGNAL","NONE DETECTED","N/A","989DEA05-F114-4114-9D25-28F84504F088","PEDESTRIAN","Cross/Enter at Intersection","FAILURE TO YIELD RIGHT OF WAY","ON ROADWAY AT CROSSWALK","Yes","POSSIBLE INJURY","N/A","39.11718167","-77.16909","    (39.11718167, -77.16909)"
"MCP3169005X","230050540","Montgomery County Police","Injury Crash","08/21/2023 02:47:00 PM","US (State)","GEORGIA AVE","BURLINGTON AVE",,"N/A","PEDESTRIAN","OTHER","CLEAR","DRY","DAYLIGHT","TRAFFIC SIGNAL","N/A","N/A","56172F7C-4AD7-4B47-9B9F-A6D58EDA76BD","PEDESTRIAN","Cross/Enter at Intersection","NO IMPROPER ACTIONS","AT INTERSECTION MARKED CROSSWALK","No","SUSPECTED MINOR INJURY","NONE","38.987078","-77.026701","    (38.987078, -77.026701)"
"MCP26500016","230050435","Montgomery County Police","Injury Crash","08/20/2023 09:26:00 PM","County","HILLANDALE RD","BRADLEY BLVD",,"N/A","PEDESTRIAN","SINGLE VEHICLE","CLEAR","DRY","DARK LIGHTS ON","TRAFFIC SIGNAL","NONE DETECTED","NONE DETECTED","40E0881A-7D2D-414E-8A63-0CE960474748","PEDESTRIAN","Cross/Enter at Intersection","NO IMPROPER ACTIONS","ON ROADWAY AT CROSSWALK","No","SUSPECTED MINOR INJURY","N/A","38.9778","-77.09670833","    (38.9778, -77.09670833)"
"MCP26500016","230050435","Montgomery County Police","Injury Crash","08/20/2023 09:26:00 PM","County","HILLANDALE RD","BRADLEY BLVD",,"N/A","PEDESTRIAN","SINGLE VEHICLE","CLEAR","DRY","DARK LIGHTS ON","TRAFFIC SIGNAL","NONE DETECTED","NONE DETECTED","A5F0342C-BD90-4ECF-9364-A892B7ED4FAD","PEDESTRIAN","Cross/Enter at Intersection","NO IMPROPER ACTIONS","AT INTERSECTION MARKED CROSSWALK","No","SUSPECTED MINOR INJURY","N/A","38.9778","-77.09670833","    (38.9778, -77.09670833)"
"MCP2516004C","230050372","Montgomery County Police","Injury Crash","08/20/2023 01:34:00 PM","County","WATERS RD","WISTERIA DR",,"N/A","OTHER","SINGLE VEHICLE","CLEAR","DRY","DAYLIGHT","NO CONTROLS","NONE DETECTED","N/A","7D28879A-01FF-4039-9C4E-496381A4F6AC","OTHER","N/A","N/A","N/A","No","NO APPARENT INJURY","N/A","39.17790703","-77.27273186","    (39.17790703, -77.27273186)"
"MCP2708008D","230050302","Montgomery County Police","Property Damage Crash","08/19/2023 09:54:00 PM","Maryland (State)","UNIVERSITY BLVD E","ENT TO BUSINESS",,"N/A","PEDESTRIAN","STRAIGHT MOVEMENT ANGLE","CLEAR","DRY","DARK LIGHTS ON","NO CONTROLS","UNKNOWN","NONE DETECTED","D56C33CE-9EB8-40CB-AB16-500407C45F2F","PEDESTRIAN","Other","NO IMPROPER ACTIONS","SIDEWALK","No","NO APPARENT INJURY","N/A","39.00002827","-76.99580421","    (39.00002827, -76.99580421)"
"MCP9301004L","230050284","Montgomery County Police","Injury Crash","08/19/2023 08:00:00 PM","Maryland (State)","W DIAMOND AVE","BUREAU DR",,"GAITHERSBURG","BICYCLIST","OTHER","N/A","DRY","DARK LIGHTS ON","TRAFFIC SIGNAL","N/A","N/A","F03757DD-014A-4723-852E-9187E9283F26","BICYCLIST","Walking/Riding against Traffic","IN ROADWAY IMPROPERLY","ON ROADWAY AT CROSSWALK","Yes","SUSPECTED MINOR INJURY","NONE","39.14180941","-77.21738014","    (39.14180941, -77.21738014)"
"MCP28980042","23050265","Montgomery County Police","Property Damage Crash","08/19/2023 04:07:00 PM",,,,"PARKING LOT OF 19721 FREDERICK RD GERMANTOWN MD",,"BICYCLIST","STRAIGHT MOVEMENT ANGLE","CLEAR",,"DAYLIGHT","NO CONTROLS","N/A","N/A","5DB74E8C-6540-4BE6-A934-28A43765D307","BICYCLIST","Cross/Enter not at Intersection","NO IMPROPER ACTIONS","OTHER","No","NO APPARENT INJURY","NONE","39.18009667","-77.23659333","    (39.18009667, -77.23659333)"
"EJ7875003N","230049988","Gaithersburg Police Depar","Injury Crash","08/17/2023 07:20:00 PM",,,,"PARKING LOT OF 394 W DEER PARK ROAD",,"PEDESTRIAN","OTHER","CLEAR",,"DAYLIGHT","N/A","UNKNOWN","N/A","90414F24-61BC-4774-81F3-B76720EAE0C9","PEDESTRIAN","Other","OTHER","OTHER","No","POSSIBLE INJURY","OTHER","39.12925274","-77.20170906","    (39.12925274, -77.20170906)"
"MCP2782004S","230049980","Montgomery County Police","Injury Crash","08/17/2023 06:39:00 PM","Maryland (State)","GEORGIA AVE","KAYSON ST",,"N/A","PEDESTRIAN","STRAIGHT MOVEMENT ANGLE","CLEAR","DRY","DAYLIGHT","NO CONTROLS","NONE DETECTED","NONE DETECTED","35176F48-0551-4E4A-A265-87FF8D7CAEAA","PEDESTRIAN","Unknown","NO IMPROPER ACTIONS","SIDEWALK","No","SUSPECTED MINOR INJURY","NONE","39.070845","-77.06336667","    (39.070845, -77.06336667)"
"MCP2723007G","230049438","Montgomery County Police","Injury Crash","08/15/2023 08:00:00 AM","Maryland (State)","VEIRS MILL RD","FIRST ST",,"N/A","PEDESTRIAN","SINGLE VEHICLE","UNKNOWN","UNKNOWN","DAYLIGHT","TRAFFIC SIGNAL","UNKNOWN","NONE DETECTED","CB2EB8A4-AC53-4343-9013-DCE3187E54BD","PEDESTRIAN","Cross/Enter at Intersection","UNKNOWN","ON ROADWAY AT CROSSWALK","Unknown","SUSPECTED SERIOUS INJURY","UNKNOWN","39.07990316","-77.13781415","    (39.07990316, -77.13781415)"
"MCP3000004H","230049481","Montgomery County Police","Injury Crash","08/14/2023 08:18:00 PM","County","CHARITY LA","RIFFLE FORD RD",,"N/A","PEDESTRIAN","OTHER","CLEAR","DRY","DARK LIGHTS ON","NO CONTROLS","NONE DETECTED","NONE DETECTED","283737AE-5177-4E6A-A7C3-6237E13675A6","PEDESTRIAN","Walking/Riding w/Traffic","NO IMPROPER ACTIONS","SHARED USE PATH OR TRAILS","No","POSSIBLE INJURY","NONE","39.1463255","-77.28766933","    (39.1463255, -77.28766933)"
"DD5623002L","230049468","Rockville Police Departme","Injury Crash","08/14/2023 07:10:00 PM","Maryland (State)","FIRST ST","BALTIMORE RD",,"ROCKVILLE","OTHER CONVEYANCE","SAME DIRECTION LEFT TURN","CLEAR","DRY","DAYLIGHT","TRAFFIC SIGNAL","NONE DETECTED","NONE DETECTED","8BC52E04-3F1D-4102-BE70-A2F235E3ADC1","OTHER CONVEYANCE","Cross/Enter at Intersection","NO IMPROPER ACTIONS","ON ROADWAY AT CROSSWALK","No","SUSPECTED MINOR INJURY","MC/BIKE HELMET","39.08455193","-77.13617105","    (39.08455193, -77.13617105)"
"MCP1354001W","230049412","Montgomery County Police","Injury Crash","08/14/2023 01:50:00 PM",,,,"PARKING LOT OF 11720 ROCKVILLE PIKE",,"PEDESTRIAN","STRAIGHT MOVEMENT ANGLE","CLEAR",,"DAYLIGHT","N/A","UNKNOWN","NONE DETECTED","6216C4CB-447D-417E-9904-76142B46DF36","PEDESTRIAN","Walking/Cycling on Sidewalk","NO IMPROPER ACTIONS","ON ROADWAY AT CROSSWALK","No","SUSPECTED MINOR INJURY","NONE","39.04894333","-77.11410333","    (39.04894333, -77.11410333)"
"MCP3010008K","230049242","Montgomery County Police","Injury Crash","08/13/2023 12:07:00 PM",,,,"PARKING LOT OF 4860 BOILING BROOK PKWY",,"BICYCLIST","STRAIGHT MOVEMENT ANGLE","CLEAR",,"DAYLIGHT","NO CONTROLS","N/A","N/A","19E2FCBE-B374-48A1-8B01-B631EE5765B1","BICYCLIST","Cross/Enter at Intersection","NO IMPROPER ACTIONS","OTHER","No","NO APPARENT INJURY","MC/BIKE HELMET","39.04679333","-77.099845","    (39.04679333, -77.099845)"
"MCP3010008K","230049242","Montgomery County Police","Injury Crash","08/13/2023 12:07:00 PM",,,,"PARKING LOT OF 4860 BOILING BROOK PKWY",,"BICYCLIST","STRAIGHT MOVEMENT ANGLE","CLEAR",,"DAYLIGHT","NO CONTROLS","N/A","N/A","F98B11A1-3F4B-4F7C-9515-DC0D33E139EE","BICYCLIST","Other","NO IMPROPER ACTIONS","OTHER","No","SUSPECTED MINOR INJURY","MC/BIKE HELMET","39.04679333","-77.099845","    (39.04679333, -77.099845)"
"MCP22030074","230049162","Montgomery County Police","Injury Crash","08/12/2023 05:25:00 PM","Maryland (State)","UNIVERSITY BLVD W","SLIGO CREEK PKWY",,"N/A","OTHER","SAME DIR REAR END","CLEAR","DRY","DAYLIGHT","N/A","NONE DETECTED","NONE DETECTED","C3FC22A9-C76D-43C1-970D-8342136E3A22","OTHER","Push/Work on Vehicle","NO IMPROPER ACTIONS","OTHER","No","SUSPECTED MINOR INJURY","N/A","39.03648167","-77.03006467","    (39.03648167, -77.03006467)"
"MCP22030074","230049162","Montgomery County Police","Injury Crash","08/12/2023 05:25:00 PM","Maryland (State)","UNIVERSITY BLVD W","SLIGO CREEK PKWY",,"N/A","OTHER","SAME DIR REAR END","CLEAR","DRY","DAYLIGHT","N/A","NONE DETECTED","NONE DETECTED","E282183A-10E3-4549-958D-40EED77809FE","OTHER","Push/Work on Vehicle","NO IMPROPER ACTIONS","OTHER","No","SUSPECTED MINOR INJURY","N/A","39.03648167","-77.03006467","    (39.03648167, -77.03006467)"
"MCP14330058","230048991","Montgomery County Police","Injury Crash","08/11/2023 07:20:00 PM","County","BOU AVE","CHAPMAN AVE",,"N/A","OTHER CONVEYANCE","OTHER","CLEAR","DRY","DAYLIGHT","STOP SIGN","NONE DETECTED","NONE DETECTED","AC70CD0C-0697-47B0-BAD3-68FB87BC35F9","OTHER CONVEYANCE","Cross/Enter at Intersection","NO IMPROPER ACTIONS","AT INTERSECTION MARKED CROSSWALK","No","SUSPECTED MINOR INJURY","NONE","39.0574964","-77.11648071","    (39.0574964, -77.11648071)"
"MCP3080003N","230048977","Montgomery County Police","Injury Crash","08/11/2023 06:20:00 PM",,"STILT ST","FULMER AVE",,"N/A","BICYCLIST","OTHER","CLEAR","DRY","DAYLIGHT","NO CONTROLS","N/A","N/A","82BA7200-87BB-43E7-BDCB-7AF8B0F77C96","BICYCLIST","Walking/Riding against Traffic","NO IMPROPER ACTIONS","ON ROADWAY NOT AT CROSSWALK","Yes","SUSPECTED MINOR INJURY","MC/BIKE HELMET","39.2195385","-77.2905295","    (39.2195385, -77.2905295)"
"EJ7879003C","230048975","Gaithersburg Police Depar","Injury Crash","08/11/2023 06:00:00 PM",,,,"1 N SUMMIT DRIVE",,"PEDESTRIAN","SINGLE VEHICLE","CLEAR",,"DAYLIGHT","NO CONTROLS","NONE DETECTED","NONE DETECTED","1BEB4A89-BB27-4E48-BDAC-C321435D71E3","PEDESTRIAN","Cross/Enter at Intersection","INATTENTIVE","ON ROADWAY NOT AT CROSSWALK","Unknown","POSSIBLE INJURY","NONE","39.14587303","-77.19194047","    (39.14587303, -77.19194047)"
"MCP3200008Y","230048950","Montgomery County Police","Injury Crash","08/11/2023 01:10:00 PM","County","SLIGO AVE","CHICAGO AVE",,"N/A","OTHER CONVEYANCE","OTHER","CLEAR","DRY","DAYLIGHT","UNKNOWN","UNKNOWN","NONE DETECTED","393AA3D8-F121-42D6-A259-28088DB9028E","OTHER CONVEYANCE","Unknown","UNKNOWN","UNKNOWN","Unknown","SUSPECTED MINOR INJURY","NONE","38.99013729","-77.01976111","    (38.99013729, -77.01976111)"
"MCP2586006F","230048634","Montgomery County Police","Injury Crash","08/09/2023 06:17:00 PM","Maryland (State)","CLOPPER RD","MATENEY RD",,"N/A","BICYCLIST","STRAIGHT MOVEMENT ANGLE","CLEAR","DRY","DAYLIGHT","TRAFFIC SIGNAL","NONE DETECTED","NONE DETECTED","B4F7BE19-08A6-4B51-A041-B69009D06DE5","BICYCLIST","Cross/Enter at Intersection","NO IMPROPER ACTIONS","AT INTERSECTION MARKED CROSSWALK","No","POSSIBLE INJURY","MC/BIKE HELMET","39.15662047","-77.26643723","    (39.15662047, -77.26643723)"
"MCP3353001G","230048526","Montgomery County Police","Injury Crash","08/09/2023 10:01:00 AM","County","LLOYDMINSTER DR","FALCONBRIDGE TERR",,"N/A","PEDESTRIAN","SINGLE VEHICLE","N/A","N/A","DAYLIGHT","STOP SIGN","N/A","N/A","8F0BCDAF-DE1D-4C98-82CF-2013A609DE54","PEDESTRIAN","Walking/Riding against Traffic","NO IMPROPER ACTIONS","ON ROADWAY AT CROSSWALK","No","NO APPARENT INJURY","N/A","39.10661233","-77.26357183","    (39.10661233, -77.26357183)"
"MCP3353001G","230048526","Montgomery County Police","Injury Crash","08/09/2023 10:01:00 AM","County","LLOYDMINSTER DR","FALCONBRIDGE TERR",,"N/A","PEDESTRIAN","SINGLE VEHICLE","N/A","N/A","DAYLIGHT","STOP SIGN","N/A","N/A","5524CD55-82ED-4443-9B75-DC956FFA5E8D","PEDESTRIAN","Walking/Riding against Traffic","NO IMPROPER ACTIONS","ON ROADWAY AT CROSSWALK","No","SUSPECTED MINOR INJURY","N/A","39.10661233","-77.26357183","    (39.10661233, -77.26357183)"
"MCP3238002K","230048389","Montgomery County Police","Property Damage Crash","08/08/2023 12:43:00 PM","Maryland (State)","COLESVILLE RD","GEORGIA AVE",,"N/A","PEDESTRIAN","N/A","CLEAR","DRY","DAYLIGHT","NO CONTROLS","NONE DETECTED","NONE DETECTED","981FD729-F895-4369-89F5-D80C09A2D8FE","PEDESTRIAN","Other","OTHER","SIDEWALK","No","NO APPARENT INJURY","NONE","38.99574233","-77.02836717","    (38.99574233, -77.02836717)"
"MCP3296001Z","230048305","Montgomery County Police","Injury Crash","08/07/2023 08:30:00 PM",,,,"PARKING LOT OF 3904 BLACKBURN LN",,"PEDESTRIAN","SINGLE VEHICLE","RAINING",,"DARK NO LIGHTS","NO CONTROLS","NONE DETECTED","NONE DETECTED","A0485B46-CD81-4D38-AA6D-261B8F0CD36F","PEDESTRIAN","Cross/Enter not at Intersection","NOT VISIBLE","ON ROADWAY NOT AT CROSSWALK","Yes","POSSIBLE INJURY","NONE","39.10491217","-76.93036733","    (39.10491217, -76.93036733)"
"MCP291400DY","230048159","Montgomery County Police","Injury Crash","08/07/2023 05:07:00 AM","County","FENTON ST","KING ST",,"N/A","PEDESTRIAN","OTHER","CLEAR","WET","DARK LIGHTS ON","NO CONTROLS","N/A","ILLEGAL DRUG CONTRIBUTED","7B32573B-F9C9-40B5-8BD4-581DBD5F9FDF","PEDESTRIAN","Unknown","UNKNOWN","UNKNOWN","Yes","SUSPECTED SERIOUS INJURY","NONE","38.98759297","-77.02346754","    (38.98759297, -77.02346754)"
"MCP3170003C","230048102","Montgomery County Police","Injury Crash","08/06/2023 04:53:00 PM","Maryland (State)","GERMANTOWN RD","CRYSTAL ROCK DR",,"N/A","BICYCLIST","STRAIGHT MOVEMENT ANGLE","CLEAR","DRY","N/A","TRAFFIC SIGNAL","NONE DETECTED","NONE DETECTED","4398C386-C9E5-4A5B-8EBC-0ED082E90511","BICYCLIST","Cross/Enter at Intersection","FAILURE TO YIELD RIGHT OF WAY","ON ROADWAY NOT AT CROSSWALK","Yes","SUSPECTED MINOR INJURY","NONE","39.18094231","-77.26247228","    (39.18094231, -77.26247228)"
"MCP2177004T","230047959","Montgomery County Police","Injury Crash","08/05/2023 01:48:00 PM",,,,"PARKING LOT OF 880 RUSSELL AVENUE",,"PEDESTRIAN","SINGLE VEHICLE","CLOUDY",,"DAYLIGHT","N/A","NONE DETECTED","N/A","46AD2293-DB7E-4CE6-BF15-9EEF1DB170B5","PEDESTRIAN","Other","OTHER","OTHER","Unknown","POSSIBLE INJURY","N/A","39.15639822","-77.21397835","    (39.15639822, -77.21397835)"
"DD559500DR","230047919","Rockville Police Departme","Injury Crash","08/05/2023 08:55:00 AM",,,,"PARKING LOT OF 50 W. EDMONSTON DR",,"BICYCLIST","OTHER","CLOUDY",,"DAYLIGHT","NO CONTROLS","NONE DETECTED","NONE DETECTED","3C54BB1C-6A9C-4FD8-9BEE-7234F8B1E5C6","BICYCLIST","Walking/Cycling on Sidewalk","NO IMPROPER ACTIONS","OTHER","No","SUSPECTED MINOR INJURY","NONE","39.07392417","-77.13527917","    (39.07392417, -77.13527917)"
"MCP3276002R","230047889","Montgomery County Police","Injury Crash","08/04/2023 11:30:00 PM","Maryland (State)","UNIVERSITY BLVD E","BUCKINGHAM DR",,"N/A","PEDESTRIAN","OTHER","CLEAR","DRY","DARK LIGHTS ON","NO CONTROLS","UNKNOWN","UNKNOWN","860653DD-F153-440F-A2CB-C19302DD8DF2","PEDESTRIAN","Unknown","UNKNOWN","ON ROADWAY NOT AT CROSSWALK","Unknown","SUSPECTED SERIOUS INJURY","NONE","39.00661129","-76.99764611","    (39.00661129, -76.99764611)"
"MCP2612005D","230047688","Montgomery County Police","Injury Crash","08/03/2023 11:30:00 AM","County","RANDOLPH RD","VEIRS MILL RD",,"N/A","PEDESTRIAN","UNKNOWN","CLOUDY","DRY","DAYLIGHT","UNKNOWN","UNKNOWN","UNKNOWN","BC92E6A5-C745-441C-8550-22E9119074B5","PEDESTRIAN","Unknown","UNKNOWN","UNKNOWN","Unknown","SUSPECTED MINOR INJURY","UNKNOWN","39.05617734","-77.08262173","    (39.05617734, -77.08262173)"
"MCP24450052","230047596","Montgomery County Police","Injury Crash","08/03/2023 10:34:00 AM","Maryland (State)","FREDERICK RD","OXBRIDGE DR",,"N/A","PEDESTRIAN","STRAIGHT MOVEMENT ANGLE","CLEAR","DRY","DAYLIGHT","NO CONTROLS","UNKNOWN","NONE DETECTED","D6FAD665-F025-42F7-AB70-BA2FA44B2330","PEDESTRIAN","Cross/Enter at Intersection","NO IMPROPER ACTIONS","ON ROADWAY AT CROSSWALK","No","SUSPECTED MINOR INJURY","NONE","39.190056","-77.24168117","    (39.190056, -77.24168117)"
"EJ785600BZ","230047508","Gaithersburg Police Depar","Injury Crash","08/02/2023 06:37:00 PM","Municipality","KENTLANDS BLVD","MARKET ST",,"GAITHERSBURG","PEDESTRIAN","OTHER","CLOUDY","DRY","DAYLIGHT","STOP SIGN","N/A","N/A","A931C563-4A9D-486A-8025-A0ACE268A27F","PEDESTRIAN","Cross/Enter at Intersection","NO IMPROPER ACTIONS","AT INTERSECTION MARKED CROSSWALK","No","SUSPECTED MINOR INJURY","NONE","39.1232753","-77.2360439","    (39.1232753, -77.2360439)"
"DM84780021","230047418","Takoma Park Police Depart","Property Damage Crash","08/01/2023 12:00:00 PM",,,,"EXITING THE PARKING LOT OF APARTMENT COMPLEX",,"MACHINE OPERATOR/RIDER","SINGLE VEHICLE","CLEAR",,"DAYLIGHT","NO CONTROLS","NONE DETECTED","NONE DETECTED","738C7132-5523-41B3-B935-FDD222F512EC","MACHINE OPERATOR/RIDER","Cross/Enter not at Intersection","NO IMPROPER ACTIONS","SIDEWALK","No","NO APPARENT INJURY","UNKNOWN","38.975765","-77.014213","    (38.975765, -77.014213)"
"EJ7888004P","230047197","Gaithersburg Police Depar","Injury Crash","07/31/2023 05:44:00 PM",,"CHEYENNE RD","OLD QUINCE ORCHARD RD",,"N/A","BICYCLIST","STRAIGHT MOVEMENT ANGLE","CLEAR","DRY","DAYLIGHT","NO CONTROLS","UNKNOWN","NONE DETECTED","11C05DE0-1045-4460-AE27-49FB5A3EE444","BICYCLIST","Cross/Enter not at Intersection","NO IMPROPER ACTIONS","AT INTERSECTION BUT NO CROSSWALK","No","SUSPECTED MINOR INJURY","MC/BIKE HELMET","39.12487064","-77.24742854","    (39.12487064, -77.24742854)"
"MCP2177004S","230046972","Montgomery County Police","Injury Crash","07/30/2023 02:40:00 PM","Municipality","RUSSELL AVE","SPUR TO ODENDHAL AVE",,"N/A","PEDESTRIAN","SINGLE VEHICLE","CLEAR","DRY","DAYLIGHT","N/A","NONE DETECTED","NONE DETECTED","E688F882-C73E-4F32-84FF-B8ABD359ACE5","PEDESTRIAN","Cross/Enter at Intersection","NO IMPROPER ACTIONS","ON ROADWAY AT CROSSWALK","No","SUSPECTED MINOR INJURY","N/A","39.15050159","-77.2043814","    (39.15050159, -77.2043814)"
"MCP2940006N","230046969","Montgomery County Police","Injury Crash","07/30/2023 02:25:00 PM","County","BANNOCKBURN DR","MACARTHUR BLVD",,"N/A","BICYCLIST","HEAD ON LEFT TURN","CLEAR","DRY","DAYLIGHT","NO CONTROLS","NONE DETECTED","NONE DETECTED","C5A5F9D9-0742-4C7D-878C-6231430DC44F","BICYCLIST","Walking/Riding w/Traffic","N/A","OTHER","No","SUSPECTED MINOR INJURY","MC/BIKE HELMET","38.97293233","-77.1414305","    (38.97293233, -77.1414305)"
"MCP3360000L","230046354","Montgomery County Police","Injury Crash","07/25/2023 10:12:00 AM","County","WATKINS MILL RD","STEDWICK RD",,"N/A","BICYCLIST","SINGLE VEHICLE","CLEAR","DRY","DAYLIGHT","TRAFFIC SIGNAL","UNKNOWN","N/A","390AA256-2353-4FB7-92CB-4F3F61C6ED75","BICYCLIST","N/A","NO IMPROPER ACTIONS","AT INTERSECTION MARKED CROSSWALK","No","SUSPECTED MINOR INJURY","NONE","39.17055765","-77.20888876","    (39.17055765, -77.20888876)"
"MCP26080054","230035307","Montgomery County Police","Property Damage Crash","07/24/2023 09:16:00 PM","US (State)","COLESVILLE RD","TIMBERWOOD AVE",,"N/A","OTHER CONVEYANCE","HEAD ON","CLEAR","DRY","DARK LIGHTS ON","TRAFFIC SIGNAL","NONE DETECTED","N/A","12FA9EE7-3D9E-4FCA-8ECA-E0C888CEF804","OTHER CONVEYANCE","N/A","NO IMPROPER ACTIONS","CURB","No","NO APPARENT INJURY","N/A","39.02419833","-77.011125","    (39.02419833, -77.011125)"
"MCP2861005Z","230034963","Montgomery County Police","Injury Crash","07/22/2023 06:58:00 PM",,,,"PARKING LOT OF 7101 DEMOCRACY BLVD",,"PEDESTRIAN","SINGLE VEHICLE","CLEAR",,"DAYLIGHT","NO CONTROLS","NONE DETECTED","NONE DETECTED","6EED454B-5A6E-487D-8544-F969F2F21350","PEDESTRIAN","Other","IN ROADWAY IMPROPERLY","ON ROADWAY NOT AT CROSSWALK","No","SUSPECTED MINOR INJURY","NONE","39.02406091","-77.14761954","    (39.02406091, -77.14761954)"