"Report Number","Local Case Number","Agency Name","ACRS Report Type","Crash Date/Time","Route Type","Road Name","Cross-Street Name","Off-Road Description","Municipality","Related Non-Motorist","Collision Type","Weather","Surface Condition","Light","Traffic Control","Driver Substance Abuse","Non-Motorist Substance Abuse","Person ID","Pedestrian Type","Pedestrian Movement","Pedestrian Actions","Pedestrian Location","At Fault","Injury Severity","Safety Equipment","Latitude","Longitude","Location"
"EJ7809003W","230034946","Gaithersburg Police Depar","Injury Crash","07/22/2023 05:01:00 PM","County","N SUMMIT AVE","PARK AVE",,"GAITHERSBURG","OTHER CONVEYANCE","SINGLE VEHICLE","CLEAR","DRY","DAYLIGHT","NO CONTROLS","NONE DETECTED","UNKNOWN","74B7E523-1A69-45EE-B142-7882EBAB01EC","OTHER CONVEYANCE","Walking/Riding w/Traffic","OTHER","ON ROADWAY NOT AT CROSSWALK","Unknown","SUSPECTED MINOR INJURY","NONE","39.14494278","-77.19249225","    (39.14494278, -77.19249225)"
"EJ7858007Y","230034896","Gaithersburg Police Depar","Injury Crash","07/22/2023 12:10:00 PM","Maryland (State)","FREDERICK RD","WALKER AVE",,"GAITHERSBURG","OTHER","OTHER","CLEAR","DRY","DAYLIGHT","STOP SIGN","NONE DETECTED","NONE DETECTED","880EEAD6-AD9C-4564-B927-C5E71F103320","OTHER","Cross/Enter at Intersection","OTHER","ON ROADWAY AT CROSSWALK","Yes","SUSPECTED MINOR INJURY","NONE","39.14368238","-77.20112613","    (39.14368238, -77.20112613)"
"MCP3264003W","230034745","Montgomery County Police","Injury Crash","07/21/2023 01:24:00 PM","Maryland (State)","GEORGIA AVE","FENWICK LA",,"N/A","BICYCLIST","STRAIGHT MOVEMENT ANGLE","CLEAR","DRY","DAYLIGHT","NO CONTROLS","NONE DETECTED","NONE DETECTED","CC204678-3AA1-41EE-976B-62AC3E32EE34","BICYCLIST","Cross/Enter at Intersection","UNKNOWN","ON ROADWAY AT CROSSWALK","Unknown","SUSPECTED MINOR INJURY","NONE","38.99828526","-77.03064861","    (38.99828526, -77.03064861)"
"MCP3299002R","230034733","Montgomery County Police","Property Damage Crash","07/21/2023 11:52:00 AM","Maryland (State)","GEORGIA AVE","OLD BALTIMORE RD",,"N/A","PEDESTRIAN","OTHER","CLEAR","DRY","DAYLIGHT","STOP SIGN","NONE DETECTED","NONE DETECTED","B056C81B-F1F4-4BA9-83CB-E61F2756C13D","PEDESTRIAN","Cross/Enter at Intersection","NO IMPROPER ACTIONS","ON ROADWAY AT CROSSWALK","No","NO APPARENT INJURY","N/A","39.13526333","-77.06976","    (39.13526333, -77.06976)"
"MCP3299002R","230034733","Montgomery County Police","Property Damage Crash","07/21/2023 11:52:00 AM","Maryland (State)","GEORGIA AVE","OLD BALTIMORE RD",,"N/A","PEDESTRIAN","OTHER","CLEAR","DRY","DAYLIGHT","STOP SIGN","NONE DETECTED","NONE DETECTED","A714E88C-54D2-4400-88EE-599C0FF52E51","PEDESTRIAN","Cross/Enter at Intersection","NO IMPROPER ACTIONS","ON ROADWAY AT CROSSWALK","No","NO APPARENT INJURY","N/A","39.13526333","-77.06976","    (39.13526333, -77.06976)"
"MCP3010008D","230034715","Montgomery County Police","Injury Crash","07/21/2023 09:30:00 AM","Maryland (State)","WISCONSIN AVE","BETHESDA AVE",,"N/A","OTHER PEDALCYCLIST","HEAD ON LEFT TURN","CLEAR","DRY","DAYLIGHT","TRAFFIC SIGNAL","N/A","N/A","4F828545-234A-4497-B435-E3E8A35146C7","OTHER PEDALCYCLIST","Cross/Enter at Intersection","NO IMPROPER ACTIONS","AT INTERSECTION MARKED CROSSWALK","No","SUSPECTED MINOR INJURY","MC/BIKE HELMET","38.98119833","-77.09230667","    (38.98119833, -77.09230667)"
"MCP289200F0","230034624","Montgomery County Police","Injury Crash","07/20/2023 06:01:00 PM","County","THAYER AVE","FENTON ST",,"N/A","PEDESTRIAN","SINGLE VEHICLE","CLEAR","DRY","DAYLIGHT","NO CONTROLS","NONE DETECTED","NONE DETECTED","0AAE1CD2-5C7A-409E-AADA-1DE7D542C16A","PEDESTRIAN","Cross/Enter not at Intersection","IN ROADWAY IMPROPERLY","ON ROADWAY NOT AT CROSSWALK","Yes","POSSIBLE INJURY","NONE","38.99308191","-77.02331513","    (38.99308191, -77.02331513)"
"EJ78950044","230034533","Gaithersburg Police Depar","Injury Crash","07/20/2023 11:45:00 AM","County","ODENDHAL AVE","GOSHEN RD",,"N/A","PEDESTRIAN","SAME DIRECTION RIGHT TURN","CLEAR","DRY","DAYLIGHT","TRAFFIC SIGNAL","NONE DETECTED","NONE DETECTED","EDCADAF6-CD68-43F0-9D4C-BC3E76263C0E","PEDESTRIAN","Cross/Enter at Intersection","NO IMPROPER ACTIONS","ON ROADWAY AT CROSSWALK","No","POSSIBLE INJURY","NONE","39.1526245","-77.19285418","    (39.1526245, -77.19285418)"
"DM85040015","230034514","Takoma Park Police Depart","Injury Crash","07/20/2023 09:20:00 AM","Maryland (State)","PINEY BRANCH RD","PINEY BRANCH NW",,"N/A","OTHER","SAME DIR REND LEFT TURN","CLEAR","DRY","DAYLIGHT","NO CONTROLS","N/A","NONE DETECTED","67C4E461-BA7F-450D-8C7A-2B04A6523D1A","OTHER","Walking/Riding w/Traffic","OTHER","OTHER","Unknown","SUSPECTED MINOR INJURY","NONE","38.98086834","-77.01648149","    (38.98086834, -77.01648149)"
"DD559500DP","230034003","Rockville Police Departme","Injury Crash","07/18/2023 10:46:00 AM","Maryland (State)","VEIRS MILL RD","ENT TO BUSINESS",,"N/A","PEDESTRIAN","SINGLE VEHICLE","CLEAR","DRY","DAYLIGHT","NO CONTROLS","UNKNOWN","NONE DETECTED","CCAC6303-E502-4B97-8D74-55FEE77EDCFD","PEDESTRIAN","Cross/Enter not at Intersection","FAILURE TO YIELD RIGHT OF WAY","MEDIAN","Yes","SUSPECTED MINOR INJURY","N/A","39.07570606","-77.11794535","    (39.07570606, -77.11794535)"
"MCP2771002B","230034003","Montgomery County Police","Injury Crash","07/17/2023 12:53:00 PM","County","PECAN DR","BUTTERNUT DR",,"N/A","OTHER","SINGLE VEHICLE","CLOUDY","DRY","DAYLIGHT","N/A",,"N/A","263E6D27-5F3B-4F27-9D29-B7F2F866CCEB","OTHER","Getting off/on Vehicle","OTHER","OTHER","Yes","SUSPECTED MINOR INJURY","N/A","39.09178359","-77.09882296","    (39.09178359, -77.09882296)"
"EJ7858007X","230033705","Gaithersburg Police Depar","Injury Crash","07/15/2023 12:15:00 PM","Municipality","GIRARD ST","GOSHEN RD",,"N/A","OTHER","OTHER","CLOUDY","DRY","DAYLIGHT","TRAFFIC SIGNAL","NONE DETECTED","NONE DETECTED","7827F4C5-AB04-47F3-A8FE-C721EC87EE96","OTHER","Other","OTHER","ON ROADWAY AT CROSSWALK","Yes","POSSIBLE INJURY","MC/BIKE HELMET","39.15111155","-77.19246255","    (39.15111155, -77.19246255)"
"MCP3086009B","230033704","Montgomery County Police","Injury Crash","07/15/2023 11:55:00 AM","County","EAST VILLAGE AVE","WELBECK WAY",,"N/A","BICYCLIST","ANGLE MEETS LEFT TURN","CLOUDY","DRY","DAYLIGHT","NO CONTROLS","NONE DETECTED","NONE DETECTED","AF741765-45A7-4F1C-9D01-462EE0784822","BICYCLIST","Cross/Enter at Intersection","NO IMPROPER ACTIONS","IN BIKEWAY","No","POSSIBLE INJURY","MC/BIKE HELMET","39.18775","-77.17926167","    (39.18775, -77.17926167)"
"MCP3337001N","230033699","Montgomery County Police","Injury Crash","07/15/2023 11:22:00 AM","Maryland (State)","GEORGIA AVE","LAYHILL RD",,"N/A","PEDESTRIAN","N/A","CLEAR","DRY","DAYLIGHT","NO CONTROLS","NONE DETECTED","NONE DETECTED","D8500A1F-B014-4049-AA7E-E4446964E3CE","PEDESTRIAN","Cross/Enter not at Intersection","NO IMPROPER ACTIONS","SIDEWALK","No","POSSIBLE INJURY","N/A","39.05950817","-77.05035067","    (39.05950817, -77.05035067)"
"MCP3255004V","230033617","Montgomery County Police","Injury Crash","07/14/2023 05:32:00 PM","Municipality","WASHINGTONIAN BLVD","ENT. TO WASHINGTONIAN CENTER",,"N/A","PEDESTRIAN","SINGLE VEHICLE","RAINING","WET","DAYLIGHT","STOP SIGN","N/A","N/A","7BC11752-5A89-48DE-8A14-5B1B2D028054","PEDESTRIAN","Cross/Enter at Intersection","NO IMPROPER ACTIONS","ON ROADWAY AT CROSSWALK","No","SUSPECTED MINOR INJURY","N/A","39.11871562","-77.20252175","    (39.11871562, -77.20252175)"
"MCP3255004V","230033617","Montgomery County Police","Injury Crash","07/14/2023 05:32:00 PM","Municipality","WASHINGTONIAN BLVD","ENT. TO WASHINGTONIAN CENTER",,"N/A","PEDESTRIAN","SINGLE VEHICLE","RAINING","WET","DAYLIGHT","STOP SIGN","N/A","N/A","FAE81B70-1CAA-4CA2-9031-5C3F1CD55B57","PEDESTRIAN","Cross/Enter at Intersection","NO IMPROPER ACTIONS","ON ROADWAY AT CROSSWALK","No","SUSPECTED MINOR INJURY","N/A","39.11871562","-77.20252175","    (39.11871562, -77.20252175)"
"MCP3230004J","230033597","Montgomery County Police","Injury Crash","07/14/2023 04:50:00 PM","County","ASPEN HILL RD","PARKLAND DR",,"N/A","OTHER","OTHER","CLEAR","DRY","DAYLIGHT","TRAFFIC SIGNAL","NONE DETECTED","NONE DETECTED","B7AFD0CB-A221-4B5A-B1AA-F1E09E2D05AD","OTHER","Cross/Enter at Intersection","UNKNOWN","ON ROADWAY NOT AT CROSSWALK","Unknown","SUSPECTED MINOR INJURY","NONE","39.07909683","-77.08717517","    (39.07909683, -77.08717517)"
"MCP30630048","230033523","Montgomery County Police","Property Damage Crash","07/14/2023 09:53:00 AM","Maryland (State)","COLESVILLE RD","GEORGIA AVE",,"N/A","OTHER","N/A","CLEAR","DRY","DAYLIGHT","TRAFFIC SIGNAL","UNKNOWN","NONE DETECTED","3F1932EE-B09E-4563-847F-4AC083B4B5C4","OTHER","Cross/Enter at Intersection","NO IMPROPER ACTIONS","AT INTERSECTION MARKED CROSSWALK","No","NO APPARENT INJURY","NONE","38.99628671","-77.02810809","    (38.99628671, -77.02810809)"
"DD56100084","230033390","Rockville Police Departme","Injury Crash","07/13/2023 03:29:00 PM",,,,"403 REDLAND BLVD PARKING LOT OF (SAFEWAY)",,"PEDESTRIAN","OTHER","CLEAR",,"DAYLIGHT","NO CONTROLS","N/A","N/A","E37F230B-8ADF-42ED-9462-C1DDB3FB350A","PEDESTRIAN","Other","UNKNOWN","DRIVEWAY ACCESS MARKED CROSSWALK","No","POSSIBLE INJURY","N/A","39.11302717","-77.1727655","    (39.11302717, -77.1727655)"
"EJ7858007W","23003339","Gaithersburg Police Depar","Injury Crash","07/13/2023 10:35:00 AM","Maryland (State)","FREDERICK RD","WATKINS MILL RD",,"N/A","BICYCLIST","SINGLE VEHICLE","CLEAR","DRY","DAYLIGHT","STOP SIGN","UNKNOWN","NONE DETECTED","025FAB54-6097-4D3B-925B-4B2587534FD2","BICYCLIST","Walking/Riding w/Traffic","N/A","ON ROADWAY NOT AT CROSSWALK","No","POSSIBLE INJURY","MC/BIKE HELMET","39.15697668","-77.22112836","    (39.15697668, -77.22112836)"
"MCP2871008X","230033269","Montgomery County Police","Property Damage Crash","07/12/2023 06:41:00 PM","Maryland (State)","OLD GEORGETOWN RD","ENT TO BUSINESS",,"N/A","BICYCLIST","STRAIGHT MOVEMENT ANGLE","CLEAR","DRY","DAYLIGHT","NO CONTROLS","NONE DETECTED","NONE DETECTED","1600DC16-525D-44EA-BB7A-F4B92D74220D","BICYCLIST","Walking/Riding w/Traffic","NO IMPROPER ACTIONS","IN BIKEWAY","No","NO APPARENT INJURY","MC/BIKE HELMET","39.02557833","-77.12565","    (39.02557833, -77.12565)"
"MCP33470010","230033242","Montgomery County Police","Injury Crash","07/12/2023 04:12:00 PM","County","SHAFTSBURY ST","HAMPDEN ST",,"N/A","PEDESTRIAN","SINGLE VEHICLE","CLEAR","DRY","DAYLIGHT","NO CONTROLS",,"NONE DETECTED","66BA28F9-3848-4A8A-BB97-CDF78B4E9B18","PEDESTRIAN","Getting off/on Vehicle","ENTERING EXITING PARKED STANDING VEHICLE","SHOULDER","Yes","SUSPECTED MINOR INJURY","NONE","39.03144512","-77.07771183","    (39.03144512, -77.07771183)"
"MCP21810054","230032948","Montgomery County Police","Fatal Crash","07/11/2023 05:10:00 AM","Municipality","PICCARD DR","REDLAND BLVD",,"ROCKVILLE","PEDESTRIAN","OTHER","CLEAR","DRY","DARK LIGHTS ON","NO CONTROLS","N/A","ALCOHOL PRESENT","B52FEDB6-12D1-4FEF-B0C8-D6ADF2C1BCD5","PEDESTRIAN","Other","OTHER","ON ROADWAY NOT AT CROSSWALK","Yes","FATAL INJURY","NONE","39.107295","-77.18047333","    (39.107295, -77.18047333)"
"MCP3126004N","230032900","Montgomery County Police","Injury Crash","07/10/2023 07:15:00 PM","County","WEST OLD BALTIMORE RD","FREDERICK RD",,"N/A","PEDESTRIAN","OTHER","CLEAR","DRY","DAYLIGHT","TRAFFIC SIGNAL","NONE DETECTED","NONE DETECTED","DD985A25-D9D9-41D9-AF24-C54A20369898","PEDESTRIAN","Cross/Enter at Intersection","IN ROADWAY IMPROPERLY","MEDIAN","Yes","SUSPECTED MINOR INJURY","NONE","39.21552826","-77.2530279","    (39.21552826, -77.2530279)"
"MCP3123005V","230032844","Montgomery County Police","Injury Crash","07/10/2023 02:59:00 PM","Maryland (State)","METRO ACCESS RD","RAMP 7 FR MD 200 WB TO MD 200A SB (BACK)",,"N/A","BICYCLIST","STRAIGHT MOVEMENT ANGLE","CLEAR","DRY","DAYLIGHT","TRAFFIC SIGNAL","N/A","N/A","DD002BC1-C9AD-4994-A5A0-7CE9FDA7DC75","BICYCLIST","Cross/Enter at Intersection","DART DASH","ON ROADWAY AT CROSSWALK","Yes","SUSPECTED MINOR INJURY","NONE","39.1215332","-77.16107857","    (39.1215332, -77.16107857)"
"MCP1213007Y","230032407","Montgomery County Police","Injury Crash","07/07/2023 04:45:00 PM","County","CRYSTAL LA","MIDDLEVALE LA",,"N/A","PEDESTRIAN","STRAIGHT MOVEMENT ANGLE","CLEAR","DRY","DAYLIGHT","STOP SIGN","NONE DETECTED","NONE DETECTED","EF18707F-CBCB-4F53-AC95-8A230B58A91C","PEDESTRIAN","Cross/Enter at Intersection","NO IMPROPER ACTIONS","AT INTERSECTION BUT NO CROSSWALK","No","SUSPECTED MINOR INJURY","NONE","39.07833333","-77.040145","    (39.07833333, -77.040145)"
"MCP1213007Y","230032407","Montgomery County Police","Injury Crash","07/07/2023 04:45:00 PM","County","CRYSTAL LA","MIDDLEVALE LA",,"N/A","PEDESTRIAN","STRAIGHT MOVEMENT ANGLE","CLEAR","DRY","DAYLIGHT","STOP SIGN","NONE DETECTED","NONE DETECTED","84C41B1E-58E6-4990-BCBF-A338E175D679","PEDESTRIAN","Cross/Enter at Intersection","NO IMPROPER ACTIONS","AT INTERSECTION BUT NO CROSSWALK","No","SUSPECTED MINOR INJURY","NONE","39.07833333","-77.040145","    (39.07833333, -77.040145)"
"EJ78850035","230032394","Gaithersburg Police Depar","Injury Crash","07/07/2023 02:55:00 PM",,,,"PARKING LOT OF 880 RUSSELL AVE",,"PEDESTRIAN","N/A","CLEAR",,"DAYLIGHT","NO CONTROLS","NONE DETECTED","NONE DETECTED","5FB966A6-5440-4489-BF8F-2D88032C8063","PEDESTRIAN","Other","NO IMPROPER ACTIONS","OTHER","No","POSSIBLE INJURY","N/A","39.1563985","-77.21339017","    (39.1563985, -77.21339017)"
"DD56490037","230032266","Rockville Police Departme","Injury Crash","07/06/2023 06:38:00 PM","Municipality","HALPINE RD","E JEFFERSON ST",,"ROCKVILLE","PEDESTRIAN","OTHER","N/A","DRY","DAYLIGHT","TRAFFIC SIGNAL","N/A","N/A","E41DEF8E-C0E2-4D82-A313-78F52358D659","PEDESTRIAN","Cross/Enter at Intersection","NO IMPROPER ACTIONS","ON ROADWAY AT CROSSWALK","No","SUSPECTED MINOR INJURY","N/A","39.0612988","-77.12503017","    (39.0612988, -77.12503017)"
"MCP3374000Y","230032202","Montgomery County Police","Injury Crash","07/06/2023 02:15:00 PM",,,,"PARKING LOT EXIT BEHIND RESTARAUNTS ON THE HILLS PLAZA AND WILLARD AVE",,"PEDESTRIAN","HEAD ON","CLEAR",,"DAYLIGHT","NO CONTROLS","NONE DETECTED","NONE DETECTED","67A254D2-BFCB-4506-AC2B-EF8028B97473","PEDESTRIAN","Walking/Cycling on Sidewalk","NO IMPROPER ACTIONS","SIDEWALK","No","SUSPECTED MINOR INJURY","NONE","38.96197167","-77.08794167","    (38.96197167, -77.08794167)"
"MCP2941004M","230032171","Montgomery County Police","Injury Crash","07/06/2023 10:33:00 AM","County","LINDBERGH DR","WOODFIELD RD",,"N/A","PEDESTRIAN","OTHER","CLEAR","DRY","DAYLIGHT","TRAFFIC SIGNAL","NONE DETECTED","NONE DETECTED","0CFDBFA4-9DF7-4824-83C7-B41408B7569A","PEDESTRIAN","Cross/Enter at Intersection","N/A","ON ROADWAY AT CROSSWALK","No","SUSPECTED MINOR INJURY","NONE","39.16419167","-77.15709","    (39.16419167, -77.15709)"
"DM8514000Q","230031975","Takoma Park Police Depart","Injury Crash","07/06/2023 07:50:00 AM",,,,"PERSONAL INJURY COLLISION IN PARKING LOT OF SUNOCO 6907 NEW HAMPSHIRE AVENUE, TAKOMA PARK, MARYLAND",,"BICYCLIST","HEAD ON LEFT TURN","N/A",,"DAYLIGHT","NO CONTROLS","N/A","NONE DETECTED","4DBD5749-05F5-4DC7-A72F-960485B77B23","BICYCLIST","Cross/Enter not at Intersection","NO IMPROPER ACTIONS","OTHER","No","SUSPECTED SERIOUS INJURY","NONE","38.97587195","-76.99325355","    (38.97587195, -76.99325355)"
"MCP33620018","230032001","Montgomery County Police","Injury Crash","07/05/2023 10:39:00 AM",,,,"PARKING LOT OF 11120 NEW HAMPSHIRE AVE.",,"PEDESTRIAN","STRAIGHT MOVEMENT ANGLE","CLEAR",,"DAYLIGHT","NO CONTROLS","NONE DETECTED","NONE DETECTED","5BA9DBDB-1455-4010-9C4D-BDAAA7F3A84E","PEDESTRIAN","Cross/Enter not at Intersection","NO IMPROPER ACTIONS","DRIVEWAY ACCESS MARKED CROSSWALK","No","SUSPECTED MINOR INJURY","NONE","39.037575","-76.990425","    (39.037575, -76.990425)"
"MCP3341001T","230031983","Montgomery County Police","Injury Crash","07/05/2023 08:40:00 AM","Maryland (State)","LAYHILL RD","ENT TO METRO STORAGE YARD",,"N/A","PEDESTRIAN","OTHER","CLEAR","DRY","DAYLIGHT","STOP SIGN","N/A","N/A","A84F2412-76C7-46C5-8CF1-BDDD1ABABA44","PEDESTRIAN","Walking/Cycling on Sidewalk","NO IMPROPER ACTIONS","ON ROADWAY AT CROSSWALK","No","SUSPECTED MINOR INJURY","NONE","39.06552667","-77.04827583","    (39.06552667, -77.04827583)"
"MCP2339008G","230031927","Montgomery County Police","Injury Crash","07/04/2023 04:00:00 PM","Municipality","TWINBROOK PKWY","CHAPMAN AVE",,"ROCKVILLE","BICYCLIST","ANGLE MEETS RIGHT TURN","CLEAR","DRY","DAYLIGHT","TRAFFIC SIGNAL","NONE DETECTED","NONE DETECTED","BA461D28-C0DA-4E7A-9D89-737DBD7E39B0","BICYCLIST","Cross/Enter at Intersection","UNKNOWN","ON ROADWAY AT CROSSWALK","Unknown","POSSIBLE INJURY","UNKNOWN","39.05881239","-77.11896131","    (39.05881239, -77.11896131)"
"MCP2072006T","230031679","Montgomery County Police","Injury Crash","07/03/2023 10:48:00 AM","County","GUNNERS BRANCH RD","FREDERICK RD",,"N/A","PEDESTRIAN","OTHER","CLEAR","DRY","DAYLIGHT","TRAFFIC SIGNAL","NONE DETECTED","NONE DETECTED","7B059868-0FFD-41EE-A474-CA1FC9E42BA1","PEDESTRIAN","Cross/Enter at Intersection","NO IMPROPER ACTIONS","AT INTERSECTION MARKED CROSSWALK","No","SUSPECTED SERIOUS INJURY","N/A","39.18110333","-77.23837333","    (39.18110333, -77.23837333)"
"MCP2348006J","230031638","Montgomery County Police","Fatal Crash","07/03/2023 12:00:00 AM","Maryland (State)","NEW HAMPSHIRE AVE","SLIGO CREEK PKWY",,"N/A","PEDESTRIAN","SINGLE VEHICLE","CLEAR","DRY","DARK LIGHTS ON","N/A","ALCOHOL PRESENT","NONE DETECTED","805F51DF-272F-47D0-A509-AFC7E05B8594","PEDESTRIAN","Other","NO IMPROPER ACTIONS","OTHER","No","FATAL INJURY","N/A","38.98109532","-76.98930911","    (38.98109532, -76.98930911)"
"MCP3291001K","230031634","Montgomery County Police","Injury Crash","07/03/2023 12:00:00 AM",,,,"IN ALLEY WAY BETWEEN MAYOR LANE AND FENTON STREET",,"PEDESTRIAN","SINGLE VEHICLE","CLEAR",,"DARK LIGHTS ON","NO CONTROLS","UNKNOWN","ALCOHOL PRESENT","47D6573B-4580-41B8-B9A3-FEC55DDDDDB3","PEDESTRIAN","Walking/Riding w/Traffic","UNKNOWN","OTHER","Yes","POSSIBLE INJURY","N/A","38.99169667","-77.02491833","    (38.99169667, -77.02491833)"
"MCP3193004N","230031612","Montgomery County Police","Property Damage Crash","07/02/2023 07:20:00 PM","Maryland (State)","UNIVERSITY BLVD W","AMHERST AVE",,"N/A","BICYCLIST","OTHER","CLEAR","DRY","DAYLIGHT","NO CONTROLS","NONE DETECTED","NONE DETECTED","49C06472-24B2-4959-A297-B7A54C09FDDA","BICYCLIST","Walking/Cycling on Sidewalk","N/A","SIDEWALK","No","NO APPARENT INJURY","NONE","39.04115333","-77.04706333","    (39.04115333, -77.04706333)"
"MCP2592002W","230031578","Montgomery County Police","Injury Crash","07/02/2023 02:18:00 PM",,,,"PARKING LOT OF 9701 FIELDS ROAD (WASHINGTONIAN TOWERS)",,"PEDESTRIAN","SINGLE VEHICLE","CLEAR",,"DAYLIGHT","NO CONTROLS",,"ALCOHOL PRESENT","94FBCC3B-35CF-4A2C-9719-2A147AFC3004","PEDESTRIAN","Other","NO IMPROPER ACTIONS","OTHER","Unknown","SUSPECTED SERIOUS INJURY","NONE","39.11520892","-77.19959934","    (39.11520892, -77.19959934)"
"MCP30370055","230031471","Montgomery County Police","Injury Crash","07/01/2023 05:17:00 PM","County","WAYFARER RD","WATKINS MEADOW DR",,"N/A","PEDESTRIAN","OTHER","CLEAR","DRY","DAYLIGHT","NO CONTROLS","NONE DETECTED","NONE DETECTED","5286716A-6302-4178-8A9E-E5C4B2321BF3","PEDESTRIAN","Walking/Riding w/Traffic","NO IMPROPER ACTIONS","ON ROADWAY NOT AT CROSSWALK","No","SUSPECTED MINOR INJURY","NONE","39.19534443","-77.22423398","    (39.19534443, -77.22423398)"
"MCP3196003R","230030996","Montgomery County Police","Injury Crash","06/28/2023 10:28:00 PM",,,,"IN FRONT OF 12935 PICKERING DR, GERMANTOWN, MARYLAND",,"PEDESTRIAN","SINGLE VEHICLE","N/A",,"UNKNOWN","N/A","NONE DETECTED","NONE DETECTED","66A6452A-CD8C-4C89-B2E5-92F4C780EE0F","PEDESTRIAN","Standing","N/A","N/A","No","SUSPECTED MINOR INJURY","N/A","39.18700149","-77.26906354","    (39.18700149, -77.26906354)"
"MCP295200DT","230030880","Montgomery County Police","Injury Crash","06/28/2023 10:47:00 AM","Maryland (State)","EAST WEST HWY","COLESVILLE RD",,"N/A","PEDESTRIAN","SINGLE VEHICLE","CLOUDY","DRY","DAYLIGHT","TRAFFIC SIGNAL","NONE DETECTED","NONE DETECTED","3DA635D7-64A5-4873-85D4-51E41A1E884C","PEDESTRIAN","Cross/Enter at Intersection","NO IMPROPER ACTIONS","ON ROADWAY AT CROSSWALK","No","POSSIBLE INJURY","N/A","38.99377984","-77.03230618","    (38.99377984, -77.03230618)"
"MCP3068004W","230030764","Montgomery County Police","Injury Crash","06/27/2023 04:00:00 PM","Maryland (State)","WISCONSIN AVE","MONTGOMERY AVE",,"N/A","PEDESTRIAN","HEAD ON LEFT TURN","RAINING","WET","DAYLIGHT","TRAFFIC SIGNAL","N/A","N/A","F851298A-DB4B-4318-B3F2-57AFE6105407","PEDESTRIAN","Cross/Enter at Intersection","NO IMPROPER ACTIONS","ON ROADWAY AT CROSSWALK","No","SUSPECTED MINOR INJURY","NONE","38.98400983","-77.0940415","    (38.98400983, -77.0940415)"
"DD5643002V","230030322","Rockville Police Departme","Injury Crash","06/24/2023 10:50:00 PM","Municipality","MONROE ST","E JEFFERSON ST",,"N/A","OTHER, PEDESTRIAN","OTHER","CLEAR","DRY","DARK LIGHTS ON","TRAFFIC SIGNAL","NONE DETECTED","UNKNOWN","AC61CBD1-47DE-464C-AA34-3E7FEE83AA50","PEDESTRIAN","Cross/Enter at Intersection","DART DASH","OUTSIDE RIGHT OF WAY","Yes","SUSPECTED MINOR INJURY","N/A","39.08198033","-77.14913469","    (39.08198033, -77.14913469)"
"DD5643002V","230030322","Rockville Police Departme","Injury Crash","06/24/2023 10:50:00 PM","Municipality","MONROE ST","E JEFFERSON ST",,"N/A","OTHER, PEDESTRIAN","OTHER","CLEAR","DRY","DARK LIGHTS ON","TRAFFIC SIGNAL","NONE DETECTED","N/A","A2AB0E6C-AD55-49E1-A114-1B86B5285AC8","OTHER","N/A","N/A","N/A","No","NO APPARENT INJURY","N/A","39.08198033","-77.14913469","    (39.08198033, -77.14913469)"
"MCP9365001V","230030221","Montgomery County Police","Injury Crash","06/24/2023 12:39:00 PM","Maryland (State)","SANDY SPRING RD","DINO DR",,"N/A","BICYCLIST","SAME DIR REAR END","CLEAR","DRY","DAYLIGHT","N/A","NONE DETECTED","NONE DETECTED","330520E8-58AB-4FA9-A7C9-BBCAB80F8496","BICYCLIST","Walking/Riding w/Traffic","INATTENTIVE","OTHER","Yes","SUSPECTED SERIOUS INJURY","MC/BIKE HELMET","39.10888866","-76.92287007","    (39.10888866, -76.92287007)"
"MCP31840033","230030165","Montgomery County Police","Injury Crash","06/24/2023 12:03:00 AM","County","LOCKWOOD DR","OAK LEAF DR",,"N/A","PEDESTRIAN","OTHER","CLOUDY","WET","DARK LIGHTS ON","N/A","NONE DETECTED","NONE DETECTED","23669820-64A4-4D3E-90BF-767850F10E13","PEDESTRIAN","Cross/Enter at Intersection","NO IMPROPER ACTIONS","ON ROADWAY AT CROSSWALK","No","POSSIBLE INJURY","NONE","39.03805167","-76.99459333","    (39.03805167, -76.99459333)"
"MCP2799007B","230030144","Montgomery County Police","Injury Crash","06/23/2023 08:57:00 PM","US (State)","GEORGIA AVE","ELLSWORTH DR",,"N/A","PEDESTRIAN","SINGLE VEHICLE","CLEAR","DRY","DARK LIGHTS ON","TRAFFIC SIGNAL","NONE DETECTED","NONE DETECTED","820EF735-DFB4-4E7D-A630-B8A32E10B085","PEDESTRIAN","Cross/Enter at Intersection","NO IMPROPER ACTIONS","SIDEWALK","No","SUSPECTED MINOR INJURY","NONE","38.99544195","-77.02726407","    (38.99544195, -77.02726407)"
"DD5660000D","230030125","Rockville Police Departme","Injury Crash","06/23/2023 06:05:00 PM","Maryland (State)","FREDERICK RD","KING FARM BLVD",,"ROCKVILLE","PEDESTRIAN","N/A","RAINING","WET","DAYLIGHT","TRAFFIC SIGNAL","N/A","N/A","8ECB0882-7B97-49DF-A7F4-7847C43D34A0","PEDESTRIAN","Cross/Enter at Intersection","NO IMPROPER ACTIONS","ON ROADWAY AT CROSSWALK","No","POSSIBLE INJURY","N/A","39.11705325","-77.16883654","    (39.11705325, -77.16883654)"
"DD55200022","230029906","Rockville Police Departme","Injury Crash","06/22/2023 10:05:00 AM","Maryland (State)","ROCKVILLE PIKE","ENT TO WOODMONT COUNTRY CLUB",,"N/A","PEDESTRIAN","OTHER","RAINING","WET","DAYLIGHT","TRAFFIC SIGNAL","NONE DETECTED","NONE DETECTED","A2789456-1761-430F-841B-ABC4DF4EDD3A","PEDESTRIAN","Cross/Enter at Intersection","DART DASH","ON ROADWAY AT CROSSWALK","Yes","POSSIBLE INJURY","NONE","39.06943262","-77.13072958","    (39.06943262, -77.13072958)"
"MCP3089003W","230029744","Montgomery County Police","Injury Crash","06/21/2023 10:26:00 AM","US (State)","COLESVILLE RD","SPRING ST",,"N/A","PEDESTRIAN","OTHER","RAINING","WET","DAYLIGHT","TRAFFIC SIGNAL","N/A","ALCOHOL PRESENT","3A4728FF-B1FB-4176-B056-521210D254E4","PEDESTRIAN","N/A","IN ROADWAY IMPROPERLY","OUTSIDE RIGHT OF WAY","Yes","POSSIBLE INJURY","N/A","38.99962833","-77.02592833","    (38.99962833, -77.02592833)"