"Report Number","Local Case Number","Agency Name","ACRS Report Type","Crash Date/Time","Route Type","Road Name","Cross-Street Name","Off-Road Description","Municipality","Related Non-Motorist","Collision Type","Weather","Surface Condition","Light","Traffic Control","Driver Substance Abuse","Non-Motorist Substance Abuse","Person ID","Pedestrian Type","Pedestrian Movement","Pedestrian Actions","Pedestrian Location","At Fault","Injury Severity","Safety Equipment","Latitude","Longitude","Location"
"EJ7899000N","230015429","Gaithersburg Police Depar","Injury Crash","03/30/2023 09:04:00 PM","Maryland (State)","QUINCE ORCHARD RD","ENT TO PARK & RIDE",,"N/A","PEDESTRIAN","OTHER","CLEAR","DRY","DARK LIGHTS ON","TRAFFIC SIGNAL","NONE DETECTED","NONE DETECTED","52EDA201-0103-4F0E-9CC8-E50DAFA09CA9","PEDESTRIAN","Cross/Enter at Intersection","IN ROADWAY IMPROPERLY","ON ROADWAY NOT AT CROSSWALK","Yes","SUSPECTED SERIOUS INJURY","NONE","39.14799243","-77.21799047","    (39.14799243, -77.21799047)"
"MCP31360061","230014903","Montgomery County Police","Injury Crash","03/28/2023 07:05:00 AM","Maryland (State)","UNIVERSITY BLVD E","E FRANKLIN AVE",,"N/A","PEDESTRIAN","OTHER","CLEAR","DRY","DAWN","TRAFFIC SIGNAL","NONE DETECTED","NONE DETECTED","14A3A1D3-F73E-48A3-93C6-618A10828481","PEDESTRIAN","Cross/Enter at Intersection","NO IMPROPER ACTIONS","ON ROADWAY AT CROSSWALK","No","SUSPECTED MINOR INJURY","N/A","39.01215753","-77.00266355","    (39.01215753, -77.00266355)"
"MCP29300031","230014856","Montgomery County Police","Injury Crash","03/27/2023 08:12:00 PM",,,,"DRIVEWAY/SIDE WALK IN FRONT OF 2603 RANDOLPH RD",,"OTHER PEDALCYCLIST","STRAIGHT MOVEMENT ANGLE","CLEAR",,"DARK LIGHTS ON","N/A","NONE DETECTED","NONE DETECTED","39BA5B84-568A-41F2-963C-D527EA37488D","OTHER PEDALCYCLIST","Walking/Cycling on Sidewalk","NO IMPROPER ACTIONS","SIDEWALK","No","SUSPECTED MINOR INJURY","NONE","39.05836333","-77.04811333","    (39.05836333, -77.04811333)"
"EJ7885002Z","230014800","Gaithersburg Police Depar","Injury Crash","03/27/2023 03:55:00 PM",,,,"PARKING LOT OF 331 WEST SIDE DR",,"OTHER","OTHER","N/A",,"DAYLIGHT","NO CONTROLS","NONE DETECTED","NONE DETECTED","382CA7BC-2B6F-41DA-BF46-ED3E168EA364","OTHER","Other","NO IMPROPER ACTIONS","INSIDE BUILDING","No","POSSIBLE INJURY","N/A","39.12581733","-77.2050295","    (39.12581733, -77.2050295)"
"MCP94300008","230014759","Montgomery County Police","Injury Crash","03/27/2023 11:40:00 AM",,,,"ALLEYWAY BEHIND GEORGETOWN SQUARE",,"PEDESTRIAN","SINGLE VEHICLE","CLOUDY",,"DAYLIGHT","N/A","NONE DETECTED","NONE DETECTED","A41D9238-17D9-46C9-88ED-A13D24AA6802","PEDESTRIAN","Standing","NO IMPROPER ACTIONS","OTHER","No","SUSPECTED MINOR INJURY","NONE","39.02534749","-77.12782794","    (39.02534749, -77.12782794)"
"MCP30300058","230014639","Montgomery County Police","Injury Crash","03/26/2023 05:05:00 PM","County","PERSIMMON TREE RD","OAKLYN DR",,"N/A","BICYCLIST","STRAIGHT MOVEMENT ANGLE","CLEAR","DRY","DAYLIGHT","STOP SIGN","N/A","N/A","0273BC1B-C5AC-4B04-9EC2-272870145681","BICYCLIST","Cross/Enter at Intersection","OTHER","OTHER","Yes","POSSIBLE INJURY","MC/BIKE HELMET","38.99770667","-77.18886933","    (38.99770667, -77.18886933)"
"MCP3328001R","230014499","Montgomery County Police","Injury Crash","03/25/2023 06:00:00 PM","Maryland (State)","GEORGIA AVE","MASON ST",,"N/A","PEDESTRIAN","OTHER","CLOUDY","WET","DAYLIGHT","NO CONTROLS","NONE DETECTED","NONE DETECTED","E998BBAD-142F-43D6-89EF-C301D80AAE7B","PEDESTRIAN","Cross/Enter at Intersection","DART DASH","ON ROADWAY AT CROSSWALK","No","SUSPECTED MINOR INJURY","NONE","39.055404","-77.050068","    (39.055404, -77.050068)"
"MCP3086008L","230014414","Montgomery County Police","Injury Crash","03/25/2023 09:30:00 AM","County","CLUB HOUSE RD","CENTERWAY RD",,"N/A","PEDESTRIAN","SINGLE VEHICLE","RAINING","WET","DAYLIGHT","TRAFFIC SIGNAL","NONE DETECTED","NONE DETECTED","4D013AF0-7738-4696-B08B-AC2BE1BE9B27","PEDESTRIAN","Cross/Enter at Intersection","NO IMPROPER ACTIONS","ON ROADWAY AT CROSSWALK","No","SUSPECTED MINOR INJURY","N/A","39.17253667","-77.20127667","    (39.17253667, -77.20127667)"
"HA2432000K","23000541","Maryland-National Capital","Injury Crash","03/25/2023 09:00:00 AM","County","KENSINGTON PKWY","BEACH DR",,"N/A","PEDESTRIAN","SINGLE VEHICLE","RAINING","WET","DAYLIGHT","STOP SIGN","N/A","UNKNOWN","1F7272B0-160C-4753-B156-A8DA3A7E20FE","PEDESTRIAN","Cross/Enter at Intersection","NO IMPROPER ACTIONS","AT INTERSECTION MARKED CROSSWALK","No","SUSPECTED MINOR INJURY","UNKNOWN","39.01012092","-77.07385623","    (39.01012092, -77.07385623)"
"MCP2001001Z","230014394","Montgomery County Police","Fatal Crash","03/25/2023 01:47:00 AM","US (State)","COLUMBIA PIKE","HILLWOOD DR",,"N/A","PEDESTRIAN","SINGLE VEHICLE","RAINING","WET","DARK LIGHTS ON","NO CONTROLS","N/A","ALCOHOL PRESENT","44325907-656B-4816-A845-EA86031CF450","PEDESTRIAN","Walking/Riding w/Traffic","IN ROADWAY IMPROPERLY","ON ROADWAY NOT AT CROSSWALK","Yes","FATAL INJURY","N/A","39.03240511","-77.00350933","    (39.03240511, -77.00350933)"
"MCP20010020","230014721","Montgomery County Police","Injury Crash","03/25/2023 01:46:00 AM","US (State)","COLUMBIA PIKE","HILLWOOD DR",,"N/A","PEDESTRIAN","SINGLE VEHICLE","RAINING","WET","DARK LIGHTS ON","NO CONTROLS","NONE DETECTED","UNKNOWN","2033A182-3937-4CE5-A840-960EF29A62D6","PEDESTRIAN","Walking/Riding w/Traffic","IN ROADWAY IMPROPERLY","ON ROADWAY NOT AT CROSSWALK","Yes","POSSIBLE INJURY","N/A","39.03234576","-77.00357021","    (39.03234576, -77.00357021)"
"MCP3184002Y","230014378","Montgomery County Police","Injury Crash","03/24/2023 11:17:00 PM","Maryland (State)","UNIVERSITY BLVD E","CARROLL AVE",,"N/A","PEDESTRIAN","OTHER","RAINING","WET","UNKNOWN","UNKNOWN","UNKNOWN","ALCOHOL PRESENT","48D4171C-3019-4D2A-9262-BAA2930F18AC","PEDESTRIAN","Unknown","UNKNOWN","UNKNOWN","Unknown","SUSPECTED MINOR INJURY","UNKNOWN","38.99420635","-76.9925921","    (38.99420635, -76.9925921)"
"MCP2760003D","230014325","Montgomery County Police","Injury Crash","03/24/2023 05:32:00 PM","Maryland (State)","FREDERICK RD","LAKE FOREST BLVD",,"GAITHERSBURG","PEDESTRIAN","OTHER","RAINING","WET","DAYLIGHT","NO CONTROLS","N/A","N/A","E39E0027-279C-485D-A107-601AF807288C","PEDESTRIAN","Cross/Enter not at Intersection","IN ROADWAY IMPROPERLY","ON ROADWAY NOT AT CROSSWALK","Yes","POSSIBLE INJURY","NONE","39.15096333","-77.20979","    (39.15096333, -77.20979)"
"DD561500F8","230014198","Rockville Police Departme","Injury Crash","03/24/2023 07:45:00 AM","Municipality","FLEET ST","PARK AVE",,"ROCKVILLE","PEDESTRIAN","SINGLE VEHICLE","RAINING","WET","DAWN","NO CONTROLS","NONE DETECTED","NONE DETECTED","979A3F00-9E54-4D87-872C-69CCA738F786","PEDESTRIAN","Walking to/from school","NO IMPROPER ACTIONS","ON ROADWAY AT CROSSWALK","No","POSSIBLE INJURY","NONE","39.0800635","-77.14846033","    (39.0800635, -77.14846033)"
"MCP9442002X","230014193","Montgomery County Police","Injury Crash","03/24/2023 06:30:00 AM","County","CLUB HOUSE RD","MONTGOMERY VILLAGE AVE",,"N/A","PEDESTRIAN","OTHER","RAINING","WET","DARK -- UNKNOWN LIGHTING","TRAFFIC SIGNAL","UNKNOWN","NONE DETECTED","B59480F8-514B-4EA3-B0B2-A00E76DB96B0","PEDESTRIAN","Cross/Enter at Intersection","NO IMPROPER ACTIONS","ON ROADWAY AT CROSSWALK","No","SUSPECTED MINOR INJURY","N/A","39.17462517","-77.203767","    (39.17462517, -77.203767)"
"MCP32330040","23001411","Montgomery County Police","Injury Crash","03/23/2023 05:35:00 PM",,,,"PARKING LOT OF PARK MONTGOMERY APARTMENTS 8860 PINEY BRANCH ROAD",,"PEDESTRIAN","SINGLE VEHICLE","CLEAR",,"DAYLIGHT","NO CONTROLS","NONE DETECTED","NONE DETECTED","FF1586FB-3280-4D3B-8CC5-230DCE754414","PEDESTRIAN","Walking/Riding against Traffic","NO IMPROPER ACTIONS","MEDIAN","No","POSSIBLE INJURY","NONE","39.00006806","-76.9922138","    (39.00006806, -76.9922138)"
"MCP2846008T","230014096","Montgomery County Police","Injury Crash","03/23/2023 04:20:00 PM","Maryland (State)","GEORGIA AVE","REEDIE DR",,"N/A","PEDESTRIAN","OTHER","CLEAR","DRY","DAYLIGHT","TRAFFIC SIGNAL","NONE DETECTED","NONE DETECTED","F4B5891A-7F63-4665-9E2E-FA28B81ED8AC","PEDESTRIAN","Cross/Enter at Intersection","NO IMPROPER ACTIONS","ON ROADWAY AT CROSSWALK","No","SUSPECTED MINOR INJURY","NONE","39.03819","-77.05083","    (39.03819, -77.05083)"
"MCP2356002R","230013949","Montgomery County Police","Injury Crash","03/22/2023 10:15:00 AM","Maryland (State)","HUNGERFORD DR","COLLEGE PKWY",,"ROCKVILLE","PEDESTRIAN","SINGLE VEHICLE","CLEAR","DRY","DAYLIGHT","NO CONTROLS","N/A","N/A","917FCF9A-592B-4CD6-8A6E-23A2B90BF97F","PEDESTRIAN","Cross/Enter not at Intersection","IN ROADWAY IMPROPERLY","OUTSIDE RIGHT OF WAY","Yes","POSSIBLE INJURY","N/A","39.1010152","-77.15471508","    (39.1010152, -77.15471508)"
"MCP2552005G","230013787","Montgomery County Police","Injury Crash","03/21/2023 09:51:00 PM","County","SHADY GROVE RD","BRIARDALE RD",,"N/A","BICYCLIST","SAME DIR REAR END","CLEAR","DRY","DARK LIGHTS ON","NO CONTROLS","UNKNOWN","NONE DETECTED","6229535D-57C0-4810-B59E-3B121845FA3F","BICYCLIST","Walking/Riding w/Traffic","NO IMPROPER ACTIONS","ON ROADWAY NOT AT CROSSWALK","No","SUSPECTED MINOR INJURY","NONE","39.13441178","-77.15753169","    (39.13441178, -77.15753169)"
"MCP30530068","230013744","Montgomery County Police","Injury Crash","03/21/2023 05:02:00 PM","County","MONTICELLO AVE","KENBROOK DR",,"N/A","PEDESTRIAN","OTHER","CLEAR","DRY","DAYLIGHT","N/A","N/A","N/A","0F0F4C39-D24B-44D3-9514-9AAAA95A80D6","PEDESTRIAN","Other","DART DASH","OTHER","Yes","POSSIBLE INJURY","N/A","39.039985","-77.02712667","    (39.039985, -77.02712667)"
"MCP3222002D","230013727","Montgomery County Police","Injury Crash","03/21/2023 04:03:00 PM","County","KEYSTONE AVE","SOUTH BROOK LA",,"N/A","PEDESTRIAN","OTHER","CLEAR","DRY","DAYLIGHT","NO CONTROLS","NONE DETECTED","NONE DETECTED","658D1E57-E0E0-4406-9E6C-06CD330945F6","PEDESTRIAN","Cross/Enter not at Intersection","INATTENTIVE","ON ROADWAY NOT AT CROSSWALK","Yes","POSSIBLE INJURY","NONE","38.99212326","-77.10298094","    (38.99212326, -77.10298094)"
"MCP3174003W","230013623","Montgomery County Police","Injury Crash","03/21/2023 06:56:00 AM","County","ROTHBURY DR","ARROWHEAD RD",,"N/A","PEDESTRIAN","SINGLE VEHICLE","CLEAR","DRY","DARK LIGHTS ON","STOP SIGN","NONE DETECTED","NONE DETECTED","6BF906CF-4C47-4664-B92E-3A2FDE261AAB","PEDESTRIAN","Cross/Enter at Intersection","NO IMPROPER ACTIONS","ON ROADWAY AT CROSSWALK","No","POSSIBLE INJURY","N/A","39.18499833","-77.193835","    (39.18499833, -77.193835)"
"MCP3328001P","230013578","Montgomery County Police","Injury Crash","03/20/2023 08:04:00 PM","County","LAMBERTON DR","ROCKBRIDGE RD",,"N/A","OTHER CONVEYANCE","OTHER","CLEAR","DRY","DARK LIGHTS ON","N/A","NONE DETECTED","NONE DETECTED","E26D69E2-B57E-45DF-A5B2-D49B01548EC1","OTHER CONVEYANCE","Cross/Enter not at Intersection","IN ROADWAY IMPROPERLY","ON ROADWAY NOT AT CROSSWALK","Yes","SUSPECTED MINOR INJURY","NONE","39.04451936","-77.02255646","    (39.04451936, -77.02255646)"
"MCP3163005B","230013540","Montgomery County Police","Injury Crash","03/20/2023 04:56:00 PM","County","NICHOLSON LA","WOODGLEN DR",,"N/A","PEDESTRIAN","STRAIGHT MOVEMENT ANGLE","CLEAR","DRY","DAYLIGHT","TRAFFIC SIGNAL","N/A","NONE DETECTED","18BB9F01-C780-4929-AAB5-54FB814B4F97","PEDESTRIAN","Cross/Enter at Intersection","NO IMPROPER ACTIONS","ON ROADWAY AT CROSSWALK","No","POSSIBLE INJURY","N/A","39.04462667","-77.11313167","    (39.04462667, -77.11313167)"
"DD561500F6","220013427","Rockville Police Departme","Injury Crash","03/20/2023 10:14:00 AM",,,,"TESLA, LOCATED AT 1300 ROCKVILLE PIKE, ROCKVILLE, MARYLAND 20850",,"PEDESTRIAN","SINGLE VEHICLE","CLEAR",,"DAYLIGHT","NO CONTROLS","NONE DETECTED","NONE DETECTED","7BF8C9A6-1138-41E5-8987-C011F24BE665","PEDESTRIAN","Standing","INATTENTIVE","OTHER","No","POSSIBLE INJURY","NONE","39.06915948","-77.12973152","    (39.06915948, -77.12973152)"
"MCP3129006M","230013407","Montgomery County Police","Injury Crash","03/20/2023 08:14:00 AM","County","NORTH GATE DR","BEL PRE RD",,"N/A","PEDESTRIAN","OTHER","CLEAR","DRY","DAYLIGHT","NO CONTROLS","NONE DETECTED","NONE DETECTED","76A10D2C-E932-46D8-87A6-6DDEACFBDB18","PEDESTRIAN","Cross/Enter at Intersection","NO IMPROPER ACTIONS","ON ROADWAY AT CROSSWALK","No","SUSPECTED MINOR INJURY","NONE","39.09040688","-77.05123322","    (39.09040688, -77.05123322)"
"MCP2556004P","230013348","Montgomery County Police","Injury Crash","03/19/2023 05:07:00 PM",,,,"SIDEWALK/ DRIVEWAY OF 615 S. FREDERICK ROAD.",,"PEDESTRIAN","STRAIGHT MOVEMENT ANGLE","CLEAR",,"DAYLIGHT","N/A","NONE DETECTED","NONE DETECTED","8CB1A60D-0987-4AEA-9F63-D893C0AB1B6E","PEDESTRIAN","Walking/Cycling on Sidewalk","NO IMPROPER ACTIONS","SIDEWALK","No","SUSPECTED MINOR INJURY","N/A","39.12989667","-77.18639","    (39.12989667, -77.18639)"
"MCP27520053","230013065","Montgomery County Police","Injury Crash","03/17/2023 07:56:00 PM",,,,"9718 PLEASANT GATE LANE, POTOMAC, MD",,"PEDESTRIAN","SINGLE VEHICLE","CLEAR",,"DARK LIGHTS ON","NO CONTROLS","NONE DETECTED","N/A","5D8B0780-A550-4D92-B967-3984A4493014","PEDESTRIAN","Playing","DART DASH","OTHER","Yes","SUSPECTED MINOR INJURY","NONE","38.99953537","-77.20114463","    (38.99953537, -77.20114463)"
"MCP15640072","230012994","Montgomery County Police","Injury Crash","03/17/2023 02:15:00 PM",,,,"19632 ISLANDER ST, OLNEY, MD 20832--DRIVEWAY",,"OTHER","SINGLE VEHICLE","RAINING",,"DAYLIGHT","NO CONTROLS","NONE DETECTED","MEDICATION PRESENT","E876E84E-7DD8-4BA4-B964-153DA6AED6BC","OTHER","Unknown","NO IMPROPER ACTIONS","INSIDE BUILDING","No","NO APPARENT INJURY","NONE","39.17951317","-77.0652365","    (39.17951317, -77.0652365)"
"MCP94290007","230012837","Montgomery County Police","Injury Crash","03/16/2023 03:31:00 PM",,,,"BUS DEPOT",,"PEDESTRIAN","SINGLE VEHICLE","CLEAR",,"DAYLIGHT","OTHER","N/A","N/A","57B5030D-9625-4BDA-96DD-E1F12FC8C0BF","PEDESTRIAN","N/A","IN ROADWAY IMPROPERLY","ON ROADWAY NOT AT CROSSWALK","Yes","POSSIBLE INJURY","N/A","38.99089667","-77.02791833","    (38.99089667, -77.02791833)"
"MCP2348006F","230012796","Montgomery County Police","Fatal Crash","03/16/2023 01:28:00 PM","US (State)","COLUMBIA PIKE","STEWART LA",,"N/A","PEDESTRIAN","SINGLE VEHICLE","CLEAR","DRY","DAYLIGHT","TRAFFIC SIGNAL","NONE DETECTED","NONE DETECTED","B7541278-BD7C-4E05-9056-50239D5CACAD","PEDESTRIAN","Cross/Enter at Intersection","FAILURE TO OBEY TRAFFIC SIGNS SIGNALS OR OFFICER","ON ROADWAY AT CROSSWALK","Yes","FATAL INJURY","NONE","39.04653583","-76.98675402","    (39.04653583, -76.98675402)"
"MCP3239002T","230012730","Montgomery County Police","Injury Crash","03/16/2023 06:32:00 AM","County","TECH RD","TECH RD",,"N/A","PEDESTRIAN","OTHER","CLEAR","DRY","DARK LIGHTS ON","TRAFFIC SIGNAL","NONE DETECTED","NONE DETECTED","D8D28776-4064-4200-B0C1-818C0136ADDD","PEDESTRIAN","Cross/Enter at Intersection","NO IMPROPER ACTIONS","ON ROADWAY AT CROSSWALK","No","POSSIBLE INJURY","NONE","39.05830545","-76.96872152","    (39.05830545, -76.96872152)"
"MCP3239002S","230012601","Montgomery County Police","Injury Crash","03/15/2023 12:10:00 PM","County","RANDOLPH RD","HAWKESBURY LA",,"N/A","PEDESTRIAN","OTHER","CLEAR","DRY","DAYLIGHT","TRAFFIC SIGNAL","NONE DETECTED","NONE DETECTED","2FED1071-E9C4-41F6-A96B-560FEF289F0D","PEDESTRIAN","Cross/Enter not at Intersection","IN ROADWAY IMPROPERLY","ON ROADWAY NOT AT CROSSWALK","Yes","POSSIBLE INJURY","NONE","39.06667415","-77.01958235","    (39.06667415, -77.01958235)"
"MCP23390081","230012269","Montgomery County Police","Injury Crash","03/14/2023 03:12:00 PM",,,,"PARKING LOT OF 12085 ROCKVILLE PK",,"PEDESTRIAN","HEAD ON","CLEAR",,"DAYLIGHT","NO CONTROLS","NONE DETECTED","NONE DETECTED","CCF158D6-CE30-45FB-BBF4-A8FB78DAB9D5","PEDESTRIAN","Getting off/on Vehicle","OTHER","OTHER","Yes","SUSPECTED SERIOUS INJURY","N/A","39.05478663","-77.11541242","    (39.05478663, -77.11541242)"
"MCP2689009D","230012380","Montgomery County Police","Injury Crash","03/14/2023 08:57:00 AM","County","WILD OLIVE DR","DEVILWOOD DR",,"N/A","BICYCLIST","STRAIGHT MOVEMENT ANGLE","CLEAR","DRY","DAYLIGHT","NO CONTROLS","NONE DETECTED","NONE DETECTED","9364025F-5BBB-498D-93BD-F4CB4783ECFD","BICYCLIST","Walking/Riding w/Traffic","NO IMPROPER ACTIONS","ON ROADWAY NOT AT CROSSWALK","No","SUSPECTED MINOR INJURY","MC/BIKE HELMET","39.05452817","-77.1751345","    (39.05452817, -77.1751345)"
"MCP2674003P","230012338","Montgomery County Police","Property Damage Crash","03/13/2023 06:45:00 PM","County","DOXDAM TERR","SEVERNDALE TERR",,"N/A","PEDESTRIAN","SINGLE VEHICLE","CLEAR","DRY","DAYLIGHT","NO CONTROLS","UNKNOWN","NONE DETECTED","84F1240B-AA30-4BA0-AE29-4ABD62CFE7D7","PEDESTRIAN","Cross/Enter at Intersection","NO IMPROPER ACTIONS","ON ROADWAY NOT AT CROSSWALK","No","NO APPARENT INJURY","NONE","39.19930469","-77.24274173","    (39.19930469, -77.24274173)"
"MCP2069000S","230012265","Montgomery County Police","Injury Crash","03/13/2023 02:50:00 PM","Maryland (State)","WOODFIELD RD","MAIN ST",,"N/A","PEDESTRIAN","SINGLE VEHICLE","CLOUDY","DRY","DAYLIGHT","TRAFFIC SIGNAL","NONE DETECTED","NONE DETECTED","80AE7489-BB7C-4BC4-B5A8-87F324AA3D3E","PEDESTRIAN","Other Working","NO IMPROPER ACTIONS","ON ROADWAY AT CROSSWALK","No","SUSPECTED MINOR INJURY","N/A","39.28815667","-77.20185167","    (39.28815667, -77.20185167)"
"MCP3218003V","230012144","Montgomery County Police","Injury Crash","03/12/2023 08:00:00 PM","Maryland (State)","VEIRS MILL RD","UNIVERSITY BLVD W",,"N/A","PEDESTRIAN","OTHER","RAINING","WET","DARK LIGHTS ON","NO CONTROLS","NONE DETECTED","NONE DETECTED","0A1F157C-00B4-4E03-B052-400ACE642BAB","PEDESTRIAN","Cross/Enter not at Intersection","IN ROADWAY IMPROPERLY","ON ROADWAY NOT AT CROSSWALK","Yes","SUSPECTED MINOR INJURY","NONE","39.03957783","-77.05484","    (39.03957783, -77.05484)"
"MCP33370018","230012087","Montgomery County Police","Injury Crash","03/12/2023 11:42:00 AM","Maryland (State)","UNIVERSITY BLVD W","FERN ST",,"N/A","PEDESTRIAN","HEAD ON","CLEAR","DRY","DAYLIGHT","N/A","NONE DETECTED","N/A","976D5CD8-5CD7-4ED6-B0A8-4FFC73420C3C","PEDESTRIAN","Walking/Riding against Traffic","IN ROADWAY IMPROPERLY","ON ROADWAY NOT AT CROSSWALK","Yes","SUSPECTED MINOR INJURY","NONE","39.05821733","-77.04855467","    (39.05821733, -77.04855467)"
"MCP289200DR","230011836","Montgomery County Police","Injury Crash","03/10/2023 05:28:00 PM","Maryland (State)","PINEY BRANCH RD","WESSEX RD",,"N/A","PEDESTRIAN","SINGLE VEHICLE","RAINING","WET","DARK LIGHTS ON","TRAFFIC SIGNAL","NONE DETECTED","NONE DETECTED","96C55B6D-0AD9-4DBE-BC23-7A55841C0B2D","PEDESTRIAN","Cross/Enter at Intersection","INATTENTIVE","ON ROADWAY AT CROSSWALK","Yes","POSSIBLE INJURY","NONE","38.99156667","-77.010095","    (38.99156667, -77.010095)"
"MCP30050079","230011069","Montgomery County Police","Injury Crash","03/09/2023 03:36:00 PM","Maryland (State)","LAYHILL RD","BEL PRE RD",,"N/A","PEDESTRIAN","SINGLE VEHICLE","CLEAR","DRY","DAYLIGHT","TRAFFIC SIGNAL","NONE DETECTED","NONE DETECTED","A50CF782-4CC7-42B8-9C7D-6396B999B6CF","PEDESTRIAN","Cross/Enter not at Intersection","IN ROADWAY IMPROPERLY","ON ROADWAY NOT AT CROSSWALK","Yes","SUSPECTED SERIOUS INJURY","N/A","39.09076333","-77.04522667","    (39.09076333, -77.04522667)"
"MCP30380063","230011465","Montgomery County Police","Injury Crash","03/08/2023 07:41:00 PM","Maryland (State)","GEORGIA AVE","COLESVILLE RD",,"N/A","PEDESTRIAN","OTHER","CLEAR","DRY","DARK LIGHTS ON","TRAFFIC SIGNAL","UNKNOWN","NONE DETECTED","A328DEDC-EFED-4A36-828A-1EDA76178D3F","PEDESTRIAN","Cross/Enter at Intersection","NO IMPROPER ACTIONS","AT INTERSECTION MARKED CROSSWALK","No","POSSIBLE INJURY","N/A","38.99594489","-77.02803686","    (38.99594489, -77.02803686)"
"MCP2846008N","230011235","Montgomery County Police","Injury Crash","03/07/2023 05:15:00 PM","Maryland (State)","GEORGIA AVE","SHOREFIELD RD",,"N/A","PEDESTRIAN","SINGLE VEHICLE","CLEAR","DRY","DAYLIGHT","TRAFFIC SIGNAL","NONE DETECTED","NONE DETECTED","90811964-A978-4FF4-9A0E-FA91A07BAFB8","PEDESTRIAN","Cross/Enter at Intersection","NO IMPROPER ACTIONS","ON ROADWAY AT CROSSWALK","No","POSSIBLE INJURY","NONE","39.0529","-77.05126667","    (39.0529, -77.05126667)"
"MCP31610053","230011087","Montgomery County Police","Injury Crash","03/06/2023 07:15:00 PM","Maryland (State)","CONNECTICUT AVE","HOWARD AVE",,"KENSINGTON","PEDESTRIAN","SINGLE VEHICLE","CLEAR","DRY","DARK LIGHTS ON","NO CONTROLS","NONE DETECTED","NONE DETECTED","2A3A4AD9-B96B-448B-995F-39CD87DB5DA0","PEDESTRIAN","Cross/Enter not at Intersection","IN ROADWAY IMPROPERLY","ON ROADWAY NOT AT CROSSWALK","Yes","POSSIBLE INJURY","NONE","38.99981583","-77.08142567","    (38.99981583, -77.08142567)"
"MCP3312002W","230010987","Montgomery County Police","Injury Crash","03/06/2023 10:48:00 AM",,,,"12028 CHERRY HILL RD PARKING LOT",,"PEDESTRIAN","OTHER","CLEAR",,"DAYLIGHT","NO CONTROLS","NONE DETECTED, UNKNOWN","NONE DETECTED","8E60D51E-AE56-4BB4-930E-099A9ED25F77","PEDESTRIAN","Standing","NO IMPROPER ACTIONS","OTHER","No","POSSIBLE INJURY","NONE","39.05456667","-76.95594333","    (39.05456667, -76.95594333)"
"DD56330084","230010912","Rockville Police Departme","Injury Crash","03/05/2023 08:15:00 PM","Maryland (State)","VEIRS MILL RD","ATLANTIC AVE",,"ROCKVILLE","PEDESTRIAN","OTHER","CLEAR","DRY","DARK LIGHTS ON","TRAFFIC SIGNAL","NONE DETECTED","NONE DETECTED","D09A328D-6BF3-4367-B7F7-24ABB9D95047","PEDESTRIAN","Cross/Enter at Intersection","DART DASH","ON ROADWAY AT CROSSWALK","Yes","POSSIBLE INJURY","NONE","39.07491545","-77.11553743","    (39.07491545, -77.11553743)"
"DM8476004Q","230010764","Takoma Park Police Depart","Property Damage Crash","03/04/2023 03:00:00 PM","Maryland (State)","NEW HAMPSHIRE AVE","EAST WEST HWY (PG CO)",,"N/A","PEDESTRIAN","OTHER","CLEAR","DRY","DAYLIGHT","TRAFFIC SIGNAL","N/A","N/A","2CD8B3CB-DFBD-47BB-9001-6C877EE33D49","PEDESTRIAN","Cross/Enter at Intersection","DART DASH","ON ROADWAY NOT AT CROSSWALK","Yes","NO APPARENT INJURY","N/A","38.97536398","-76.99407758","    (38.97536398, -76.99407758)"
"MCP1433004W","230010738","Montgomery County Police","Injury Crash","03/03/2023 11:45:00 PM",,,,"PARKING LOT OF LAYHILL SHOPPING CENTER AT 14300 LAYHILL RD.",,"PEDESTRIAN","OTHER","CLOUDY",,"DARK LIGHTS ON","N/A","UNKNOWN","UNKNOWN","6E6BDFC5-6071-4D07-AE66-092FE3EF4F76","PEDESTRIAN","Other","OTHER","OTHER","No","POSSIBLE INJURY","NONE","39.09186046","-77.04556559","    (39.09186046, -77.04556559)"
"MCP3051006G","230010623","Montgomery County Police","Injury Crash","03/03/2023 08:25:00 PM","Maryland (State)","WISCONSIN AVE","BRADLEY LA",,"N/A","PEDESTRIAN","OTHER","RAINING","WET","DARK LIGHTS ON","OTHER","ALCOHOL PRESENT","NONE DETECTED","A915F1C4-9C72-45FC-8674-4062734F33BF","PEDESTRIAN","Cross/Enter at Intersection","NO IMPROPER ACTIONS","ON ROADWAY AT CROSSWALK","No","SUSPECTED MINOR INJURY","NONE","38.977025","-77.09094833","    (38.977025, -77.09094833)"
"MCP3168005C","230014350","Montgomery County Police","Injury Crash","03/03/2023 07:30:00 PM","County","RANDOLPH RD","GEORGIA AVE",,"N/A","PEDESTRIAN","OTHER","RAINING","WET","DARK NO LIGHTS","TRAFFIC SIGNAL","NONE DETECTED","NONE DETECTED","7B828038-486A-4F56-89F3-C3DDB4833D41","PEDESTRIAN","Cross/Enter not at Intersection","NO IMPROPER ACTIONS","ON ROADWAY AT CROSSWALK","No","POSSIBLE INJURY","NONE","39.0582115","-77.05016422","    (39.0582115, -77.05016422)"
"MCP219800CX","230010609","Montgomery County Police","Injury Crash","03/03/2023 06:30:00 PM",,"ELLINGTON BLVD.","CROWN PARK AVE.",,"N/A","PEDESTRIAN","SINGLE VEHICLE","RAINING","WET","DARK LIGHTS ON","STOP SIGN","N/A","N/A","47366BDC-1F7F-4551-9D2F-728C94E93D07","PEDESTRIAN","Cross/Enter at Intersection","N/A","ON ROADWAY AT CROSSWALK","No","POSSIBLE INJURY","NONE","39.11439167","-77.20553","    (39.11439167, -77.20553)"
"MCP219800CX","230010609","Montgomery County Police","Injury Crash","03/03/2023 06:30:00 PM",,"ELLINGTON BLVD.","CROWN PARK AVE.",,"N/A","PEDESTRIAN","SINGLE VEHICLE","RAINING","WET","DARK LIGHTS ON","STOP SIGN","N/A","N/A","C2340E22-063A-40AB-A4B3-0156765D1C14","PEDESTRIAN","Cross/Enter at Intersection","N/A","ON ROADWAY AT CROSSWALK","No","NO APPARENT INJURY","N/A","39.11439167","-77.20553","    (39.11439167, -77.20553)"