"Report Number","Local Case Number","Agency Name","ACRS Report Type","Crash Date/Time","Route Type","Road Name","Cross-Street Name","Off-Road Description","Municipality","Related Non-Motorist","Collision Type","Weather","Surface Condition","Light","Traffic Control","Driver Substance Abuse","Non-Motorist Substance Abuse","Person ID","Pedestrian Type","Pedestrian Movement","Pedestrian Actions","Pedestrian Location","At Fault","Injury Severity","Safety Equipment","Latitude","Longitude","Location"
"MCP295200D4","220052815","Montgomery County Police","Injury Crash","11/29/2022 08:25:00 PM",,,,"PARKING LOT OF WHOLE FOODS MARKET (833 WAYNE AVE SILVER SPRING MD)",,"PEDESTRIAN","OTHER","CLEAR",,"DARK LIGHTS ON","NO CONTROLS","UNKNOWN","UNKNOWN","DE4B8604-4401-489F-8585-8388FD9C71A5","PEDESTRIAN","Other","NO IMPROPER ACTIONS","OTHER","Unknown","SUSPECTED MINOR INJURY","N/A","38.99654285","-77.02390009","    (38.99654285, -77.02390009)"
"MCP2016006M","220052575","Montgomery County Police","Injury Crash","11/29/2022 06:30:00 AM","County","REDLAND RD","ENT SHADY GROVE METRO STATION",,"N/A","PEDESTRIAN","OTHER","CLEAR","DRY","DAWN","TRAFFIC SIGNAL","NONE DETECTED","NONE DETECTED","BF321D26-77C9-46FC-A910-06E63C096B67","PEDESTRIAN","Cross/Enter at Intersection","NO IMPROPER ACTIONS","ON ROADWAY AT CROSSWALK","No","SUSPECTED MINOR INJURY","N/A","39.12837017","-77.16735683","    (39.12837017, -77.16735683)"
"MCP28810054","220052306","Montgomery County Police","Injury Crash","11/27/2022 12:34:00 PM","County","MIDDLEBROOK RD","LOCBURY DR",,"N/A","BICYCLIST","STRAIGHT MOVEMENT ANGLE","RAINING","WET","DAYLIGHT","NO CONTROLS","NONE DETECTED","NONE DETECTED","9D4A9CBC-E02F-45D5-B944-8DA46A118FF1","BICYCLIST","Cross/Enter at Intersection","NO IMPROPER ACTIONS","ON ROADWAY AT CROSSWALK","No","POSSIBLE INJURY","N/A","39.18126833","-77.26992167","    (39.18126833, -77.26992167)"
"MCP2356002H","220052093","Montgomery County Police","Injury Crash","11/25/2022 12:00:00 PM","Maryland (State)","W MONTGOMERY AVE","LAIRD ST",,"ROCKVILLE","PEDESTRIAN","SINGLE VEHICLE","N/A","DRY","DAYLIGHT","TRAFFIC SIGNAL","N/A","N/A","4DF15F87-7D52-48E1-B9F3-1ADCFC5ECAFA","PEDESTRIAN","Cross/Enter at Intersection","NO IMPROPER ACTIONS","AT INTERSECTION MARKED CROSSWALK","No","POSSIBLE INJURY","N/A","39.08483273","-77.1624656","    (39.08483273, -77.1624656)"
"EJ785600BS","220051981","Gaithersburg Police Depar","Injury Crash","11/24/2022 05:18:00 PM","Maryland (State)","QUINCE ORCHARD RD","FIRSTFIELD RD",,"GAITHERSBURG","PEDESTRIAN","OTHER","CLEAR","DRY","DARK LIGHTS ON","TRAFFIC SIGNAL","N/A","ALCOHOL PRESENT","59C4A90E-2740-4D5B-A16A-7F13EB3C7492","PEDESTRIAN","Unknown","DART DASH","UNKNOWN","Unknown","SUSPECTED MINOR INJURY","NONE","39.14475985","-77.21946533","    (39.14475985, -77.21946533)"
"MCP30940029","220051881","Montgomery County Police","Injury Crash","11/23/2022 06:46:00 PM",,,,"PARKING LOT OF 19235 WATKINS MILL RD, MONTGOMERY VILLAGE, MD 20886",,"PEDESTRIAN","OTHER","N/A",,"DARK LIGHTS ON","N/A","NONE DETECTED, UNKNOWN","NONE DETECTED","F0E7DF52-EE9B-4797-A293-E8BF59B56D2B","PEDESTRIAN","Other","IN ROADWAY IMPROPERLY","N/A","No","POSSIBLE INJURY","NONE","39.17233433","-77.20610483","    (39.17233433, -77.20610483)"
"MCP3330000P","220051790","Montgomery County Police","Injury Crash","11/23/2022 10:30:00 AM",,"DARNESTOWN RD","SIDE STREET COMING OUT OF 10500 DARNESTOWN RD",,"N/A","OTHER CONVEYANCE","STRAIGHT MOVEMENT ANGLE","CLEAR","DRY","DAYLIGHT","NO CONTROLS","UNKNOWN","N/A","4D9B4224-1D0C-4299-A86C-FCC4C025D7E3","OTHER CONVEYANCE","Cross/Enter at Intersection","NO IMPROPER ACTIONS","AT INTERSECTION BUT NO CROSSWALK","No","SUSPECTED SERIOUS INJURY","NONE","39.10139533","-77.217295","    (39.10139533, -77.217295)"
"MCP2347003X","220051655","Montgomery County Police","Property Damage Crash","11/22/2022 01:07:00 PM","County","OLD COLUMBIA PIKE","OAKHURST DR",,"N/A","PEDESTRIAN","OTHER","CLEAR","DRY","DAYLIGHT","NO CONTROLS","NONE DETECTED","NONE DETECTED","E967CCAE-C351-45F7-94D5-FB8A7E6D02F5","PEDESTRIAN","Cross/Enter at Intersection","DART DASH","AT INTERSECTION BUT NO CROSSWALK","Yes","NO APPARENT INJURY","N/A","39.10061367","-76.94156017","    (39.10061367, -76.94156017)"
"MCP287700B9","220051637","Montgomery County Police","Injury Crash","11/22/2022 11:30:00 AM","Municipality","TRENT ST","UPPINGHAM ST",,"SOMERSET","OTHER","OTHER","CLEAR","DRY","DAYLIGHT","NO CONTROLS","NONE DETECTED","NONE DETECTED","4FBFD76B-78E3-414B-B508-421873FFC35A","OTHER","Other","OTHER","ON ROADWAY NOT AT CROSSWALK","Unknown","POSSIBLE INJURY","REFLECTIVE CLOTHING","38.9646977","-77.09668001","    (38.9646977, -77.09668001)"
"MCP1378012Q","220051521","Montgomery County Police","Injury Crash","11/21/2022 04:59:00 PM","County","FENTON ST","ELLSWORTH DR",,"N/A","PEDESTRIAN","SINGLE VEHICLE","CLEAR","DRY","DARK LIGHTS ON","NO CONTROLS","NONE DETECTED","NONE DETECTED","38DB4DE4-6914-4A1F-BB11-C8009D24CEB8","PEDESTRIAN","Other","DART DASH","ON ROADWAY NOT AT CROSSWALK","Yes","POSSIBLE INJURY","NONE","38.996625","-77.02502167","    (38.996625, -77.02502167)"
"DM8403000T","220051502","Takoma Park Police Depart","Property Damage Crash","11/21/2022 03:20:00 PM","Municipality","PHILADELPHIA AVE","MAPLE AVE",,"TAKOMA PARK","BICYCLIST","SAME DIRECTION RIGHT TURN","CLEAR","DRY","DAYLIGHT","TRAFFIC SIGNAL","NONE DETECTED","NONE DETECTED","6CEE2557-E6F0-4131-96C1-35DE68A23013","BICYCLIST","Cross/Enter at Intersection","N/A","AT INTERSECTION MARKED CROSSWALK","No","NO APPARENT INJURY","N/A","38.99192361","-76.99186574","    (38.99192361, -76.99186574)"
"MCP3079004S","220051498","Montgomery County Police","Injury Crash","11/21/2022 03:05:00 PM","County","CENTURY BLVD","AIRCRAFT DR",,"N/A","PEDESTRIAN","N/A","CLEAR","DRY","DARK LIGHTS ON","NO CONTROLS","NONE DETECTED","NONE DETECTED","AEFDCD46-9384-44B4-922E-D82D29722B29","PEDESTRIAN","Cross/Enter at Intersection","NO IMPROPER ACTIONS","ON ROADWAY AT CROSSWALK","No","SUSPECTED SERIOUS INJURY","N/A","39.18443488","-77.26033758","    (39.18443488, -77.26033758)"
"MCP28810053","220051496","Montgomery County Police","Injury Crash","11/21/2022 02:20:00 PM",,,,"11530 MIDDLEBROOK RD",,"PEDESTRIAN","SINGLE VEHICLE","CLEAR",,"DAYLIGHT","NO CONTROLS","UNKNOWN","N/A","363F7856-FB79-4FE9-87B2-54CF5C4A6227","PEDESTRIAN","Standing","NO IMPROPER ACTIONS","INSIDE BUILDING","No","POSSIBLE INJURY","N/A","39.17965167","-77.239425","    (39.17965167, -77.239425)"
"MCP28810053","220051496","Montgomery County Police","Injury Crash","11/21/2022 02:20:00 PM",,,,"11530 MIDDLEBROOK RD",,"PEDESTRIAN","SINGLE VEHICLE","CLEAR",,"DAYLIGHT","NO CONTROLS","UNKNOWN","N/A","F4EA78D5-F385-4308-8E9F-C121D6B99C96","PEDESTRIAN","Standing","NO IMPROPER ACTIONS","INSIDE BUILDING","No","POSSIBLE INJURY","N/A","39.17965167","-77.239425","    (39.17965167, -77.239425)"
"MCP28810053","220051496","Montgomery County Police","Injury Crash","11/21/2022 02:20:00 PM",,,,"11530 MIDDLEBROOK RD",,"PEDESTRIAN","SINGLE VEHICLE","CLEAR",,"DAYLIGHT","NO CONTROLS","UNKNOWN","N/A","CF60AA02-4D1A-448C-B1A6-17A6306FD8E8","PEDESTRIAN","Standing","NO IMPROPER ACTIONS","INSIDE BUILDING","No","POSSIBLE INJURY","N/A","39.17965167","-77.239425","    (39.17965167, -77.239425)"
"MCP2411009K","220051457","Montgomery County Police","Injury Crash","11/21/2022 11:31:00 AM",,,,"PARKING LOT BETWEEN POPEYES AND APARTMENT COMPLEX AT 501 HUNGERFORD DR",,"PEDESTRIAN","SINGLE VEHICLE","CLEAR",,"DAYLIGHT","NO CONTROLS","NONE DETECTED","NONE DETECTED","8426A35D-A5BE-4F4F-A5D8-B9954D2A67FF","PEDESTRIAN","Cross/Enter at Intersection","NO IMPROPER ACTIONS","DRIVEWAY ACCESS MARKED CROSSWALK","No","SUSPECTED MINOR INJURY","N/A","39.09166149","-77.15252508","    (39.09166149, -77.15252508)"
"MCP3209003Q","220051269","Montgomery County Police","Property Damage Crash","11/19/2022 07:54:00 PM","County","SLIGO AVE","MAYOR LA",,"N/A","PEDESTRIAN","SINGLE VEHICLE","CLEAR","DRY","DARK LIGHTS ON","N/A","NONE DETECTED","NONE DETECTED","38333127-72ED-42E7-A0EF-AC9EACBEE568","PEDESTRIAN","Cross/Enter at Intersection","IN ROADWAY IMPROPERLY","AT INTERSECTION BUT NO CROSSWALK","Yes","NO APPARENT INJURY","NONE","38.99025067","-77.0258211","    (38.99025067, -77.0258211)"
"EJ7873006C","220051445","Gaithersburg Police Depar","Injury Crash","11/19/2022 06:55:00 PM",,,,"IN THE PARKING LOT OF 366 N SUMMIT AVE GAITHERSBURG, MD 20877",,"PEDESTRIAN","OTHER","UNKNOWN",,"DARK LIGHTS ON","NO CONTROLS","UNKNOWN","NONE DETECTED","2AE81C74-BB4E-46EA-8C95-186FD2094F9E","PEDESTRIAN","Other","DART DASH","OTHER","Yes","POSSIBLE INJURY","NONE","39.14848487","-77.19115591","    (39.14848487, -77.19115591)"
"DD5520001K","220051215","Rockville Police Departme","Injury Crash","11/19/2022 03:14:00 PM","Municipality","EDMONSTON DR","CRAWFORD DR",,"ROCKVILLE","PEDESTRIAN","OTHER","N/A","DRY","DAYLIGHT","N/A","NONE DETECTED","NONE DETECTED","48984F52-4410-4E8A-8F36-9785A238ED65","PEDESTRIAN","Cross/Enter at Intersection","NO IMPROPER ACTIONS","ON ROADWAY AT CROSSWALK","No","SUSPECTED MINOR INJURY","NONE","39.06947791","-77.13071684","    (39.06947791, -77.13071684)"
"MCP2314001V","220051243","Montgomery County Police","Injury Crash","11/19/2022 12:45:00 PM",,,,"PARKING LOT IN FRONT OF WORLD MARKET AT 12266 ROCKVILLE PIKE",,"PEDESTRIAN","OTHER","CLEAR",,"DAYLIGHT","N/A","UNKNOWN","UNKNOWN","706FC473-5BCE-46E3-A72E-0C3046BE658A","PEDESTRIAN","Other","NO IMPROPER ACTIONS","MIDBLOCK MARKED CROSSWALK","No","SUSPECTED SERIOUS INJURY","N/A","39.05735433","-77.122377","    (39.05735433, -77.122377)"
"MCP3026008S","220051197","Montgomery County Police","Injury Crash","11/19/2022 12:39:00 PM","County","W PARKHILL DR","CHANUTE DR",,"N/A","PEDESTRIAN","OTHER","CLEAR","DRY","DAYLIGHT","NO CONTROLS","NONE DETECTED","NONE DETECTED","3873A2E6-7D65-4C81-BF8D-FAC16D869B7D","PEDESTRIAN","Getting off/on Vehicle","OTHER","ON ROADWAY NOT AT CROSSWALK","Yes","SUSPECTED SERIOUS INJURY","REFLECTIVE CLOTHING","39.00577383","-77.09149667","    (39.00577383, -77.09149667)"
"DD561500DK","220051178","Rockville Police Departme","Property Damage Crash","11/19/2022 07:45:00 AM","Municipality","TWINBROOK PKWY","CHAPMAN AVE",,"ROCKVILLE","BICYCLIST","STRAIGHT MOVEMENT ANGLE","CLEAR","DRY","DAYLIGHT","TRAFFIC SIGNAL","NONE DETECTED","NONE DETECTED","5A96D84B-EEE1-4B82-B809-D5119A8AA7E5","BICYCLIST","Cross/Enter at Intersection","FAILURE TO YIELD RIGHT OF WAY","AT INTERSECTION MARKED CROSSWALK","Yes","NO APPARENT INJURY","NONE","39.05880939","-77.11901631","    (39.05880939, -77.11901631)"
"MCP3280002R","220050990","Montgomery County Police","Injury Crash","11/18/2022 10:28:00 AM",,,,"PARKING LOT OF 2300 BROADBIRCH RD",,"PEDESTRIAN","OTHER","CLEAR",,"DAYLIGHT","NO CONTROLS","NONE DETECTED","NONE DETECTED","53247BF7-7EC7-4F73-B25C-9454E6881334","PEDESTRIAN","Other","NO IMPROPER ACTIONS","OTHER","No","POSSIBLE INJURY","NONE","39.05816833","-76.96123833","    (39.05816833, -76.96123833)"
"MCP284800BY","220050800","Montgomery County Police","Injury Crash","11/18/2022 08:00:00 AM","County","WATKINS MILL RD","STEDWICK RD",,"N/A","PEDESTRIAN","SINGLE VEHICLE","N/A","DRY","DAYLIGHT","NO CONTROLS","UNKNOWN","NONE DETECTED","A5218381-3567-4C45-BF98-0BD0D6725214","PEDESTRIAN","Walking/Riding against Traffic","DART DASH","ON ROADWAY NOT AT CROSSWALK","Yes","POSSIBLE INJURY","NONE","39.168493","-77.209142","    (39.168493, -77.209142)"
"MCP1301001Z","220050810","Montgomery County Police","Fatal Crash","11/17/2022 08:29:00 AM","County","MEDICAL CENTER WAY","MEDICAL CENTER DR",,"N/A","PEDESTRIAN","SINGLE VEHICLE","CLEAR","DRY","DAYLIGHT","STOP SIGN","NONE DETECTED","NONE DETECTED","6B218916-770E-423A-9E45-4CF6679E219A","PEDESTRIAN","Cross/Enter at Intersection","NO IMPROPER ACTIONS","ON ROADWAY AT CROSSWALK","No","FATAL INJURY","N/A","39.09741","-77.19563333","    (39.09741, -77.19563333)"
"MCP291400D3","220050760","Montgomery County Police","Injury Crash","11/16/2022 08:30:00 PM","Maryland (State)","GEORGIA AVE","SHOREFIELD RD",,"N/A","PEDESTRIAN","OTHER","CLEAR","DRY","DARK LIGHTS ON","NO CONTROLS","N/A","N/A","BBCF0334-4982-4334-BA69-FB7DA87F5B15","PEDESTRIAN","Walking/Cycling on Sidewalk","N/A","SIDEWALK","No","SUSPECTED MINOR INJURY","REFLECTIVE CLOTHING","39.05268545","-77.0509063","    (39.05268545, -77.0509063)"
"MCP2215001Z","220050696","Montgomery County Police","Property Damage Crash","11/16/2022 03:27:00 PM",,,,"PARKING LOT OF 20910 FREDERICK RD",,"PEDESTRIAN","OTHER","CLEAR",,"DAYLIGHT","N/A","NONE DETECTED","NONE DETECTED","08246468-79FD-4B5A-9B31-F2C8886D3519","PEDESTRIAN","Other","OTHER","OTHER","Unknown","NO APPARENT INJURY","N/A","39.19994084","-77.2506863","    (39.19994084, -77.2506863)"
"MCP32380021","220050613","Montgomery County Police","Injury Crash","11/16/2022 10:41:00 AM","US (State)","GEORGIA AVE","SLIGO AVE",,"N/A","OTHER CONVEYANCE","OTHER","CLEAR","DRY","DAYLIGHT","TRAFFIC SIGNAL","NONE DETECTED","NONE DETECTED","FA47916C-18B7-4261-8F43-4AF0202E90D1","OTHER CONVEYANCE","Cross/Enter at Intersection","FAILURE TO OBEY TRAFFIC SIGNS SIGNALS OR OFFICER","ON ROADWAY AT CROSSWALK","Yes","SUSPECTED SERIOUS INJURY","NONE","38.99115","-77.02659","    (38.99115, -77.02659)"
"EJ7893001Y","220050558","Gaithersburg Police Depar","Injury Crash","11/15/2022 09:05:00 PM","Municipality","GIRARD ST","VICTORY FARM DR",,"GAITHERSBURG","PEDESTRIAN","OTHER","RAINING","WET","DARK LIGHTS ON","YIELD SIGN","NONE DETECTED","NONE DETECTED","3F4211D4-511F-4BAB-986B-D5ABB8824586","PEDESTRIAN","Cross/Enter at Intersection","IN ROADWAY IMPROPERLY","ON ROADWAY NOT AT CROSSWALK","Yes","SUSPECTED MINOR INJURY","N/A","39.14650785","-77.18509507","    (39.14650785, -77.18509507)"
"MCP2686005Q","220050552","Montgomery County Police","Injury Crash","11/15/2022 07:10:00 PM","Municipality","TRAVIS AVE","FREDERICK RD",,"N/A","PEDESTRIAN","SINGLE VEHICLE","RAINING","WET","DARK NO LIGHTS","TRAFFIC SIGNAL","NONE DETECTED","NONE DETECTED","1408FB6E-E29F-4CBC-98B4-3AB67F5637FA","PEDESTRIAN","Cross/Enter at Intersection","NO IMPROPER ACTIONS","AT INTERSECTION MARKED CROSSWALK","No","SUSPECTED MINOR INJURY","NONE","39.16139296","-77.22251183","    (39.16139296, -77.22251183)"
"MCP31210051","220050528","Montgomery County Police","Injury Crash","11/15/2022 05:44:00 PM","County","ARROWHEAD RD","ROTHBURY DR",,"N/A","PEDESTRIAN","SINGLE VEHICLE","RAINING","WET","DARK NO LIGHTS","STOP SIGN","NONE DETECTED","NONE DETECTED","B4CFEFFF-B542-43AB-A085-48B53F67ED06","PEDESTRIAN","Cross/Enter at Intersection","NO IMPROPER ACTIONS","AT INTERSECTION MARKED CROSSWALK","No","POSSIBLE INJURY","NONE","39.18521736","-77.19379783","    (39.18521736, -77.19379783)"
"MCP30380061","220050520","Montgomery County Police","Injury Crash","11/15/2022 05:25:00 PM","County","DALE DR","PINEY BRANCH RD",,"N/A","PEDESTRIAN","OTHER","RAINING","WET","DARK LIGHTS ON","TRAFFIC SIGNAL","NONE DETECTED","NONE DETECTED","0FB5511B-4A00-4222-88A1-EF2EA2B410DD","PEDESTRIAN","Cross/Enter at Intersection","NO IMPROPER ACTIONS","AT INTERSECTION MARKED CROSSWALK","No","POSSIBLE INJURY","NONE","38.99369813","-77.0090436","    (38.99369813, -77.0090436)"
"MCP3005006X","220050517","Montgomery County Police","Injury Crash","11/15/2022 05:05:00 PM","Maryland (State)","GEORGIA AVE","URBANA DR",,"N/A","BICYCLIST","SINGLE VEHICLE","RAINING","WET","DARK NO LIGHTS","TRAFFIC SIGNAL","NONE DETECTED","NONE DETECTED","D97C630E-4535-4A67-B418-2D248E1C1AC5","BICYCLIST","Cross/Enter at Intersection","UNKNOWN","ON ROADWAY AT CROSSWALK","Unknown","POSSIBLE INJURY","NONE","39.06127","-77.05244167","    (39.06127, -77.05244167)"
"MCP2798005C","220050333","Montgomery County Police","Injury Crash","11/15/2022 04:28:00 PM","County","FATHER HURLEY BLVD","CRYSTAL ROCK DR",,"N/A","PEDESTRIAN","OTHER","N/A","DRY","DAYLIGHT","TRAFFIC SIGNAL","NONE DETECTED","NONE DETECTED","C35513A4-313B-47D6-AD11-327FD2F303C4","PEDESTRIAN","Cross/Enter at Intersection","NO IMPROPER ACTIONS","AT INTERSECTION MARKED CROSSWALK","No","POSSIBLE INJURY","NONE","39.18486333","-77.2605","    (39.18486333, -77.2605)"
"MCP2821002N","220050750","Montgomery County Police","Injury Crash","11/15/2022 02:25:00 PM",,,,"PARKING LOT OF 10215 FERNWOOD RD",,"PEDESTRIAN","OTHER","N/A",,"DAYLIGHT","NO CONTROLS","UNKNOWN","UNKNOWN","A6D82D8D-CEB0-483D-9F20-C48F55D5FC94","PEDESTRIAN","Standing","N/A","OTHER","No","POSSIBLE INJURY","N/A","39.02356551","-77.13462348","    (39.02356551, -77.13462348)"
"MCP2863002K","220050388","Montgomery County Police","Injury Crash","11/14/2022 07:55:00 PM","County","LOST KNIFE RD","CONTOUR RD",,"N/A","PEDESTRIAN","N/A","CLEAR","DRY","DARK -- UNKNOWN LIGHTING","STOP SIGN","NONE DETECTED","NONE DETECTED","EBA31F8B-5B29-47C8-BAFB-DCA402E41993","PEDESTRIAN","Cross/Enter at Intersection","NO IMPROPER ACTIONS","ON ROADWAY NOT AT CROSSWALK","No","SUSPECTED MINOR INJURY","N/A","39.15386833","-77.199695","    (39.15386833, -77.199695)"
"MCP2001001X","220050349","Montgomery County Police","Injury Crash","11/14/2022 05:38:00 PM","Municipality","E GUDE DR","TAFT ST",,"ROCKVILLE","PEDESTRIAN","SINGLE VEHICLE","CLEAR","DRY","DARK LIGHTS ON","N/A","NONE DETECTED","ALCOHOL PRESENT","3C908496-7760-483E-9940-BF5919D3824D","PEDESTRIAN","Cross/Enter not at Intersection","IN ROADWAY IMPROPERLY","ON ROADWAY NOT AT CROSSWALK","Yes","SUSPECTED SERIOUS INJURY","N/A","39.0936572","-77.13222204","    (39.0936572, -77.13222204)"
"DD5652001Q","220050140","Rockville Police Departme","Property Damage Crash","11/13/2022 03:48:00 PM","Municipality","TEMPLETON PL","ROCKVILLE PIKE",,"N/A","PEDESTRIAN","STRAIGHT MOVEMENT ANGLE","CLEAR","DRY","DAYLIGHT","TRAFFIC SIGNAL","UNKNOWN","NONE DETECTED","73431F0A-C874-42F5-9D44-8E08FC445106","PEDESTRIAN","Cross/Enter at Intersection","NO IMPROPER ACTIONS","AT INTERSECTION MARKED CROSSWALK","No","NO APPARENT INJURY","N/A","39.06687019","-77.12834047","    (39.06687019, -77.12834047)"
"DM8479001N","220049763","Takoma Park Police Depart","Property Damage Crash","11/10/2022 09:50:00 PM","Maryland (State)","NEW HAMPSHIRE AVE","UNIVERSITY BLVD",,"N/A","OTHER","SAME DIR REAR END","CLEAR","DRY","DARK LIGHTS ON","TRAFFIC SIGNAL","NONE DETECTED","NONE DETECTED","F9663677-0CC7-43BD-9018-77BB3911FD6E","OTHER","Standing","UNKNOWN","ON ROADWAY NOT AT CROSSWALK","Unknown","NO APPARENT INJURY","NONE","38.98874017","-76.98835567","    (38.98874017, -76.98835567)"
"MCP2492001X","220049754","Montgomery County Police","Injury Crash","11/10/2022 07:30:00 PM","County","CLUB HOUSE RD","BRASSIE PL",,"N/A","PEDESTRIAN","OTHER","CLEAR","DRY","DARK LIGHTS ON","NO CONTROLS","NONE DETECTED","COMBINATION CONTRIBUTED","ADF3CC52-EA54-4BE9-8423-80710F5CCE0A","PEDESTRIAN","Other","IN ROADWAY IMPROPERLY","OTHER","Yes","SUSPECTED SERIOUS INJURY","NONE","39.17423445","-77.20212781","    (39.17423445, -77.20212781)"
"MCP1233004X","220049708","Montgomery County Police","Injury Crash","11/10/2022 05:04:00 PM","County","JONES MILL RD","WOODHOLLOW DR",,"N/A","BICYCLIST","SAME DIRECTION LEFT TURN","CLOUDY","DRY","DARK NO LIGHTS","NO CONTROLS","NONE DETECTED","NONE DETECTED","DC76EE71-165D-48E1-A4E3-AE76958BE667","BICYCLIST","Other","IMPROPER PASSING","ON ROADWAY NOT AT CROSSWALK","Yes","SUSPECTED MINOR INJURY","MC/BIKE HELMET","39.00559333","-77.06322833","    (39.00559333, -77.06322833)"
"MCP289200D0","220049701","Montgomery County Police","Injury Crash","11/10/2022 03:45:00 PM",,,,"SIDEWALK ADJACENT TO THE 7-11 PARKING LOT",,"PEDESTRIAN","SINGLE VEHICLE","CLEAR",,"DAYLIGHT","N/A","NONE DETECTED","NONE DETECTED","16B4244D-15B3-4B6F-8DF2-34A753005E3A","PEDESTRIAN","Cross/Enter at Intersection","NO IMPROPER ACTIONS","SIDEWALK","No","POSSIBLE INJURY","NONE","39.02042767","-77.01280721","    (39.02042767, -77.01280721)"
"MCP284800BX","220049624","Montgomery County Police","Injury Crash","11/10/2022 07:20:00 AM","County","RICHTER FARM RD","CRICKET HILL DR",,"N/A","PEDESTRIAN","SINGLE VEHICLE","N/A","DRY","DAYLIGHT","STOP SIGN","UNKNOWN","NONE DETECTED","BB24A932-7FF4-4552-BEEE-5D6A233BAD6B","PEDESTRIAN","Cross/Enter at Intersection","NO IMPROPER ACTIONS","AT INTERSECTION MARKED CROSSWALK","No","POSSIBLE INJURY","N/A","39.151581","-77.281184","    (39.151581, -77.281184)"
"MCP3268002G","220049512","Montgomery County Police","Injury Crash","11/09/2022 02:43:00 PM","County","GREENHILL DR","VALLEY BROOK DR",,"N/A","PEDESTRIAN","OTHER","CLEAR","DRY","DAYLIGHT","NO CONTROLS","N/A","N/A","196DB531-7473-4378-BCEC-4DE9C6D375C9","PEDESTRIAN","Cross/Enter not at Intersection","DART DASH","SIDEWALK","Yes","SUSPECTED MINOR INJURY","N/A","39.05812183","-77.002868","    (39.05812183, -77.002868)"
"MCP2214000Z","220049326","Montgomery County Police","Injury Crash","11/08/2022 03:14:00 PM","Maryland (State)","FREDERICK RD","GUNNERS BRANCH RD",,"N/A","PEDESTRIAN","SINGLE VEHICLE","CLEAR","DRY","DAYLIGHT","N/A","NONE DETECTED","NONE DETECTED","1FD68AA6-DCDB-4F1C-B3C4-58597FF2F6F1","PEDESTRIAN","Cross/Enter not at Intersection","DART DASH","ON ROADWAY NOT AT CROSSWALK","Yes","SUSPECTED SERIOUS INJURY","N/A","39.17680431","-77.23833682","    (39.17680431, -77.23833682)"
"MCP1227001R","220049219","Montgomery County Police","Fatal Crash","11/08/2022 07:20:00 AM","Municipality","SCHOOL DR","BIG ACRE SQUARE",,"N/A","PEDESTRIAN","SINGLE VEHICLE","CLEAR","DRY","DAYLIGHT","NO CONTROLS","ALCOHOL CONTRIBUTED","NONE DETECTED","0AF800EF-B4D8-403D-8FE1-2BEB5EFEA413","PEDESTRIAN","Walking to/from school","FAILURE TO YIELD RIGHT OF WAY","AT INTERSECTION BUT NO CROSSWALK","No","FATAL INJURY","NONE","39.11820121","-77.21493809","    (39.11820121, -77.21493809)"
"MCP1227001R","220049219","Montgomery County Police","Fatal Crash","11/08/2022 07:20:00 AM","Municipality","SCHOOL DR","BIG ACRE SQUARE",,"N/A","PEDESTRIAN","SINGLE VEHICLE","CLEAR","DRY","DAYLIGHT","NO CONTROLS","ALCOHOL CONTRIBUTED","NONE DETECTED","E65D7BCC-4D46-4BDA-B433-55FCD59AD8D0","PEDESTRIAN","Walking to/from school","FAILURE TO YIELD RIGHT OF WAY","AT INTERSECTION BUT NO CROSSWALK","No","FATAL INJURY","N/A","39.11820121","-77.21493809","    (39.11820121, -77.21493809)"
"MCP3337000V","220049173","Montgomery County Police","Injury Crash","11/07/2022 06:13:00 PM","Maryland (State)","GEORGIA AVE","EPPING RD",,"N/A","OTHER CONVEYANCE","HEAD ON LEFT TURN","CLEAR","DRY","DARK LIGHTS ON","NO CONTROLS","NONE DETECTED","NONE DETECTED","0F6C46AA-9E0E-4CFB-ACDD-507E0C6DB9E7","OTHER CONVEYANCE","Cross/Enter at Intersection","NO IMPROPER ACTIONS","AT INTERSECTION BUT NO CROSSWALK","No","SUSPECTED MINOR INJURY","NONE","39.06520703","-77.05779474","    (39.06520703, -77.05779474)"
"MCP2298011W","220049143","Montgomery County Police","Injury Crash","11/07/2022 04:04:00 PM","County","YEARLING DR","YEARLING CT",,"N/A","PEDESTRIAN","SINGLE VEHICLE","CLEAR","DRY","DUSK","NO CONTROLS","NONE DETECTED","UNKNOWN","0728D8F7-11F9-4BB4-B809-D2C65A03DF7B","PEDESTRIAN","Unknown","UNKNOWN","UNKNOWN","Yes","SUSPECTED SERIOUS INJURY","NONE","39.09669081","-77.21431588","    (39.09669081, -77.21431588)"
"MCP9419003X","220049126","Montgomery County Police","Injury Crash","11/07/2022 02:36:00 PM","Maryland (State)","HUNGERFORD DR","FREDERICK AVE #2",,"ROCKVILLE","PEDESTRIAN","OTHER","CLEAR","DRY","DAYLIGHT","TRAFFIC SIGNAL","NONE DETECTED","NONE DETECTED","C26F947A-D243-45DC-9536-5F5267044ED4","PEDESTRIAN","Cross/Enter at Intersection","NO IMPROPER ACTIONS","ON ROADWAY AT CROSSWALK","No","SUSPECTED MINOR INJURY","NONE","39.09434167","-77.15334167","    (39.09434167, -77.15334167)"
"MCP2592002H","220049109","Montgomery County Police","Injury Crash","11/07/2022 01:14:00 PM","County","MONTGOMERY VILLAGE AVE","MEADOWCROFT LA",,"N/A","OTHER PEDALCYCLIST","ANGLE MEETS RIGHT TURN","CLEAR","DRY","DAYLIGHT","N/A","NONE DETECTED","NONE DETECTED","F75C0365-149E-44C4-A38C-0111434C13BD","OTHER PEDALCYCLIST","Cross/Enter at Intersection","IN ROADWAY IMPROPERLY","ON ROADWAY NOT AT CROSSWALK","Yes","POSSIBLE INJURY","NONE","39.18244333","-77.19905333","    (39.18244333, -77.19905333)"
"MCP22780040","220048945","Montgomery County Police","Injury Crash","11/06/2022 10:59:00 AM","County","DEMOCRACY LA","BELLS MILL TERR",,"N/A","PEDESTRIAN","OTHER","CLEAR","DRY","DAYLIGHT","NO CONTROLS","NONE DETECTED","NONE DETECTED","926E5792-E187-49CA-9766-C32313A345A5","PEDESTRIAN","Cross/Enter not at Intersection","DART DASH","ON ROADWAY NOT AT CROSSWALK","Yes","POSSIBLE INJURY","N/A","39.23423667","-77.28175833","    (39.23423667, -77.28175833)"