"Report Number","Local Case Number","Agency Name","ACRS Report Type","Crash Date/Time","Route Type","Road Name","Cross-Street Name","Off-Road Description","Municipality","Related Non-Motorist","Collision Type","Weather","Surface Condition","Light","Traffic Control","Driver Substance Abuse","Non-Motorist Substance Abuse","Person ID","Pedestrian Type","Pedestrian Movement","Pedestrian Actions","Pedestrian Location","At Fault","Injury Severity","Safety Equipment","Latitude","Longitude","Location"
"MCP3212003W","220048827","Montgomery County Police","Injury Crash","11/05/2022 03:51:00 PM","Maryland (State)","GEORGIA AVE","FOREST GLEN RD",,"N/A","PEDESTRIAN","OTHER","CLEAR","DRY","DAYLIGHT","TRAFFIC SIGNAL","NONE DETECTED","NONE DETECTED","D59FB553-4A34-4F8B-A317-F7D1A51C5B78","PEDESTRIAN","Cross/Enter at Intersection","FAILURE TO YIELD RIGHT OF WAY","AT INTERSECTION MARKED CROSSWALK","Yes","SUSPECTED MINOR INJURY","NONE","39.01520562","-77.04259605","    (39.01520562, -77.04259605)"
"MCP31650046","220048786","Montgomery County Police","Property Damage Crash","11/05/2022 10:00:00 AM","Maryland (State)","SANDY SPRING RD","ENT TO BUSINESS",,"N/A","BICYCLIST","OTHER","CLEAR","DRY","DAYLIGHT","NO CONTROLS","NONE DETECTED","NONE DETECTED","E3114F65-9718-4ED7-BED6-3018E17BD6A5","BICYCLIST","Walking/Riding w/Traffic","NO IMPROPER ACTIONS","SHOULDER","No","NO APPARENT INJURY","N/A","39.110698","-76.93398367","    (39.110698, -76.93398367)"
"MCP3339000V","220049986","Montgomery County Police","Injury Crash","11/04/2022 01:40:00 PM",,,,"2119 UNIVERSITY BOULEVARD WEST, SILVER SPRING, MD 20904",,"PEDESTRIAN","OTHER","UNKNOWN",,"DAYLIGHT","N/A","UNKNOWN","UNKNOWN","972E9C99-DC0A-448C-8C44-A5A6655E77D7","PEDESTRIAN","Standing","ENTERING EXITING PARKED STANDING VEHICLE","OTHER","No","POSSIBLE INJURY","NONE","39.04141068","-77.0473585","    (39.04141068, -77.0473585)"
"MCP27760043","220048469","Montgomery County Police","Injury Crash","11/03/2022 05:00:00 PM","Maryland (State)","OLNEY SANDY SPRING RD","VILLAGE CENTER DR",,"N/A","PEDESTRIAN","STRAIGHT MOVEMENT ANGLE","CLEAR","DRY","DAYLIGHT","TRAFFIC SIGNAL","NONE DETECTED","NONE DETECTED","A40CDCAC-E12F-4CB6-BF42-0C67FF823C9C","PEDESTRIAN","Cross/Enter at Intersection","UNKNOWN","ON ROADWAY AT CROSSWALK","No","SUSPECTED SERIOUS INJURY","UNKNOWN","39.15211167","-77.06453","    (39.15211167, -77.06453)"
"DD5652001N","220048412","Rockville Police Departme","Injury Crash","11/03/2022 01:09:00 PM",,,,"625 HUNGERFORD DR",,"PEDESTRIAN","SAME DIR REAR END","CLEAR",,"DAYLIGHT","NO CONTROLS","NONE DETECTED","NONE DETECTED","8AED5528-70E0-424A-8F19-B76AFDF93EE0","PEDESTRIAN","Other","NO IMPROPER ACTIONS","OTHER","No","SUSPECTED MINOR INJURY","NONE","39.09214059","-77.15244737","    (39.09214059, -77.15244737)"
"MCP3031004K","220047872","Montgomery County Police","Injury Crash","10/31/2022 06:00:00 PM","Maryland (State)","LAYHILL RD","GLENALLAN AVE",,"N/A","PEDESTRIAN","SINGLE VEHICLE","RAINING","WET","DARK LIGHTS ON","TRAFFIC SIGNAL","NONE DETECTED","NONE DETECTED","0617CD6B-F434-4059-99E9-65BC8B70EC09","PEDESTRIAN","Cross/Enter at Intersection","NO IMPROPER ACTIONS","AT INTERSECTION MARKED CROSSWALK","No","POSSIBLE INJURY","NONE","39.06333667","-77.050015","    (39.06333667, -77.050015)"
"DD559500C4","220047526","Rockville Police Departme","Injury Crash","10/29/2022 12:42:00 PM",,,,"EXIT TO THE BUSINESS LOCATED AT 1801 ROCKVILLE PIKE",,"PEDESTRIAN","OTHER","N/A",,"DAYLIGHT","NO CONTROLS","NONE DETECTED","NONE DETECTED","5DAD5893-2DDD-4EAC-B74B-267A7B592985","PEDESTRIAN","Other","NO IMPROPER ACTIONS","N/A","No","SUSPECTED MINOR INJURY","NONE","39.0599005","-77.12279267","    (39.0599005, -77.12279267)"
"DD5646002F","220047443","Rockville Police Departme","Fatal Crash","10/28/2022 08:59:00 PM","Maryland (State)","ROCKVILLE PIKE","TALBOTT ST",,"ROCKVILLE","PEDESTRIAN","OTHER","CLEAR","DRY","DARK LIGHTS ON","NO CONTROLS","NONE DETECTED","NONE DETECTED","F41CB861-1540-46CA-BEDD-809867250E61","PEDESTRIAN","Cross/Enter not at Intersection","IN ROADWAY IMPROPERLY","ON ROADWAY NOT AT CROSSWALK","Unknown","FATAL INJURY","NONE","39.07306591","-77.13410315","    (39.07306591, -77.13410315)"
"MCP3123004R","220047391","Montgomery County Police","Injury Crash","10/28/2022 02:38:00 PM","County","SEVEN LOCKS RD","IVYMOUNT TERR",,"N/A","PEDESTRIAN","OTHER","CLEAR","DRY","DAYLIGHT","N/A","N/A","N/A","9B8ED540-E262-4ED0-8BB9-354EBF92D161","PEDESTRIAN","Cross/Enter not at Intersection","DART DASH","OUTSIDE RIGHT OF WAY","Yes","SUSPECTED SERIOUS INJURY","NONE","39.04712886","-77.16162564","    (39.04712886, -77.16162564)"
"MCP235300B4","220047332","Montgomery County Police","Property Damage Crash","10/28/2022 09:27:00 AM","County","WESTBARD AVE","RIDGEFIELD RD",,"N/A","OTHER","SINGLE VEHICLE","CLOUDY","DRY","DAYLIGHT","PERSON","NONE DETECTED","NONE DETECTED","FC89666D-1293-42A0-9D36-600F9CCA6B9A","OTHER","Other","IN ROADWAY IMPROPERLY","OTHER","No","NO APPARENT INJURY","REFLECTIVE CLOTHING","38.96527383","-77.10763233","    (38.96527383, -77.10763233)"
"DD5603009K","220047251","Rockville Police Departme","Property Damage Crash","10/27/2022 05:15:00 PM","Municipality","REDLAND BLVD","THOMPSON DAIRY WAY",,"ROCKVILLE","BICYCLIST","STRAIGHT MOVEMENT ANGLE","CLEAR","DRY","DAYLIGHT","TRAFFIC SIGNAL","NONE DETECTED","NONE DETECTED","ED076366-CB68-4CC7-B2CB-C1596C7868A6","BICYCLIST","Cross/Enter at Intersection","INATTENTIVE","ON ROADWAY NOT AT CROSSWALK","Yes","NO APPARENT INJURY","NONE","39.11266429","-77.17128621","    (39.11266429, -77.17128621)"
"MCP3123004P","220047172","Montgomery County Police","Injury Crash","10/27/2022 01:08:00 PM","County","TWINBROOK PKWY","VEIRS MILL RD",,"N/A","PEDESTRIAN","OTHER","CLEAR","DRY","DAYLIGHT","N/A","N/A","N/A","18088416-FA4F-4A3F-81E9-E190D9761690","PEDESTRIAN","Cross/Enter not at Intersection","DART DASH","OUTSIDE RIGHT OF WAY","Yes","SUSPECTED MINOR INJURY","N/A","39.07306","-77.11221131","    (39.07306, -77.11221131)"
"DD561500D8","220047000","Rockville Police Departme","Property Damage Crash","10/26/2022 01:45:00 PM",,,,"PARKING LOT OF 155 ROLLINS AVE, ROCKVILLE, MARYLAND.",,"OTHER","SINGLE VEHICLE","N/A",,"DAYLIGHT","NO CONTROLS","NONE DETECTED","NONE DETECTED","7A7C7860-0E29-4EB4-B240-1EBABCD133DB","OTHER","Other","NO IMPROPER ACTIONS","OTHER","No","NO APPARENT INJURY","NONE","39.05878197","-77.124726","    (39.05878197, -77.124726)"
"MCP3329000S","220046987","Montgomery County Police","Property Damage Crash","10/26/2022 12:41:00 PM","US (State)","GEORGIA AVE","WAYNE AVE",,"N/A","PEDESTRIAN","STRAIGHT MOVEMENT ANGLE","CLEAR","N/A","DAYLIGHT","TRAFFIC SIGNAL","UNKNOWN","NONE DETECTED","CDCD7B23-E6D4-4E6E-97F8-8FAED540768F","PEDESTRIAN","Cross/Enter at Intersection","NO IMPROPER ACTIONS","AT INTERSECTION MARKED CROSSWALK","No","NO APPARENT INJURY","N/A","38.99473494","-77.02665961","    (38.99473494, -77.02665961)"
"MCP3119003W","220046941","Montgomery County Police","Injury Crash","10/26/2022 06:55:00 AM","Other Public Roadway","APPLE RIDGE RD","BUHRSTONE DR",,"N/A","PEDESTRIAN","OTHER","RAINING","WET","DUSK","OTHER","NONE DETECTED","NONE DETECTED","AA595B69-9E9E-4B48-B611-B9DFB4E4E688","PEDESTRIAN","Walking to/from school","NOT VISIBLE","UNKNOWN","Yes","SUSPECTED MINOR INJURY","NONE","39.14620767","-77.17068367","    (39.14620767, -77.17068367)"
"MCP3191003Q","220046868","Montgomery County Police","Property Damage Crash","10/25/2022 04:45:00 PM","Municipality","KOHLHOSS RD","WOOTTON AVE",,"POOLESVILLE","BICYCLIST","OTHER","CLOUDY","DRY","DAYLIGHT","NO CONTROLS","NONE DETECTED","NONE DETECTED","A3A099B5-F1EF-4F6A-8828-0C00DABBD104","BICYCLIST","Cross/Enter at Intersection","INATTENTIVE","AT INTERSECTION BUT NO CROSSWALK","Yes","NO APPARENT INJURY","NONE","39.14392473","-77.40558168","    (39.14392473, -77.40558168)"
"MCP9428004S","220046770","Montgomery County Police","Injury Crash","10/25/2022 08:53:00 AM",,,,"19208 CIRCLE GATE DRIVE(SENECA PLACE APARTMENT LOT)",,"OTHER CONVEYANCE","STRAIGHT MOVEMENT ANGLE","N/A",,"DAYLIGHT","STOP SIGN","NONE DETECTED","NONE DETECTED","9DB65F35-F7E9-4AC0-9C9D-23C2B6265344","OTHER CONVEYANCE","Cross/Enter at Intersection","NO IMPROPER ACTIONS","ON ROADWAY AT CROSSWALK","No","SUSPECTED SERIOUS INJURY","NONE","39.16947222","-77.26421936","    (39.16947222, -77.26421936)"
"MCP3044005X","220046657","Montgomery County Police","Injury Crash","10/24/2022 04:04:00 PM","County","ROBEY RD","PALMER HOUSE WAY",,"N/A","PEDESTRIAN","OTHER","CLEAR","DRY","DAYLIGHT","NO CONTROLS","NONE DETECTED","NONE DETECTED","32338FCB-5F7D-4A92-994E-7A5AF46329C7","PEDESTRIAN","Cross/Enter not at Intersection","DART DASH","ON ROADWAY NOT AT CROSSWALK","Yes","SUSPECTED MINOR INJURY","NONE","39.08166168","-76.94116653","    (39.08166168, -76.94116653)"
"MCP2001001W","220046566","Montgomery County Police","Fatal Crash","10/23/2022 11:00:00 PM","Maryland (State)","GEORGIA AVE","JANET RD",,"N/A","BICYCLIST","STRAIGHT MOVEMENT ANGLE","RAINING","WET","DARK NO LIGHTS","NO CONTROLS","UNKNOWN","UNKNOWN","CE72A092-29BD-46E3-B181-5DFF18C8C285","BICYCLIST","Cross/Enter not at Intersection","UNKNOWN","ON ROADWAY NOT AT CROSSWALK","Unknown","FATAL INJURY","NONE","39.06932364","-77.06226082","    (39.06932364, -77.06226082)"
"MCP1227001Q","220046432","Montgomery County Police","Fatal Crash","10/22/2022 08:42:00 PM","County","MIDCOUNTY HWY","MILLER FALL RD",,"N/A","PEDESTRIAN","SINGLE VEHICLE","CLEAR","DRY","DARK LIGHTS ON","NO CONTROLS","NONE DETECTED","ALCOHOL CONTRIBUTED","2E57EF8B-0C02-429D-AF23-902D2A093BE5","PEDESTRIAN","Other","UNKNOWN","ON ROADWAY NOT AT CROSSWALK","Yes","FATAL INJURY","N/A","39.14332532","-77.15997388","    (39.14332532, -77.15997388)"
"EJ7870005W","220046364","Gaithersburg Police Depar","Injury Crash","10/22/2022 12:38:00 PM","Maryland (State)","FREDERICK RD","TRAVIS AVE",,"GAITHERSBURG","PEDESTRIAN","SINGLE VEHICLE","CLEAR","DRY","DAYLIGHT","STOP SIGN","UNKNOWN","NONE DETECTED","FB51F8C8-DD01-49A7-AA28-0175D4244078","PEDESTRIAN","Cross/Enter at Intersection","NO IMPROPER ACTIONS","AT INTERSECTION MARKED CROSSWALK","No","POSSIBLE INJURY","NONE","39.1599267","-77.2213725","    (39.1599267, -77.2213725)"
"EJ7852006F","220046268","Gaithersburg Police Depar","Property Damage Crash","10/21/2022 05:49:00 PM",,,,"104 MAIN STREET",,"PEDESTRIAN","OTHER","N/A",,"DAYLIGHT","N/A","N/A","NONE DETECTED","99D584C1-3E7D-4CE5-B7E2-9D6809B7EF3D","PEDESTRIAN","Other","INATTENTIVE","OUTSIDE RIGHT OF WAY","Yes","NO APPARENT INJURY","REFLECTIVE CLOTHING","39.12431796","-77.2370865","    (39.12431796, -77.2370865)"
"DD5607003Y","220046275","Rockville Police Departme","Injury Crash","10/21/2022 03:15:00 PM","Maryland (State)","ROCKVILLE PIKE","HALPINE RD",,"ROCKVILLE","PEDESTRIAN","OTHER","CLEAR","N/A","DAYLIGHT","TRAFFIC SIGNAL","N/A","N/A","984A58CD-8658-44AE-BF36-D64622887086","PEDESTRIAN","Cross/Enter at Intersection","NO IMPROPER ACTIONS","AT INTERSECTION MARKED CROSSWALK","No","SUSPECTED MINOR INJURY","N/A","39.06174883","-77.12405417","    (39.06174883, -77.12405417)"
"MCP31290057","220046225","Montgomery County Police","Injury Crash","10/21/2022 02:10:00 PM",,,,"PARKING LOT OF USPS 14030 CONNECTICUT AVE, SILVER SPRING MD, 20906",,"PEDESTRIAN","SINGLE VEHICLE","CLEAR",,"DAYLIGHT","N/A","NONE DETECTED","NONE DETECTED","9DE5B024-EA1E-4364-8022-3EFD2260964F","PEDESTRIAN","Standing","NO IMPROPER ACTIONS","INSIDE BUILDING","No","SUSPECTED MINOR INJURY","N/A","39.08613198","-77.07458404","    (39.08613198, -77.07458404)"
"MCP32910015","220046162","Montgomery County Police","Injury Crash","10/21/2022 03:00:00 AM","US (State)","COLESVILLE RD","FENTON ST",,"N/A","PEDESTRIAN","SINGLE VEHICLE","CLEAR","DRY","DARK LIGHTS ON","FLASHING TRAFFIC SIGNAL","NONE DETECTED","NONE DETECTED","24ACE932-1CCE-48BC-A3D4-C4E427A41049","PEDESTRIAN","Cross/Enter at Intersection","UNKNOWN","ON ROADWAY AT CROSSWALK","No","POSSIBLE INJURY","NONE","38.99715167","-77.027475","    (38.99715167, -77.027475)"
"DD5527004B","220046130","Rockville Police Departme","Injury Crash","10/20/2022 07:27:00 PM","Municipality","GAITHER RD","RIDGEMONT AVE",,"ROCKVILLE","PEDESTRIAN","OTHER","CLEAR","DRY","DARK LIGHTS ON","NO CONTROLS","NONE DETECTED","ALCOHOL PRESENT","EC1EB1EB-A1F5-4478-908A-787FA4BBFEA5","PEDESTRIAN","Cross/Enter at Intersection","FAILURE TO YIELD RIGHT OF WAY","AT INTERSECTION BUT NO CROSSWALK","Yes","SUSPECTED MINOR INJURY","NONE","39.11313684","-77.17599815","    (39.11313684, -77.17599815)"
"MCP3329000R","220046123","Montgomery County Police","Injury Crash","10/20/2022 07:04:00 PM","County","AVENEL RD","CAMILLUS DR",,"N/A","BICYCLIST","HEAD ON LEFT TURN","CLEAR","DRY","DARK -- UNKNOWN LIGHTING","N/A","NONE DETECTED","NONE DETECTED","F4350A95-415C-4FB9-BB47-1CB289C54F30","BICYCLIST","Cross/Enter at Intersection","NO IMPROPER ACTIONS","AT INTERSECTION BUT NO CROSSWALK","No","SUSPECTED MINOR INJURY","N/A","39.00969333","-76.98029","    (39.00969333, -76.98029)"
"MCP2771001C","220045999","Montgomery County Police","Property Damage Crash","10/20/2022 07:58:00 AM","Maryland (State)","GEORGIA AVE","BEL PRE RD",,"N/A","PEDESTRIAN","STRAIGHT MOVEMENT ANGLE","CLEAR","DRY","DAYLIGHT","NO CONTROLS","N/A","N/A","564B8296-F40B-429B-BE30-9B4CB880F365","PEDESTRIAN","Cross/Enter not at Intersection","DART DASH","ON ROADWAY NOT AT CROSSWALK","Yes","NO APPARENT INJURY","NONE","39.05838333","-77.04797667","    (39.05838333, -77.04797667)"
"MCP1378012F","220045928","Montgomery County Police","Injury Crash","10/19/2022 04:52:00 PM","County","SANGAMORE RD","WALHONDING RD",,"N/A","PEDESTRIAN","STRAIGHT MOVEMENT ANGLE","CLEAR","DRY","DAYLIGHT","STOP SIGN","NONE DETECTED","NONE DETECTED","961F1D28-92D8-4D20-81E8-C9312DB122A4","PEDESTRIAN","Walking/Cycling on Sidewalk","NO IMPROPER ACTIONS","SIDEWALK","No","SUSPECTED MINOR INJURY","NONE","38.962698","-77.12132582","    (38.962698, -77.12132582)"
"MCP33120028","220045809","Montgomery County Police","Injury Crash","10/19/2022 07:55:00 AM","County","VALLEY BROOK DR","GREENHILL DR",,"N/A","PEDESTRIAN","SINGLE VEHICLE","CLEAR","DRY","DAYLIGHT","NO CONTROLS","NONE DETECTED","NONE DETECTED","8A829653-A958-4792-9E41-4C7E9112C936","PEDESTRIAN","Cross/Enter at Intersection","FAILURE TO YIELD RIGHT OF WAY","ON ROADWAY NOT AT CROSSWALK","Yes","POSSIBLE INJURY","NONE","39.05814167","-77.00284","    (39.05814167, -77.00284)"
"MCP2487002S","220045804","Montgomery County Police","Injury Crash","10/19/2022 07:16:00 AM","Maryland (State)","FISHER AVE","WOOTTON AVE",,"POOLESVILLE","PEDESTRIAN","SINGLE VEHICLE","CLOUDY","DRY","DAWN","NO CONTROLS","NONE DETECTED","N/A","C9A7101B-E096-4163-A837-50ABCFEE1388","PEDESTRIAN","Cross/Enter at Intersection","NO IMPROPER ACTIONS","ON ROADWAY AT CROSSWALK","No","SUSPECTED SERIOUS INJURY","NONE","39.14208282","-77.40739193","    (39.14208282, -77.40739193)"
"MCP2564002V","220045747","Montgomery County Police","Injury Crash","10/18/2022 05:08:00 PM","County","APPLE RIDGE RD","SHADOW OAK DR",,"N/A","OTHER CONVEYANCE","SAME DIRECTION LEFT TURN","CLEAR","DRY","DAYLIGHT","NO CONTROLS","NONE DETECTED","NONE DETECTED","E47719F6-F7E5-4C9F-A316-F02C76A6FC3E","OTHER CONVEYANCE","Cross/Enter at Intersection","INATTENTIVE","ON ROADWAY AT CROSSWALK","Yes","SUSPECTED SERIOUS INJURY","NONE","39.185955","-77.20237167","    (39.185955, -77.20237167)"
"MCP2622003D","220045455","Montgomery County Police","Injury Crash","10/17/2022 06:41:00 AM","County","BLACKBURN LA","BLACKBURN RD",,"N/A","PEDESTRIAN","OTHER","CLEAR","DRY","DAWN","N/A","NONE DETECTED","NONE DETECTED","FB041801-52FA-48BC-B770-84C9E7C904E5","PEDESTRIAN","Walking/Cycling on Sidewalk","NO IMPROPER ACTIONS","SIDEWALK","No","SUSPECTED SERIOUS INJURY","NONE","39.103721","-76.931234","    (39.103721, -76.931234)"
"MCP2895002L","220045245","Montgomery County Police","Injury Crash","10/15/2022 04:30:00 PM","County","CENTURY BLVD","PINNACLE DR",,"N/A","PEDESTRIAN","OTHER","CLEAR","DRY","DAYLIGHT","NO CONTROLS","UNKNOWN","NONE DETECTED","911D7207-0EF5-4EC1-ADD8-FE2B8ABF2AF2","PEDESTRIAN","Cross/Enter not at Intersection","NO IMPROPER ACTIONS","ON ROADWAY NOT AT CROSSWALK","Yes","SUSPECTED MINOR INJURY","NONE","39.18207333","-77.26526833","    (39.18207333, -77.26526833)"
"EJ78890032","220045248","Gaithersburg Police Depar","Injury Crash","10/15/2022 04:20:00 PM",,,,"THE PARKING LOT OF 12130 DARNESTOWN RD GAITHERSBURG MD 20878",,"PEDESTRIAN","OTHER","CLEAR",,"DAYLIGHT","NO CONTROLS","NONE DETECTED","NONE DETECTED","43C39D7C-9D9E-424C-8EDF-FEFAEFB18923","PEDESTRIAN","Other","NO IMPROPER ACTIONS","OTHER","No","POSSIBLE INJURY","NONE","39.11713547","-77.25148558","    (39.11713547, -77.25148558)"
"MCP3090006F","220045233","Montgomery County Police","Injury Crash","10/15/2022 02:40:00 PM",,,,"PARKING LOT OF 438 N FREDERICK AVE. GAITHERSBURG, MD",,"PEDESTRIAN","OTHER","CLEAR",,"DAYLIGHT","N/A","N/A","N/A","879FEED3-1E44-4ED4-AE72-CD0C6DB0277F","PEDESTRIAN","N/A","OTHER","OTHER","No","POSSIBLE INJURY","N/A","39.14754333","-77.206474","    (39.14754333, -77.206474)"
"DD56480016","220045225","Rockville Police Departme","Injury Crash","10/15/2022 01:13:00 PM","Municipality","MONROE ST","FLEET ST",,"ROCKVILLE","PEDESTRIAN","OTHER","CLEAR","DRY","DAYLIGHT","TRAFFIC SIGNAL","NONE DETECTED","NONE DETECTED","65D8E158-EEE8-4747-983E-6EDD59DC4070","PEDESTRIAN","Cross/Enter at Intersection","NO IMPROPER ACTIONS","AT INTERSECTION MARKED CROSSWALK","No","SUSPECTED MINOR INJURY","N/A","39.08069352","-77.14994534","    (39.08069352, -77.14994534)"
"EJ7888002Z","220045189","Gaithersburg Police Depar","Injury Crash","10/15/2022 07:55:00 AM","County","MUDDY BRANCH RD","W DEER PARK RD",,"GAITHERSBURG","OTHER","OTHER","CLEAR","DRY","DAYLIGHT","NO CONTROLS","NONE DETECTED","NONE DETECTED","0F2FB106-E69F-4914-81A6-0F74EB3D4FB6","OTHER","Walking/Riding w/Traffic","NO IMPROPER ACTIONS","ON ROADWAY NOT AT CROSSWALK","No","SUSPECTED MINOR INJURY","MC/BIKE HELMET","39.13549523","-77.20560648","    (39.13549523, -77.20560648)"
"MCP33420009","220045119","Montgomery County Police","Injury Crash","10/14/2022 06:32:00 PM","Maryland (State)","NEW HAMPSHIRE AVE","ASHTON OAKS CT",,"N/A","PEDESTRIAN","SINGLE VEHICLE","CLEAR","DRY","DARK NO LIGHTS","NO CONTROLS","NONE DETECTED","ALCOHOL PRESENT","EE675A5C-AE35-4AB1-9381-89535E31068D","PEDESTRIAN","Walking/Riding w/Traffic","DART DASH","ON ROADWAY NOT AT CROSSWALK","Yes","SUSPECTED SERIOUS INJURY","NONE","39.15768979","-77.01388182","    (39.15768979, -77.01388182)"
"MCP33120027","220045002","Montgomery County Police","Injury Crash","10/14/2022 09:00:00 AM","County","OLD COLUMBIA PIKE","CLIFTONDALE DR",,"N/A","PEDESTRIAN","SINGLE VEHICLE","CLEAR","WET","DAYLIGHT","NO CONTROLS","NONE DETECTED","NONE DETECTED","173772F5-6D65-4FE9-9669-F0824241D679","PEDESTRIAN","Standing","NO IMPROPER ACTIONS","AT INTERSECTION BUT NO CROSSWALK","No","POSSIBLE INJURY","REFLECTIVE CLOTHING","39.053705","-76.97383833","    (39.053705, -76.97383833)"
"DD5653001X","220045117","Rockville Police Departme","Property Damage Crash","10/14/2022 07:30:00 AM","Municipality","MARYLAND AVE","NEW MARK ESPLANADE",,"ROCKVILLE","BICYCLIST","SINGLE VEHICLE","CLOUDY","UNKNOWN","DAYLIGHT","STOP SIGN","UNKNOWN","N/A","4E42D942-A912-4DD4-B121-CE958A966F76","BICYCLIST","Walking/Riding w/Traffic","NO IMPROPER ACTIONS","IN BIKEWAY","No","NO APPARENT INJURY","MC/BIKE HELMET","39.0788738","-77.15614325","    (39.0788738, -77.15614325)"
"MCP33200013","220044963","Montgomery County Police","Injury Crash","10/13/2022 09:42:00 PM","Maryland (State)","COLESVILLE RD","EAST WEST HWY",,"N/A","PEDESTRIAN","OTHER","RAINING","WET","DARK LIGHTS ON","TRAFFIC SIGNAL","NONE DETECTED","NONE DETECTED","6F1AC3AE-CD28-4B88-BDE0-4EAB0EB95A51","PEDESTRIAN","Cross/Enter at Intersection","NO IMPROPER ACTIONS","ON ROADWAY AT CROSSWALK","No","SUSPECTED MINOR INJURY","NONE","38.99355427","-77.03212944","    (38.99355427, -77.03212944)"
"MCP3019005B","220044739","Montgomery County Police","Injury Crash","10/12/2022 08:45:00 PM","Maryland (State)","WISCONSIN AVE","LELAND ST",,"N/A","PEDESTRIAN","SINGLE VEHICLE","CLEAR","DRY","DARK LIGHTS ON","TRAFFIC SIGNAL","N/A","N/A","3D80BE30-83EA-4DCC-92E2-AA175BE692BC","PEDESTRIAN","Cross/Enter at Intersection","NO IMPROPER ACTIONS","ON ROADWAY AT CROSSWALK","No","SUSPECTED MINOR INJURY","N/A","38.98020833","-77.091825","    (38.98020833, -77.091825)"
"DD5571000B","220044711","Rockville Police Departme","Injury Crash","10/12/2022 05:27:00 PM","Municipality","MARYLAND AVE","S WASHINGTON ST",,"ROCKVILLE","PEDESTRIAN","SINGLE VEHICLE","CLOUDY","DRY","DAYLIGHT","N/A","NONE DETECTED","N/A","D4F6FE8F-30A4-4B1C-8E2C-11D480558CDC","PEDESTRIAN","Cross/Enter at Intersection","NO IMPROPER ACTIONS","ON ROADWAY AT CROSSWALK","No","SUSPECTED MINOR INJURY","N/A","39.08043397","-77.15271433","    (39.08043397, -77.15271433)"
"EJ7873006G","220053209","Gaithersburg Police Depar","Injury Crash","10/12/2022 04:13:00 PM","Maryland (State)","FREDERICK RD","MONTGOMERY AVE",,"GAITHERSBURG","BICYCLIST","OTHER","CLEAR","DRY","DAYLIGHT","NO CONTROLS","UNKNOWN","NONE DETECTED","ACAA98AF-BD33-41D2-9F3E-C87FAA2A7502","BICYCLIST","Walking/Cycling on Sidewalk","NO IMPROPER ACTIONS","DRIVEWAY ACCESS MARKED CROSSWALK","No","SUSPECTED MINOR INJURY","UNKNOWN","39.1461514","-77.20414629","    (39.1461514, -77.20414629)"
"MCP2761003T","220044472","Montgomery County Police","Injury Crash","10/11/2022 04:20:00 PM","County","RICHTER FARM RD","GERMANTOWN RD",,"N/A","PEDESTRIAN","OTHER","CLEAR","DRY","DAYLIGHT","NO CONTROLS","UNKNOWN","NONE DETECTED","4F1F54A0-02E2-472F-B39F-9FEADBAB38F7","PEDESTRIAN","Other Working","NO IMPROPER ACTIONS","OTHER","No","POSSIBLE INJURY","N/A","39.15365908","-77.28666362","    (39.15365908, -77.28666362)"
"EJ7895002T","220044439","Gaithersburg Police Depar","Injury Crash","10/11/2022 01:55:00 PM",,,,"KAISER PERMANENTE PARKING LOT- 655 WATKINS MILL ROAD",,"PEDESTRIAN","STRAIGHT MOVEMENT ANGLE","CLEAR",,"DAYLIGHT","STOP SIGN","NONE DETECTED","NONE DETECTED","001E0018-D749-4BDF-A781-3B1B34C8BA4F","PEDESTRIAN","Cross/Enter at Intersection","NO IMPROPER ACTIONS","ON ROADWAY AT CROSSWALK","No","SUSPECTED MINOR INJURY","NONE","39.15680213","-77.22116675","    (39.15680213, -77.22116675)"
"MCP913000D7","220044371","Montgomery County Police","Injury Crash","10/11/2022 05:44:00 AM","Maryland (State)","UNIVERSITY BLVD E","CARROLL AVE",,"N/A","PEDESTRIAN","SINGLE VEHICLE","CLEAR","DRY","DARK LIGHTS ON","TRAFFIC SIGNAL","NONE DETECTED","NONE DETECTED","B3689CE8-09E5-4133-A5D0-A558CA4EB273","PEDESTRIAN","Cross/Enter at Intersection","DART DASH","ON ROADWAY AT CROSSWALK","Yes","SUSPECTED SERIOUS INJURY","NONE","38.99385077","-76.99254645","    (38.99385077, -76.99254645)"
"MCP25700013","220044322","Montgomery County Police","Injury Crash","10/10/2022 05:43:00 PM",,,,"ON THE 1ST FLOOR SOUTHERN PARKING GARAGE AT 11160 VEIRS MILL RD, WHEATON, MD 20902",,"PEDESTRIAN","STRAIGHT MOVEMENT ANGLE","CLEAR",,"DAYLIGHT","N/A","UNKNOWN","NONE DETECTED","0D95643F-486D-484B-BF49-20C226FE3380","PEDESTRIAN","Other","NO IMPROPER ACTIONS","OTHER","No","SUSPECTED MINOR INJURY","N/A","39.03534039","-77.05381612","    (39.03534039, -77.05381612)"
"MCP3230003F","220044308","Montgomery County Police","Injury Crash","10/10/2022 05:15:00 PM","Maryland (State)","LAYHILL RD","BRIGGS RD",,"N/A","PEDESTRIAN","OTHER","CLEAR","DRY","DAYLIGHT","TRAFFIC SIGNAL","NONE DETECTED","NONE DETECTED","83700679-C697-4095-B793-26E934E8FCE4","PEDESTRIAN","Cross/Enter at Intersection","NO IMPROPER ACTIONS","AT INTERSECTION MARKED CROSSWALK","No","SUSPECTED MINOR INJURY","N/A","39.0688025","-77.04611233","    (39.0688025, -77.04611233)"
"MCP15310011","220044061","Montgomery County Police","Injury Crash","10/08/2022 10:17:00 PM",,,,"PARKING LOT OF 10620 RIVER ROAD",,"PEDESTRIAN","SINGLE VEHICLE","CLEAR",,"DARK LIGHTS ON","NO CONTROLS","NONE DETECTED","NONE DETECTED","92FA6CC0-147D-4273-A7BD-1834BAAF6C4A","PEDESTRIAN","Walking/Riding w/Traffic","NO IMPROPER ACTIONS","ON ROADWAY NOT AT CROSSWALK","No","SUSPECTED MINOR INJURY","NONE","39.0242988","-77.21955542","    (39.0242988, -77.21955542)"