"Report Number","Local Case Number","Agency Name","ACRS Report Type","Crash Date/Time","Route Type","Road Name","Cross-Street Name","Off-Road Description","Municipality","Related Non-Motorist","Collision Type","Weather","Surface Condition","Light","Traffic Control","Driver Substance Abuse","Non-Motorist Substance Abuse","Person ID","Pedestrian Type","Pedestrian Movement","Pedestrian Actions","Pedestrian Location","At Fault","Injury Severity","Safety Equipment","Latitude","Longitude","Location"
"EJ7809002R","210042155","Gaithersburg Police Depar","Injury Crash","10/20/2021 02:19:00 PM",,,,"842 MUDDY BRANCH RD. (GIANT FOOD PARKING LOT) GAITHERSBURG, MD. 20878",,"PEDESTRIAN","OTHER","CLEAR",,"DAYLIGHT","NO CONTROLS","NONE DETECTED","NONE DETECTED","E8588356-A497-493D-951C-628DE63774ED","PEDESTRIAN","N/A","NO IMPROPER ACTIONS","OTHER","No","SUSPECTED MINOR INJURY","N/A","39.11471596","-77.21704388","    (39.11471596, -77.21704388)"
"MCP3192002D","210042051","Montgomery County Police","Injury Crash","10/19/2021 08:05:00 PM","County","GLENHAVEN PKWY","ALBERTI DR",,"N/A","OTHER PEDALCYCLIST","SINGLE VEHICLE","CLEAR","DRY","DARK LIGHTS ON","STOP SIGN","NONE DETECTED","NONE DETECTED","EC486484-68EB-4F34-941F-FD3F15D56627","OTHER PEDALCYCLIST","Other","IN ROADWAY IMPROPERLY","ON ROADWAY NOT AT CROSSWALK","Yes","SUSPECTED MINOR INJURY","NONE","39.034687","-77.04074217","    (39.034687, -77.04074217)"
"MCP271700W5","210041996","Montgomery County Police","Property Damage Crash","10/19/2021 03:15:00 PM","US (State)","COLUMBIA PIKE","TECH RD",,"N/A","PEDESTRIAN","OTHER","CLEAR","DRY","DAYLIGHT","TRAFFIC SIGNAL","NONE DETECTED","NONE DETECTED","3B6D1BE4-C94E-4058-B9FB-EC43E11A1FC0","PEDESTRIAN","Cross/Enter at Intersection","NO IMPROPER ACTIONS","ON ROADWAY AT CROSSWALK","No","NO APPARENT INJURY","NONE","39.05789533","-76.96816317","    (39.05789533, -76.96816317)"
"MCP263900D0","210041923","Montgomery County Police","Injury Crash","10/19/2021 07:40:00 AM",,"SNOWDEN FARM PKWY","SWEETSPIRE DR",,"N/A","BICYCLIST","STRAIGHT MOVEMENT ANGLE","CLEAR","DRY","DAYLIGHT","N/A","NONE DETECTED","NONE DETECTED","08591482-AE4C-4E70-91E7-3FA870F0BA44","BICYCLIST","Cross/Enter at Intersection","DART DASH","AT INTERSECTION MARKED CROSSWALK","Yes","POSSIBLE INJURY","MC/BIKE HELMET","39.226935","-77.24847833","    (39.226935, -77.24847833)"
"MCP32680017","210041737","Montgomery County Police","Injury Crash","10/18/2021 06:32:00 AM","County","BROADBIRCH DR","TECH RD",,"N/A","PEDESTRIAN","N/A","N/A","DRY","DARK LIGHTS ON","STOP SIGN","N/A","N/A","0E2C2542-D181-4A58-8E53-451452AC9238","PEDESTRIAN","Cross/Enter at Intersection","NO IMPROPER ACTIONS","SIDEWALK","No","POSSIBLE INJURY","N/A","39.05594117","-76.96627683","    (39.05594117, -76.96627683)"
"MCP26120048","210041716","Montgomery County Police","Injury Crash","10/17/2021 08:48:00 PM","County","RIPPLING BROOK DR","BEL PRE RD",,"N/A","BICYCLIST","OTHER","CLEAR","DRY","DARK LIGHTS ON","STOP SIGN","NONE DETECTED","NONE DETECTED","A4FADE77-C494-4BD0-AE22-B7CB0F300F55","BICYCLIST","Cross/Enter at Intersection","UNKNOWN","ON ROADWAY AT CROSSWALK","Yes","POSSIBLE INJURY","NONE","39.090145","-77.05401167","    (39.090145, -77.05401167)"
"MCP32560012","210041574","Montgomery County Police","Injury Crash","10/16/2021 07:49:00 PM",,,,"BACK LOADING DOCK AREA OF 11221 NEW HAMPSHIRE AVENUE, SILVER SPRING, MARYLAND 20904.",,"PEDESTRIAN","SINGLE VEHICLE","CLEAR",,"DARK NO LIGHTS","NO CONTROLS","NONE DETECTED","NONE DETECTED","8AAE149C-0A21-4A9A-8DB3-DAF29123B793","PEDESTRIAN","Other","INATTENTIVE","OTHER","Yes","SUSPECTED SERIOUS INJURY","NONE","39.04042549","-76.98952744","    (39.04042549, -76.98952744)"
"MCP3299000V","210041546","Montgomery County Police","Injury Crash","10/16/2021 03:39:00 PM",,,,"11160 VEIRS MILL ROAD. COSTCO/TARGET PARKING LOT.",,"PEDESTRIAN","OTHER","RAINING",,"DAYLIGHT","NO CONTROLS","NONE DETECTED","NONE DETECTED","97E52A8A-5E6D-4ABD-9208-5627D8CA3BEC","PEDESTRIAN","Cross/Enter not at Intersection","INATTENTIVE","OTHER","Yes","POSSIBLE INJURY","NONE","39.03576029","-77.05606393","    (39.03576029, -77.05606393)"
"MCP3282000X","210041460","Montgomery County Police","Injury Crash","10/15/2021 10:47:00 PM","Maryland (State)","GREAT SENECA HWY","WISTERIA DR",,"N/A","PEDESTRIAN","OTHER","CLEAR","DRY","DARK LIGHTS ON","TRAFFIC SIGNAL","UNKNOWN","NONE DETECTED","DF2997B9-7251-433E-BE6E-A880E6BC306B","PEDESTRIAN","Walking/Riding against Traffic","FAILURE TO OBEY TRAFFIC SIGNS SIGNALS OR OFFICER","AT INTERSECTION BUT NO CROSSWALK","Yes","SUSPECTED MINOR INJURY","NONE","39.1710268","-77.26262616","    (39.1710268, -77.26262616)"
"MCP271700W4","210041405","Montgomery County Police","Injury Crash","10/15/2021 05:20:00 PM","Maryland (State)","ROCKVILLE PIKE","ROLLINS AVE",,"ROCKVILLE","PEDESTRIAN","OTHER","CLEAR","DRY","DAYLIGHT","STOP SIGN","UNKNOWN","NONE DETECTED","C6066F36-D1E6-4E74-A68F-33FEF42C5338","PEDESTRIAN","Other","NO IMPROPER ACTIONS","OTHER","No","SUSPECTED MINOR INJURY","NONE","39.0596305","-77.12240167","    (39.0596305, -77.12240167)"
"EJ7884002Z","210041391","Gaithersburg Police Depar","Injury Crash","10/15/2021 04:32:00 PM","Maryland (State)","CLOPPER RD","W WATKINS MILL RD",,"GAITHERSBURG","PEDESTRIAN","OTHER","CLEAR","DRY","DAYLIGHT","TRAFFIC SIGNAL","N/A","NONE DETECTED","CD379948-DD29-4BB6-B015-85146CF2EC6F","PEDESTRIAN","Cross/Enter at Intersection","IN ROADWAY IMPROPERLY","CURB","Yes","SUSPECTED MINOR INJURY","NONE","39.14769317","-77.23312198","    (39.14769317, -77.23312198)"
"MCP3220001H","210041390","Montgomery County Police","Property Damage Crash","10/15/2021 04:11:00 PM","County","HOLLINGSWORTH DR","HOLLINGSWORTH TERR",,"N/A","MACHINE OPERATOR/RIDER","STRAIGHT MOVEMENT ANGLE","N/A","DRY","DAYLIGHT","NO CONTROLS","NONE DETECTED","NONE DETECTED","11E5FF05-4D5E-4E3C-BE53-B83033773569","MACHINE OPERATOR/RIDER","Push/Work on Vehicle","INATTENTIVE","OTHER","Yes","NO APPARENT INJURY","N/A","39.15200617","-77.13448917","    (39.15200617, -77.13448917)"
"DM8499000M","210041310","Takoma Park Police Depart","Property Damage Crash","10/15/2021 09:47:00 AM","Maryland (State)","CARROLL AVE","LEE AVE",,"TAKOMA PARK","PEDESTRIAN","SAME DIR REAR END","CLEAR","DRY","DAYLIGHT","N/A","N/A, NONE DETECTED","NONE DETECTED","10ACA672-BCC5-4FD7-A822-84EDF4BF6BC6","PEDESTRIAN","Cross/Enter not at Intersection","NO IMPROPER ACTIONS","ON ROADWAY AT CROSSWALK","No","NO APPARENT INJURY","N/A","38.97889493","-77.00540601","    (38.97889493, -77.00540601)"
"MCP31150054","210041309","Montgomery County Police","Property Damage Crash","10/15/2021 09:20:00 AM","County","ELDRID DR","ECKMOOR RD",,"N/A","OTHER","SINGLE VEHICLE","CLEAR","DRY","DAYLIGHT","NO CONTROLS","N/A","N/A","05274A96-D7E9-4A5B-8C4B-B9EB8EC570C4","OTHER","N/A","NO IMPROPER ACTIONS","N/A","No","NO APPARENT INJURY","N/A","39.06577667","-76.999895","    (39.06577667, -76.999895)"
"MCP9386008X","210041163","Montgomery County Police","Injury Crash","10/14/2021 12:30:00 PM","Maryland (State)","DARNESTOWN RD","JONES LA",,"N/A","BICYCLIST","STRAIGHT MOVEMENT ANGLE","CLEAR","DRY","DAYLIGHT","N/A","NONE DETECTED","NONE DETECTED","60656045-3C1D-49AC-BEE2-B5ED25AF372E","BICYCLIST","Walking/Riding w/Traffic","NO IMPROPER ACTIONS","SHOULDER","No","SUSPECTED MINOR INJURY","MC/BIKE HELMET","39.11380983","-77.26768533","    (39.11380983, -77.26768533)"
"EJ7876003Q","210041064","Gaithersburg Police Depar","Injury Crash","10/13/2021 07:25:00 PM","Maryland (State)","FREDERICK RD","GAME PRESERVE RD",,"N/A","PEDESTRIAN","OTHER","CLEAR","DRY","DARK NO LIGHTS","NO CONTROLS","N/A","ALCOHOL CONTRIBUTED","09821F0B-50F9-40AD-B8DF-226B6F4FDFBF","PEDESTRIAN","Cross/Enter not at Intersection","NOT VISIBLE","ON ROADWAY NOT AT CROSSWALK","Yes","POSSIBLE INJURY","NONE","39.16483365","-77.22749527","    (39.16483365, -77.22749527)"
"MCP2825001D","210041025","Montgomery County Police","Property Damage Crash","10/13/2021 04:38:00 PM","County","MIDDLEBROOK RD","RIDGECREST DR",,"N/A","BICYCLIST","OTHER","CLEAR","DRY","DAYLIGHT","OTHER","UNKNOWN","NONE DETECTED","304C3EE2-300B-4376-81CC-35BF07416785","BICYCLIST","Cross/Enter at Intersection","NO IMPROPER ACTIONS","ON ROADWAY AT CROSSWALK","No","NO APPARENT INJURY","N/A","39.17478167","-77.25741333","    (39.17478167, -77.25741333)"
"MCP3212002Z","210040886","Montgomery County Police","Injury Crash","10/12/2021 06:21:00 PM","County","FOREST GLEN RD","ADMIRALTY DR",,"N/A","PEDESTRIAN","OTHER","RAINING","WET","DARK LIGHTS ON","OTHER","NONE DETECTED","NONE DETECTED","5ED8BEA2-A604-4A5F-B11E-4A5A520A8924","PEDESTRIAN","Unknown","UNKNOWN","ON ROADWAY AT CROSSWALK","No","SUSPECTED SERIOUS INJURY","NONE","39.01590772","-77.03767848","    (39.01590772, -77.03767848)"
"MCP2278003K","210040834","Montgomery County Police","Injury Crash","10/12/2021 03:22:00 PM","County","MONTROSE RD","BARGATE CT",,"N/A","BICYCLIST","STRAIGHT MOVEMENT ANGLE","CLEAR","DRY","DAYLIGHT","NO CONTROLS","NONE DETECTED","NONE DETECTED","FAD89D87-AA34-4D22-950B-105C1D16A98D","BICYCLIST","Cross/Enter not at Intersection","NO IMPROPER ACTIONS","ON ROADWAY AT CROSSWALK","No","SUSPECTED MINOR INJURY","NONE","39.05356333","-77.13203833","    (39.05356333, -77.13203833)"
"MCP263900CZ","210040772","Montgomery County Police","Injury Crash","10/12/2021 10:07:00 AM",,,,"PARKING LOT OF 22700 SWEET SHRUB DR",,"PEDESTRIAN","HEAD ON LEFT TURN","CLOUDY",,"DAYLIGHT","NO CONTROLS","NONE DETECTED","NONE DETECTED","F50050BA-4456-41D8-AF37-01679824429A","PEDESTRIAN","Other","NO IMPROPER ACTIONS","ON ROADWAY AT CROSSWALK","No","POSSIBLE INJURY","NONE","39.23042167","-77.250285","    (39.23042167, -77.250285)"
"MCP32690010","210040769","Montgomery County Police","Property Damage Crash","10/12/2021 09:47:00 AM",,,,"IN PARKING LOT OF URGETN CARE LOCATED AT 15648 OLD COLUMBIA PIKE",,"BICYCLIST","HEAD ON LEFT TURN","RAINING",,"DAYLIGHT","NO CONTROLS","NONE DETECTED","NONE DETECTED","D556D528-412D-48C3-B077-D508DD7A1C12","BICYCLIST","Cross/Enter not at Intersection","NO IMPROPER ACTIONS","SIDEWALK","No","NO APPARENT INJURY","NONE","39.11293117","-76.9336825","    (39.11293117, -76.9336825)"
"EJ7891000L","210040756","Gaithersburg Police Depar","Injury Crash","10/12/2021 09:06:00 AM","Municipality","HIGHLAND RIDGE AVE","WINTER WALK DR",,"GAITHERSBURG","PEDESTRIAN","SINGLE VEHICLE","CLEAR","DRY","DAYLIGHT","STOP SIGN","NONE DETECTED","NONE DETECTED","E210CD10-58B9-4CF2-B71E-621BB8A74848","PEDESTRIAN","Getting off/on Vehicle","UNKNOWN","AT INTERSECTION BUT NO CROSSWALK","No","SUSPECTED MINOR INJURY","NONE","39.126226","-77.22519288","    (39.126226, -77.22519288)"
"MCP2814002R","210040568","Montgomery County Police","Injury Crash","10/11/2021 07:28:00 AM","County","BLACKBERRY DR","DARNESTOWN RD",,"N/A","BICYCLIST","OTHER","N/A","DRY","DAYLIGHT","STOP SIGN","UNKNOWN","NONE DETECTED","107A527E-561E-4A56-9B39-8B806DDC7894","BICYCLIST","Cross/Enter at Intersection","WRONG WAY RIDING OR WALKING","AT INTERSECTION MARKED CROSSWALK","Yes","SUSPECTED MINOR INJURY","MC/BIKE HELMET","39.11650767","-77.24864083","    (39.11650767, -77.24864083)"
"MCP3285001B","210040544","Montgomery County Police","Property Damage Crash","10/10/2021 09:21:00 PM","Maryland (State)","GERMANTOWN RD","WISTERIA DR",,"N/A","PEDESTRIAN","SINGLE VEHICLE","CLEAR","DRY","DARK LIGHTS ON","TRAFFIC SIGNAL","N/A","UNKNOWN","C64A0164-8BE2-4842-A05E-5A7BB9C7623A","PEDESTRIAN","Cross/Enter not at Intersection","IN ROADWAY IMPROPERLY","ON ROADWAY NOT AT CROSSWALK","Yes","NO APPARENT INJURY","UNKNOWN","39.17679965","-77.269815","    (39.17679965, -77.269815)"
"MCP2689007X","210040510","Montgomery County Police","Injury Crash","10/10/2021 02:35:00 PM","County","ST JAMES RD","RED CHURCH CT",,"N/A","PEDESTRIAN","SINGLE VEHICLE","CLOUDY","DRY","DAYLIGHT","NO CONTROLS","NONE DETECTED","NONE DETECTED","557E2BBE-BD06-435B-8B05-30EABD66082F","PEDESTRIAN","Walking/Riding w/Traffic","NO IMPROPER ACTIONS","ON ROADWAY NOT AT CROSSWALK","No","SUSPECTED SERIOUS INJURY","NONE","39.05638869","-77.20221929","    (39.05638869, -77.20221929)"
"MCP2689007X","210040510","Montgomery County Police","Injury Crash","10/10/2021 02:35:00 PM","County","ST JAMES RD","RED CHURCH CT",,"N/A","PEDESTRIAN","SINGLE VEHICLE","CLOUDY","DRY","DAYLIGHT","NO CONTROLS","NONE DETECTED","NONE DETECTED","FBF266E7-3E57-46A9-A7AC-54B7507D2D83","PEDESTRIAN","Walking/Riding w/Traffic","NO IMPROPER ACTIONS","SHOULDER","No","SUSPECTED SERIOUS INJURY","NONE","39.05638869","-77.20221929","    (39.05638869, -77.20221929)"
"MCP23470033","210040488","Montgomery County Police","Injury Crash","10/10/2021 01:10:00 PM","County","CALVERTON BLVD","LEMAR ST",,"N/A","BICYCLIST","OTHER","CLEAR","DRY","DAYLIGHT","NO CONTROLS","UNKNOWN","NONE DETECTED","8CBAB9D0-3FAC-4A75-A303-9EBEAF64F9A0","BICYCLIST","Other","WRONG WAY RIDING OR WALKING","IN BIKEWAY","No","SUSPECTED SERIOUS INJURY","NONE","39.05707483","-76.95069383","    (39.05707483, -76.95069383)"
"MCP32640021","210040195","Montgomery County Police","Injury Crash","10/08/2021 02:23:00 PM","County","FENTON ST","BONIFANT ST",,"N/A","MACHINE OPERATOR/RIDER","SAME DIRECTION LEFT TURN","CLOUDY","DRY","DAYLIGHT","TRAFFIC SIGNAL","NONE DETECTED","NONE DETECTED","8E0850D3-98D1-4D38-9BBA-C2BD722D4AF9","MACHINE OPERATOR/RIDER","Cross/Enter at Intersection","NO IMPROPER ACTIONS","ON ROADWAY AT CROSSWALK","No","SUSPECTED MINOR INJURY","NONE","38.99447","-77.02404833","    (38.99447, -77.02404833)"
"MCP29050052","210040154","Montgomery County Police","Injury Crash","10/08/2021 10:38:00 AM","County","TUCKERMAN LA","KINGS RIDING WAY",,"N/A","BICYCLIST","STRAIGHT MOVEMENT ANGLE","CLEAR","DRY","DAYLIGHT","NO CONTROLS","N/A","N/A","8B86765E-0DBA-4B49-B110-1394DF8AB126","BICYCLIST","Cross/Enter at Intersection","NO IMPROPER ACTIONS","SIDEWALK","Yes","SUSPECTED MINOR INJURY","MC/BIKE HELMET","39.02916167","-77.110775","    (39.02916167, -77.110775)"
"MCP2399004Z","210040088","Montgomery County Police","Injury Crash","10/07/2021 07:15:00 PM",,,,"PARKING LOT OF 19003 WATKINS MILL RD",,"PEDESTRIAN","SINGLE VEHICLE","N/A",,"DARK LIGHTS ON","N/A","NONE DETECTED","NONE DETECTED","7D0B6581-E3B4-4379-B0ED-A583ED634DB0","PEDESTRIAN","Other","NOT VISIBLE","OTHER","Yes","SUSPECTED MINOR INJURY","NONE","39.1659737","-77.210295","    (39.1659737, -77.210295)"
"MCP31980038","210039908","Montgomery County Police","Injury Crash","10/06/2021 08:21:00 PM","County","HUGGINS DR","COLLEGE VIEW DR",,"N/A","PEDESTRIAN","OTHER","CLEAR","DRY","DARK NO LIGHTS","N/A","UNKNOWN","N/A","46F1EE01-58A3-48E1-8446-3E5B4D31177F","PEDESTRIAN","Unknown","UNKNOWN","ON ROADWAY NOT AT CROSSWALK","No","SUSPECTED MINOR INJURY","N/A","39.05003458","-77.07280643","    (39.05003458, -77.07280643)"
"MCP229800YM","210039830","Montgomery County Police","Injury Crash","10/06/2021 02:11:00 PM","County","SNOUFFERS SCHOOL RD","BONANZA WAY",,"N/A","PEDESTRIAN","OTHER","CLOUDY","WET","DAYLIGHT","NO CONTROLS","NONE DETECTED","NONE DETECTED","7BF6BAE3-FB96-4D2D-B4BB-F44AE37DF5B5","PEDESTRIAN","Cross/Enter at Intersection","NO IMPROPER ACTIONS","AT INTERSECTION BUT NO CROSSWALK","No","POSSIBLE INJURY","NONE","39.16635853","-77.17087379","    (39.16635853, -77.17087379)"
"MCP33050010","210039823","Montgomery County Police","Injury Crash","10/06/2021 01:33:00 PM","Maryland (State)","GEORGIA AVE","CAMERON ST",,"N/A","PEDESTRIAN","SAME DIRECTION RIGHT TURN","CLOUDY","DRY","DAYLIGHT","TRAFFIC SIGNAL","NONE DETECTED","NONE DETECTED","1FC31874-481D-479F-BECF-3EC5F869CE4B","PEDESTRIAN","Cross/Enter at Intersection","NO IMPROPER ACTIONS","ON ROADWAY AT CROSSWALK","No","SUSPECTED MINOR INJURY","N/A","38.9976706","-77.02961255","    (38.9976706, -77.02961255)"
"MCP115100CL","210039551","Montgomery County Police","Injury Crash","10/05/2021 07:25:00 AM",,,,"PARKING LOT OF 12850 MIDDLEBROOK ROAD",,"OTHER CONVEYANCE","STRAIGHT MOVEMENT ANGLE","CLEAR",,"DAYLIGHT","STOP SIGN","NONE DETECTED","NONE DETECTED","AB3D6AA6-C594-4331-909A-4E8B524166BE","OTHER CONVEYANCE","Cross/Enter at Intersection","FAILURE TO YIELD RIGHT OF WAY","OTHER","Yes","SUSPECTED MINOR INJURY","NONE","39.17687833","-77.2663","    (39.17687833, -77.2663)"
"MCP31990038","210039544","Montgomery County Police","Injury Crash","10/05/2021 06:33:00 AM","Maryland (State)","GEORGIA AVE","SHOREFIELD RD",,"N/A","PEDESTRIAN","OTHER","FOGGY","DRY","DARK LIGHTS ON","TRAFFIC SIGNAL","UNKNOWN","NONE DETECTED","49863E10-727F-4567-A18B-402227F552F6","PEDESTRIAN","Cross/Enter at Intersection","NO IMPROPER ACTIONS","ON ROADWAY AT CROSSWALK","No","SUSPECTED MINOR INJURY","NONE","39.05301402","-77.05093333","    (39.05301402, -77.05093333)"
"MCP3038005B","210039517","Montgomery County Police","Injury Crash","10/04/2021 08:06:00 PM","County","FENTON ST","SLIGO AVE",,"N/A","PEDESTRIAN","OTHER","CLEAR","DRY","DARK LIGHTS ON","TRAFFIC SIGNAL","NONE DETECTED","NONE DETECTED","DFB15920-8562-44D6-A6CC-C1388694F245","PEDESTRIAN","Cross/Enter not at Intersection","IN ROADWAY IMPROPERLY","ON ROADWAY NOT AT CROSSWALK","Yes","POSSIBLE INJURY","N/A","38.99007051","-77.02390053","    (38.99007051, -77.02390053)"
"MCP3225001Y","210039507","Montgomery County Police","Injury Crash","10/04/2021 07:00:00 PM",,,,"PARKING LOT OF 11406 GEORGIA AVE, SILVER SPRING, MD 20902",,"PEDESTRIAN","OTHER","RAINING",,"DARK LIGHTS ON","NO CONTROLS","NONE DETECTED","NONE DETECTED","8EAB7DB1-9605-4F25-B758-DE7ED1FBAC46","PEDESTRIAN","Walking/Cycling on Sidewalk","NO IMPROPER ACTIONS","SIDEWALK","No","POSSIBLE INJURY","N/A","39.04179605","-77.05193546","    (39.04179605, -77.05193546)"
"MCP3197002L","210039329","Montgomery County Police","Injury Crash","10/03/2021 06:21:00 PM","County","HEWITT AVE","GEORGIA AVE",,"N/A","PEDESTRIAN","SINGLE VEHICLE","CLEAR","DRY","DAYLIGHT","TRAFFIC SIGNAL","NONE DETECTED","NONE DETECTED","5C2FAA40-6ED7-4D59-A83E-04CFF9CAAA77","PEDESTRIAN","Cross/Enter at Intersection","NO IMPROPER ACTIONS","AT INTERSECTION MARKED CROSSWALK","No","SUSPECTED MINOR INJURY","NONE","39.07740988","-77.07090911","    (39.07740988, -77.07090911)"
"MCP2635006Y","210039321","Montgomery County Police","Injury Crash","10/03/2021 05:33:00 PM",,,,"PARKING LOT OF GIANT GROCERY STORE 18140 VILLAGE CENTER DRIVE, OLNEY, MARYLAND 20832",,"PEDESTRIAN","SINGLE VEHICLE","N/A",,"DAYLIGHT","NO CONTROLS","N/A","N/A","3DFD3991-6F8D-4874-A903-108A7435E438","PEDESTRIAN","Cross/Enter at Intersection","NO IMPROPER ACTIONS","DRIVEWAY ACCESS MARKED CROSSWALK","No","POSSIBLE INJURY","NONE","39.15309833","-77.06438","    (39.15309833, -77.06438)"
"DM8476002M","210039141","Takoma Park Police Depart","Injury Crash","10/02/2021 02:20:00 PM",,,,"PARKING LOT",,"PEDESTRIAN","OTHER","CLEAR",,"DAYLIGHT","NO CONTROLS","N/A","N/A","E38DDC5E-662A-4D23-9DE8-F8A29F924B91","PEDESTRIAN","Other","IN ROADWAY IMPROPERLY","OTHER","Unknown","POSSIBLE INJURY","N/A","38.98989667","-76.98924","    (38.98989667, -76.98924)"
"MCP31110046","210039107","Montgomery County Police","Injury Crash","10/02/2021 09:13:00 AM","County","MACARTHUR BLVD","79TH ST",,"N/A","BICYCLIST","SINGLE VEHICLE","CLEAR","DRY","DAYLIGHT","NO CONTROLS","NONE DETECTED","NONE DETECTED","4EBCF51A-CFFD-490E-90A0-5BC2148508EE","BICYCLIST","Walking/Riding w/Traffic","NO IMPROPER ACTIONS","SHOULDER","No","POSSIBLE INJURY","MC/BIKE HELMET","38.97496403","-77.16327455","    (38.97496403, -77.16327455)"
"MCP3154002J","210039108","Montgomery County Police","Injury Crash","10/02/2021 07:45:00 AM",,,,"13501 RICHTER FARM ROAD, GERMANTOWN, MD 20874",,"BICYCLIST","SINGLE VEHICLE","CLEAR",,"DAYLIGHT","STOP SIGN","NONE DETECTED","NONE DETECTED","FAED652B-B00D-452B-8900-D66FDC052B1E","BICYCLIST","Walking/Cycling on Sidewalk","UNKNOWN","DRIVEWAY ACCESS MARKED CROSSWALK","No","SUSPECTED MINOR INJURY","MC/BIKE HELMET","39.15162364","-77.28244287","    (39.15162364, -77.28244287)"
"MCP3282000W","210039076","Montgomery County Police","Injury Crash","10/01/2021 11:42:00 PM","Maryland (State)","GREAT SENECA HWY","WISTERIA DR",,"N/A","PEDESTRIAN","OTHER","N/A","DRY","DARK LIGHTS ON","N/A","NONE DETECTED","UNKNOWN","8A672DE9-5D4B-4876-8BAA-FD02ECD1D3DD","PEDESTRIAN","Standing","IN ROADWAY IMPROPERLY","ON ROADWAY NOT AT CROSSWALK","Yes","POSSIBLE INJURY","NONE","39.17073726","-77.26243425","    (39.17073726, -77.26243425)"
"MCP29820047","210039034","Montgomery County Police","Property Damage Crash","10/01/2021 06:37:00 PM","County","FRANKLIN AVE","CAROLINE AVE",,"N/A","OTHER PEDALCYCLIST","OTHER","N/A","DRY","DAYLIGHT","NO CONTROLS","NONE DETECTED","NONE DETECTED","A49819AC-BBDA-439C-90C1-7CAFAB05E367","OTHER PEDALCYCLIST","Cross/Enter at Intersection","FAILURE TO YIELD RIGHT OF WAY","AT INTERSECTION BUT NO CROSSWALK","Yes","NO APPARENT INJURY","UNKNOWN","39.00936912","-77.01271447","    (39.00936912, -77.01271447)"
"MCP3302000G","210038876","Montgomery County Police","Injury Crash","09/30/2021 07:36:00 PM","County","STEWART LA","APRIL LA",,"N/A","PEDESTRIAN","SINGLE VEHICLE","CLEAR","DRY","DARK LIGHTS ON","NO CONTROLS","N/A","NONE DETECTED","AD197581-BDCA-41F3-8771-E764E0C131F6","PEDESTRIAN","Cross/Enter not at Intersection","IN ROADWAY IMPROPERLY","ON ROADWAY NOT AT CROSSWALK","Yes","SUSPECTED MINOR INJURY","NONE","39.0441139","-76.9803241","    (39.0441139, -76.9803241)"
"MCP2610002C","210038854","Montgomery County Police","Injury Crash","09/30/2021 05:14:00 PM","County","SHADY GROVE RD","RAMP 8 FR RAMP 5 TO SHADY GROVE RD",,"N/A","BICYCLIST","STRAIGHT MOVEMENT ANGLE","CLEAR","DRY","DAYLIGHT","TRAFFIC SIGNAL","NONE DETECTED","NONE DETECTED","1B7EF5A4-44CC-4A6F-AA59-8E1EC6BEA7AC","BICYCLIST","Cross/Enter at Intersection","NO IMPROPER ACTIONS","AT INTERSECTION MARKED CROSSWALK","No","POSSIBLE INJURY","MC/BIKE HELMET","39.10921333","-77.18851","    (39.10921333, -77.18851)"
"MCP3112005G","210038852","Montgomery County Police","Injury Crash","09/30/2021 05:00:00 PM","Maryland (State)","WISCONSIN AVE","WOODMONT AVE",,"N/A","PEDESTRIAN","OTHER","CLEAR","DRY","DAYLIGHT","NO CONTROLS","NONE DETECTED","NONE DETECTED","95362F3E-E1A0-4C70-9A2A-BD08214B5F08","PEDESTRIAN","Cross/Enter at Intersection","NO IMPROPER ACTIONS","AT INTERSECTION MARKED CROSSWALK","No","SUSPECTED MINOR INJURY","NONE","38.98005269","-77.0922428","    (38.98005269, -77.0922428)"
"MCP3200003S","210038762","Montgomery County Police","Injury Crash","09/30/2021 10:26:00 AM","County","PARKLAWN DR","COAKLEY CIR",,"N/A","BICYCLIST","OTHER","CLEAR","DRY","DAYLIGHT","NO CONTROLS","NONE DETECTED","NONE DETECTED","1A5A5301-FFF1-4882-A837-36E4BE489D48","BICYCLIST","Walking/Riding w/Traffic","INATTENTIVE","ON ROADWAY NOT AT CROSSWALK","Yes","SUSPECTED MINOR INJURY","MC/BIKE HELMET","39.04964171","-77.10273624","    (39.04964171, -77.10273624)"
"MCP32680015","210038606","Montgomery County Police","Injury Crash","09/29/2021 01:49:00 PM",,,,"PARKING LOT OF ""FRYER'S ROADSIDE"" LOCATED @ 12830 NEW HAMPSHIRE AVE MD 20904",,"OTHER","OTHER","CLEAR",,"DAYLIGHT","NO CONTROLS","N/A","N/A","392F93F9-3121-4AB5-B3F7-4CBF384A66D4","OTHER","Standing","N/A","OTHER","No","SUSPECTED MINOR INJURY","N/A","39.06593667","-77.00082283","    (39.06593667, -77.00082283)"
"MCP3050005C","210038563","Montgomery County Police","Injury Crash","09/29/2021 11:35:00 AM","Maryland (State)","CONNECTICUT AVE","ENT TO ASPEN HILLS SHOPPING CTR",,"N/A","BICYCLIST","SINGLE VEHICLE","CLEAR","DRY","DAYLIGHT","NO CONTROLS","NONE DETECTED","NONE DETECTED","4CC44B5B-1E8C-42FD-B204-5A5EA948848F","BICYCLIST","Cross/Enter at Intersection","OTHER","DRIVEWAY ACCESS MARKED CROSSWALK","No","POSSIBLE INJURY","NONE","39.07909167","-77.08060167","    (39.07909167, -77.08060167)"
"MCP1323001H","210038560","Montgomery County Police","Injury Crash","09/29/2021 11:14:00 AM","US (State)","GEORGIA AVE","BLAIR RD",,"N/A","BICYCLIST","SAME DIRECTION SIDESWIPE","CLEAR","DRY","DAYLIGHT","TRAFFIC SIGNAL","NONE DETECTED","NONE DETECTED","6F12AE92-464F-4C92-B812-E06E1152E146","BICYCLIST","Walking/Riding w/Traffic","ENTERING EXITING PARKED STANDING VEHICLE","CURB","Yes","SUSPECTED MINOR INJURY","MC/BIKE HELMET","38.98482","-77.02689333","    (38.98482, -77.02689333)"
"DD559500B7","210038447","Rockville Police Departme","Property Damage Crash","09/28/2021 04:23:00 PM","Municipality","FIRST ST","LYNN CT",,"ROCKVILLE","BICYCLIST","OTHER","CLEAR","DRY","DAYLIGHT","NO CONTROLS","NONE DETECTED","NONE DETECTED","3CD76E8A-5ED7-4F77-B721-E3B8E2CF1F6C","BICYCLIST","Cross/Enter at Intersection","NO IMPROPER ACTIONS","ON ROADWAY NOT AT CROSSWALK","No","NO APPARENT INJURY","N/A","39.08993333","-77.135355","    (39.08993333, -77.135355)"