"Report Number","Local Case Number","Agency Name","ACRS Report Type","Crash Date/Time","Route Type","Road Name","Cross-Street Name","Off-Road Description","Municipality","Related Non-Motorist","Collision Type","Weather","Surface Condition","Light","Traffic Control","Driver Substance Abuse","Non-Motorist Substance Abuse","Person ID","Pedestrian Type","Pedestrian Movement","Pedestrian Actions","Pedestrian Location","At Fault","Injury Severity","Safety Equipment","Latitude","Longitude","Location"
"MCP3200003P","210038399","Montgomery County Police","Injury Crash","09/28/2021 11:54:00 AM","County","CEDAR LA","SAUL RD",,"N/A","PEDESTRIAN","OTHER","CLOUDY","WET","DAYLIGHT","TRAFFIC SIGNAL","NONE DETECTED","NONE DETECTED","11FCB432-F73E-479B-B13A-14326DDCF106","PEDESTRIAN","Cross/Enter at Intersection","NO IMPROPER ACTIONS","ON ROADWAY AT CROSSWALK","No","SUSPECTED MINOR INJURY","NONE","39.016616","-77.08804533","    (39.016616, -77.08804533)"
"MCP243600DJ","210038389","Montgomery County Police","Injury Crash","09/28/2021 11:00:00 AM","Maryland (State)","UNIVERSITY BLVD E","LANGLEY DR",,"N/A","PEDESTRIAN","SINGLE VEHICLE","RAINING","WET","DAYLIGHT","OTHER","NONE DETECTED","NONE DETECTED","CF3C1F48-E12D-4082-B3A5-1D26D4C2A37D","PEDESTRIAN","Cross/Enter at Intersection","NO IMPROPER ACTIONS","ON ROADWAY AT CROSSWALK","No","SUSPECTED MINOR INJURY","NONE","39.00163898","-76.99573983","    (39.00163898, -76.99573983)"
"MCP15630070","210038220","Montgomery County Police","Injury Crash","09/27/2021 11:23:00 AM",,,,"PARKING LOT OF 2450 LYTTONSVILLE RD",,"PEDESTRIAN","SINGLE VEHICLE","CLEAR",,"DAYLIGHT","NO CONTROLS","NONE DETECTED","NONE DETECTED","96EFA1D0-56A3-4B11-87AC-5745CD7913BF","PEDESTRIAN","Other","NO IMPROPER ACTIONS","OTHER","No","POSSIBLE INJURY","N/A","38.9987267","-77.05132741","    (38.9987267, -77.05132741)"
"MCP3030004F","210038117","Montgomery County Police","Injury Crash","09/26/2021 05:32:00 PM","County","FALLS RD","BRICKYARD RD",,"N/A","BICYCLIST","STRAIGHT MOVEMENT ANGLE","CLEAR","DRY","DAYLIGHT","STOP SIGN","N/A","N/A","9CBF7C6E-04CB-4898-81E8-6ED084E207D3","BICYCLIST","Walking/Riding w/Traffic","NO IMPROPER ACTIONS","OTHER","No","SUSPECTED SERIOUS INJURY","MC/BIKE HELMET","39.00242883","-77.2261555","    (39.00242883, -77.2261555)"
"MCP3029003J","210038114","Montgomery County Police","Injury Crash","09/26/2021 05:10:00 PM","County","BRIGGS CHANEY RD","NEES LA",,"N/A","BICYCLIST","SINGLE VEHICLE","CLEAR","DRY","DAYLIGHT","STOP SIGN","NONE DETECTED","NONE DETECTED","8463C453-1C86-4B63-92B4-E0036B2F59D8","BICYCLIST","Cross/Enter at Intersection","NO IMPROPER ACTIONS","SHOULDER","No","SUSPECTED MINOR INJURY","UNKNOWN","39.087185","-76.96059167","    (39.087185, -76.96059167)"
"MCP3030004D","210038005","Montgomery County Police","Injury Crash","09/25/2021 07:24:00 PM","County","MACARTHUR BLVD","SANGAMORE RD",,"N/A","PEDESTRIAN","SINGLE VEHICLE","CLEAR","DRY","DARK LIGHTS ON","TRAFFIC SIGNAL","N/A","N/A","688E91C7-FAC8-449F-8522-4EA824F73BD0","PEDESTRIAN","Other","NO IMPROPER ACTIONS","ON ROADWAY NOT AT CROSSWALK","No","POSSIBLE INJURY","NONE","38.9442785","-77.11691967","    (38.9442785, -77.11691967)"
"MCP31650032","210037948","Montgomery County Police","Injury Crash","09/25/2021 11:20:00 AM","County","GREENCASTLE RD","OLD COLUMBIA PIKE",,"N/A","PEDESTRIAN","SINGLE VEHICLE","CLEAR","DRY","DAYLIGHT","N/A","NONE DETECTED","NONE DETECTED","2186FD23-E5A8-4679-999B-9016B262655A","PEDESTRIAN","Cross/Enter not at Intersection","INATTENTIVE","ON ROADWAY NOT AT CROSSWALK","No","POSSIBLE INJURY","NONE","39.09803833","-76.94348833","    (39.09803833, -76.94348833)"
"MCP32150024","210038392","Montgomery County Police","Property Damage Crash","09/24/2021 02:30:00 PM","Maryland (State)","EAST WEST HWY (W/B COUPLET)","BETHESDA-CHEVY CHASE HIGH SCHOOL",,"N/A","OTHER PEDALCYCLIST","OTHER","UNKNOWN","UNKNOWN","DAYLIGHT","NO CONTROLS","UNKNOWN","N/A","51AD2C52-9645-4FB2-ABD3-8A551ECC0125","OTHER PEDALCYCLIST","Standing","NO IMPROPER ACTIONS","CURB","No","NO APPARENT INJURY","UNKNOWN","38.98532448","-77.08947","    (38.98532448, -77.08947)"
"DD5610006V","210037804","Rockville Police Departme","Injury Crash","09/24/2021 01:36:00 PM",,,,"1054 ROCKVILLE PIKE",,"BICYCLIST","OTHER","CLEAR",,"DAYLIGHT","NO CONTROLS","N/A","N/A","957F09E7-E4D5-4F58-B515-D44974329621","BICYCLIST","Other","UNKNOWN","CURB","Unknown","SUSPECTED MINOR INJURY","UNKNOWN","39.07257459","-77.13324277","    (39.07257459, -77.13324277)"
"MCP31300040","210037566","Montgomery County Police","Injury Crash","09/23/2021 07:10:00 AM","Maryland (State)","CONNECTICUT AVE","ASPEN HILL RD",,"N/A","PEDESTRIAN","SINGLE VEHICLE","RAINING","WET","DAWN","TRAFFIC SIGNAL","NONE DETECTED","N/A","51872215-A92B-46BF-9B4E-C133D4ABBF50","PEDESTRIAN","Cross/Enter at Intersection","FAILURE TO OBEY TRAFFIC SIGNS SIGNALS OR OFFICER","ON ROADWAY AT CROSSWALK","Yes","SUSPECTED MINOR INJURY","N/A","39.08033167","-77.08037","    (39.08033167, -77.08037)"
"MCP3296000N","210037118","Montgomery County Police","Injury Crash","09/20/2021 01:46:00 PM","Maryland (State)","GEORGIA AVE","TILTON DR",,"N/A","BICYCLIST","STRAIGHT MOVEMENT ANGLE","CLEAR","DRY","DAYLIGHT","STOP SIGN","NONE DETECTED","NONE DETECTED","84615557-B2A6-4918-AACA-BC819ABFE5DE","BICYCLIST","Cross/Enter at Intersection","WRONG WAY RIDING OR WALKING","SHOULDER","Yes","SUSPECTED MINOR INJURY","NONE","39.01841657","-77.04355064","    (39.01841657, -77.04355064)"
"MCP28660077","210037086","Montgomery County Police","Injury Crash","09/20/2021 12:05:00 PM",,,,"SECOND LEVEL PARKING GARAGE 7725 WISCONSIN AVE, BETHESDA, MD, 20814",,"PEDESTRIAN","SINGLE VEHICLE","CLEAR",,"DAYLIGHT","NO CONTROLS","NONE DETECTED","NONE DETECTED","E443788E-4F22-4740-8F5C-5E3AC43C0F16","PEDESTRIAN","Other Working","OTHER","OTHER","No","SUSPECTED SERIOUS INJURY","NONE","38.98820397","-77.09430048","    (38.98820397, -77.09430048)"
"MCP3298000L","210036860","Montgomery County Police","Injury Crash","09/18/2021 04:51:00 PM",,,,"PARKING LOT ENTRENCE/EXIT OF 619 N FREDERICK AVE.",,"PEDESTRIAN","OTHER","CLEAR",,"DAYLIGHT","NO CONTROLS","UNKNOWN","NONE DETECTED","15E7639F-9865-4AA0-9FA4-9C92E2E4A41C","PEDESTRIAN","Walking/Riding w/Traffic","N/A","SIDEWALK","No","SUSPECTED MINOR INJURY","NONE","39.12868842","-77.18557007","    (39.12868842, -77.18557007)"
"MCP1524000R","210037242","Montgomery County Police","Injury Crash","09/17/2021 11:00:00 AM","Maryland (State)","CLOPPER RD","FIRSTFIELD RD",,"GAITHERSBURG","PEDESTRIAN","SINGLE VEHICLE","CLEAR","DRY","DAYLIGHT","PERSON","NONE DETECTED","NONE DETECTED","7AF3EF79-AD5F-41D5-A7DE-8FD6E4318C12","PEDESTRIAN","Cross/Enter at Intersection","UNKNOWN","ON ROADWAY AT CROSSWALK","Unknown","SUSPECTED MINOR INJURY","NONE","39.1437061","-77.22386883","    (39.1437061, -77.22386883)"
"EJ7886000P","2100366000","Gaithersburg Police Depar","Injury Crash","09/16/2021 10:00:00 PM","County","EMORY GROVE RD","QUAIL VALLEY DR",,"N/A","PEDESTRIAN","STRAIGHT MOVEMENT ANGLE","RAINING","WET","DARK LIGHTS ON","NO CONTROLS","UNKNOWN","ALCOHOL PRESENT","8810D129-E59B-4B13-8A4A-9806111812AE","PEDESTRIAN","Cross/Enter at Intersection","UNKNOWN","AT INTERSECTION BUT NO CROSSWALK","No","SUSPECTED MINOR INJURY","N/A","39.15965386","-77.18871888","    (39.15965386, -77.18871888)"
"MCP30380058","210036272","Montgomery County Police","Injury Crash","09/15/2021 07:35:00 PM","US (State)","GEORGIA AVE","RIPLEY ST",,"N/A","BICYCLIST","OTHER","CLEAR","DRY","DARK LIGHTS ON","STOP SIGN","NONE DETECTED","NONE DETECTED","CC4DE924-B94B-4C62-A424-A328FBA5A556","BICYCLIST","Walking/Riding against Traffic","WRONG WAY RIDING OR WALKING","CURB","Yes","SUSPECTED MINOR INJURY","NONE","38.99245835","-77.02672977","    (38.99245835, -77.02672977)"
"MCP29640051","210036415","Montgomery County Police","Injury Crash","09/15/2021 05:12:00 PM","Maryland (State)","FREDERICK RD","SHAWNEE LA",,"N/A","BICYCLIST","SAME DIRECTION RIGHT TURN","N/A","DRY","DAYLIGHT","N/A","NONE DETECTED","NONE DETECTED","A401CE3F-0538-4D59-BB27-361C5004BC3A","BICYCLIST","Walking/Riding w/Traffic","IMPROPER PASSING","ON ROADWAY NOT AT CROSSWALK","Yes","SUSPECTED MINOR INJURY","MC/BIKE HELMET","39.23025266","-77.26853445","    (39.23025266, -77.26853445)"
"MCP229800Y9","210036286","Montgomery County Police","Injury Crash","09/14/2021 08:04:00 PM","Maryland (State)","GERMANTOWN RD","FREDERICK RD",,"N/A","PEDESTRIAN","SINGLE VEHICLE","CLOUDY","DRY","DARK LIGHTS ON","TRAFFIC SIGNAL","NONE DETECTED","NONE DETECTED","A1322CCB-7F52-4DF2-BEED-65D1B18AEE58","PEDESTRIAN","Cross/Enter at Intersection","NO IMPROPER ACTIONS","AT INTERSECTION MARKED CROSSWALK","No","SUSPECTED SERIOUS INJURY","N/A","39.19234028","-77.2429752","    (39.19234028, -77.2429752)"
"MCP2399004Q","210036229","Montgomery County Police","Injury Crash","09/14/2021 03:05:00 PM","County","WATKINS MILL RD","CLUB HOUSE RD",,"N/A","PEDESTRIAN","SINGLE VEHICLE","CLEAR","DRY","DAYLIGHT","NO CONTROLS","UNKNOWN","NONE DETECTED","08E18D01-75D8-45F3-A689-00227D9DAECC","PEDESTRIAN","Cross/Enter not at Intersection","DART DASH","ON ROADWAY NOT AT CROSSWALK","Yes","SUSPECTED MINOR INJURY","NONE","39.1724293","-77.2079621","    (39.1724293, -77.2079621)"
"MCP291400BF","210036118","Montgomery County Police","Injury Crash","09/13/2021 11:18:00 PM","US (State)","GEORGIA AVE","BLAIR RD",,"N/A","OTHER CONVEYANCE","HEAD ON","N/A","N/A","DARK LIGHTS ON","NO CONTROLS","N/A","N/A","9AD6D13F-6286-4BFC-9395-588CBBF65C85","OTHER CONVEYANCE","Walking/Riding w/Traffic","NO IMPROPER ACTIONS","ON ROADWAY NOT AT CROSSWALK","No","SUSPECTED SERIOUS INJURY","NONE","38.9937153","-77.0266165","    (38.9937153, -77.0266165)"
"MCP25630015","210036112","Montgomery County Police","Fatal Crash","09/13/2021 08:59:00 PM","Maryland (State)","VEIRS MILL RD","FERRARA AVE",,"N/A","PEDESTRIAN","SINGLE VEHICLE","CLEAR","DRY","DARK LIGHTS ON","TRAFFIC SIGNAL","NONE DETECTED","MEDICATION PRESENT","FA1D908E-7495-4D85-A577-CCEA7C376ACA","PEDESTRIAN","Cross/Enter at Intersection","FAILURE TO OBEY TRAFFIC SIGNS SIGNALS OR OFFICER","ON ROADWAY AT CROSSWALK","Yes","FATAL INJURY","NONE","39.052929","-77.076971","    (39.052929, -77.076971)"
"EJ7890000H","210036000","Gaithersburg Police Depar","Injury Crash","09/13/2021 11:27:00 AM","Municipality","INSPIRATION LA","MAIN ST",,"GAITHERSBURG","OTHER","SAME DIR REAR END","CLEAR","DRY","DAYLIGHT","NO CONTROLS","NONE DETECTED","NONE DETECTED","B4142A59-3F19-42D8-9D72-EA1F0E4ECD5E","OTHER","Other","OTHER","OTHER","No","SUSPECTED MINOR INJURY","N/A","39.12020207","-77.23460335","    (39.12020207, -77.23460335)"
"EJ7890000H","210036000","Gaithersburg Police Depar","Injury Crash","09/13/2021 11:27:00 AM","Municipality","INSPIRATION LA","MAIN ST",,"GAITHERSBURG","OTHER","SAME DIR REAR END","CLEAR","DRY","DAYLIGHT","NO CONTROLS","NONE DETECTED","NONE DETECTED","D0FF49F1-7FC9-472F-9437-737A5D207F04","OTHER","Other","N/A","OTHER","No","NO APPARENT INJURY","N/A","39.12020207","-77.23460335","    (39.12020207, -77.23460335)"
"MCP24960031","210036011","Montgomery County Police","Injury Crash","09/12/2021 07:30:00 PM","County","STEWART LA","LOCKWOOD DR",,"N/A","PEDESTRIAN","SINGLE VEHICLE","CLEAR","DRY","DUSK","NO CONTROLS","NONE DETECTED","NONE DETECTED","844644FE-A0DF-4988-8DD2-5634F7959844","PEDESTRIAN","Other","DART DASH","OTHER","Unknown","SUSPECTED MINOR INJURY","NONE","39.043801","-76.9787472","    (39.043801, -76.9787472)"
"MCP3197002J","210035920","Montgomery County Police","Injury Crash","09/12/2021 05:45:00 PM",,,,"13729 CONNECTICUT AVENUE",,"PEDESTRIAN","SINGLE VEHICLE","CLEAR",,"DAYLIGHT","NO CONTROLS",,"NONE DETECTED","E9D27C32-098E-4C6F-AE13-26902AE4BC5D","PEDESTRIAN","Standing","NO IMPROPER ACTIONS","CURB","No","POSSIBLE INJURY","N/A","39.07717733","-77.07945983","    (39.07717733, -77.07945983)"
"MCP3197002J","210035920","Montgomery County Police","Injury Crash","09/12/2021 05:45:00 PM",,,,"13729 CONNECTICUT AVENUE",,"PEDESTRIAN","SINGLE VEHICLE","CLEAR",,"DAYLIGHT","NO CONTROLS",,"NONE DETECTED","F3735CFC-305A-4F0E-9DD4-84C8A3D1A2DA","PEDESTRIAN","Standing","NO IMPROPER ACTIONS","CURB","No","SUSPECTED MINOR INJURY","N/A","39.07717733","-77.07945983","    (39.07717733, -77.07945983)"
"MCP32850018","210035886","Montgomery County Police","Injury Crash","09/12/2021 02:21:00 PM",,,,"IFO 13 LOCBURY CT",,"PEDESTRIAN","SINGLE VEHICLE","CLEAR",,"DAYLIGHT","NO CONTROLS","NONE DETECTED","N/A","4770C73E-A280-46F1-B4C6-2C34A73E6E55","PEDESTRIAN","Standing","NO IMPROPER ACTIONS","N/A","No","SUSPECTED SERIOUS INJURY","NONE","39.18758667","-77.26560833","    (39.18758667, -77.26560833)"
"MCP1563006X","210035869","Montgomery County Police","Injury Crash","09/12/2021 11:40:00 AM",,,,"PARKING LOT OF 8542 CONNECTICUT AVE.",,"PEDESTRIAN","SINGLE VEHICLE","CLEAR",,"DAYLIGHT","N/A","NONE DETECTED","NONE DETECTED","C0932DF5-9C3B-44BD-AE1A-57FC24D748C2","PEDESTRIAN","Standing","NO IMPROPER ACTIONS","OTHER","No","SUSPECTED MINOR INJURY","N/A","38.995515","-77.07769","    (38.995515, -77.07769)"
"MCP3153002R","210035766","Montgomery County Police","Property Damage Crash","09/11/2021 01:55:00 PM","County","KEATING ST","INDEPENDENCE ST",,"N/A","PEDESTRIAN","HEAD ON","CLEAR","DRY","DAYLIGHT","NO CONTROLS","ALCOHOL CONTRIBUTED, NONE DETECTED","N/A","EB59C716-3AD4-4344-A72F-9BA9FDF1EBF9","PEDESTRIAN","Standing","NO IMPROPER ACTIONS","OTHER","No","NO APPARENT INJURY","N/A","39.07431833","-77.09076","    (39.07431833, -77.09076)"
"MCP3153002R","210035766","Montgomery County Police","Property Damage Crash","09/11/2021 01:55:00 PM","County","KEATING ST","INDEPENDENCE ST",,"N/A","PEDESTRIAN","HEAD ON","CLEAR","DRY","DAYLIGHT","NO CONTROLS","ALCOHOL CONTRIBUTED, NONE DETECTED","N/A","1E48DDB3-A930-4AF4-8740-3C7B68D0703D","PEDESTRIAN","Standing","NO IMPROPER ACTIONS","OTHER","No","NO APPARENT INJURY","N/A","39.07431833","-77.09076","    (39.07431833, -77.09076)"
"MCP3153002R","210035766","Montgomery County Police","Property Damage Crash","09/11/2021 01:55:00 PM","County","KEATING ST","INDEPENDENCE ST",,"N/A","PEDESTRIAN","HEAD ON","CLEAR","DRY","DAYLIGHT","NO CONTROLS","ALCOHOL CONTRIBUTED, NONE DETECTED","N/A","31BACF41-C137-4B40-84B2-9278D18A82E2","PEDESTRIAN","Standing","NO IMPROPER ACTIONS","OTHER","No","NO APPARENT INJURY","N/A","39.07431833","-77.09076","    (39.07431833, -77.09076)"
"MCP2598003K","210035566","Montgomery County Police","Property Damage Crash","09/10/2021 09:21:00 AM","County","SUNDOWN RD","ZION RD",,"N/A","MACHINE OPERATOR/RIDER","SAME DIRECTION SIDESWIPE","CLEAR","DRY","DAYLIGHT","NO CONTROLS","NONE DETECTED","NONE DETECTED","E866DE8A-3B12-4B6A-85CA-1B3B94747116","MACHINE OPERATOR/RIDER","Other Working","NO IMPROPER ACTIONS","ON ROADWAY NOT AT CROSSWALK","No","NO APPARENT INJURY","LIGHTING","39.21569167","-77.115595","    (39.21569167, -77.115595)"
"MCP10860009","210035556","Montgomery County Police","Property Damage Crash","09/10/2021 07:30:00 AM",,,,"PARKING LOT OF SENECA VALLEY HS 19401 CRYSTAL ROCK DRIVE",,"PEDESTRIAN","OTHER","CLEAR",,"DAYLIGHT","N/A","NONE DETECTED","N/A","71C03F27-2D1C-4A43-B0B6-5AC1F122614B","PEDESTRIAN","Walking to/from school","NO IMPROPER ACTIONS","OTHER","No","NO APPARENT INJURY","N/A","39.17460167","-77.26463","    (39.17460167, -77.26463)"
"MCP2586005K","210035517","Montgomery County Police","Injury Crash","09/09/2021 07:39:00 PM","County","WEST OLD BALTIMORE RD","CLARKSBURG RD",,"N/A","PEDESTRIAN","OTHER","CLEAR","DRY","DARK NO LIGHTS","NO CONTROLS","UNKNOWN","NONE DETECTED","FAE3F322-5BF1-4173-8099-652DBCF9E491","PEDESTRIAN","Walking/Riding w/Traffic","NOT VISIBLE","SHOULDER","No","SUSPECTED MINOR INJURY","N/A","39.2196362","-77.286263","    (39.2196362, -77.286263)"
"MCP3271001C","210035483","Montgomery County Police","Injury Crash","09/09/2021 04:25:00 PM","County","RIDGEFIELD RD","WESTBARD AVE",,"N/A","OTHER CONVEYANCE","SINGLE VEHICLE","CLEAR","DRY","DAYLIGHT","TRAFFIC SIGNAL","NONE DETECTED","NONE DETECTED","58BEA775-C448-4969-A5C7-62BDA6569DDD","OTHER CONVEYANCE","Cross/Enter at Intersection","NO IMPROPER ACTIONS","ON ROADWAY AT CROSSWALK","No","POSSIBLE INJURY","NONE","38.96594412","-77.10744591","    (38.96594412, -77.10744591)"
"MCP2780005H","210035455","Montgomery County Police","Injury Crash","09/09/2021 02:25:00 PM","County","SHAKESPEARE BLVD","OBSERVATION DR",,"N/A","PEDESTRIAN","SINGLE VEHICLE","CLOUDY","DRY","DAYLIGHT","N/A","N/A","N/A","8E300ADF-0610-4D1A-8582-183B317AB2B8","PEDESTRIAN","Cross/Enter at Intersection","NO IMPROPER ACTIONS","ON ROADWAY AT CROSSWALK","No","POSSIBLE INJURY","N/A","39.19734167","-77.25220833","    (39.19734167, -77.25220833)"
"MCP32420010","210010456","Montgomery County Police","Injury Crash","09/09/2021 07:58:00 AM","Maryland (State)","EAST WEST HWY","COLESVILLE RD",,"N/A","PEDESTRIAN","N/A","CLEAR","WET","DAYLIGHT","TRAFFIC SIGNAL","NONE DETECTED","NONE DETECTED","35B337A1-8927-42C6-9DFF-01A2ADA14C43","PEDESTRIAN","Cross/Enter at Intersection","DART DASH","AT INTERSECTION MARKED CROSSWALK","Unknown","POSSIBLE INJURY","NONE","38.9935064","-77.0330646","    (38.9935064, -77.0330646)"
"MCP2975003Z","210035389","Montgomery County Police","Injury Crash","09/09/2021 05:40:00 AM","Maryland (State)","NORWOOD RD","EXCALIBER LA",,"N/A","PEDESTRIAN","SINGLE VEHICLE","RAINING","WET","DARK NO LIGHTS","NO CONTROLS","NONE DETECTED","NONE DETECTED","D336DD3C-91A8-4F6F-9F36-867880BD54E2","PEDESTRIAN","Walking/Riding w/Traffic","IN ROADWAY IMPROPERLY","ON ROADWAY NOT AT CROSSWALK","Yes","SUSPECTED MINOR INJURY","NONE","39.13260667","-77.03050833","    (39.13260667, -77.03050833)"
"MCP3291000P","210025190","Montgomery County Police","Injury Crash","09/09/2021 03:04:00 AM","County","WAYNE AVE","SPUR FR GEORGIA AVE",,"N/A","PEDESTRIAN","SINGLE VEHICLE","CLEAR","DRY","DARK LIGHTS ON","TRAFFIC SIGNAL","UNKNOWN","NONE DETECTED","4CE82A59-ED74-43E1-AF02-E91E3E8B1FB2","PEDESTRIAN","Cross/Enter at Intersection","UNKNOWN","ON ROADWAY AT CROSSWALK","Unknown","SUSPECTED MINOR INJURY","NONE","38.9945782","-77.0269542","    (38.9945782, -77.0269542)"
"MCP3294000C","210035384","Montgomery County Police","Injury Crash","09/09/2021 01:30:00 AM","County","NICHOLSON LA","ROCKVILLE PIKE",,"N/A","PEDESTRIAN","SINGLE VEHICLE","RAINING","WET","DARK -- UNKNOWN LIGHTING","UNKNOWN","UNKNOWN","NONE DETECTED","CDDDD537-18D5-4DCF-A8B9-0B3E196433C7","PEDESTRIAN","Standing","UNKNOWN","ON ROADWAY NOT AT CROSSWALK","Unknown","SUSPECTED MINOR INJURY","UNKNOWN","39.15402667","-77.14169833","    (39.15402667, -77.14169833)"
"DM8480000N","210035247","Takoma Park Police Depart","Injury Crash","09/08/2021 10:17:00 AM","Maryland (State)","PHILADELPHIA AVE","PINEY BRANCH RD",,"N/A","PEDESTRIAN","OTHER","CLEAR","DRY","DAYLIGHT","TRAFFIC SIGNAL","NONE DETECTED","NONE DETECTED","DCECDAE1-8206-4FDF-8F2E-16D600A5577A","PEDESTRIAN","Cross/Enter at Intersection","NO IMPROPER ACTIONS","ON ROADWAY AT CROSSWALK","No","SUSPECTED MINOR INJURY","NONE","38.9876556","-77.0229949","    (38.9876556, -77.0229949)"
"MCP27520049","210035182","Montgomery County Police","Injury Crash","09/07/2021 07:35:00 PM","County","JONES BRIDGE RD","WALNUT HILL RD",,"N/A","BICYCLIST","SAME DIR REAR END","CLEAR","DRY","DAWN","NO CONTROLS",,"N/A","9A4B2514-272D-41C8-BB04-5A41630D4C86","BICYCLIST","Unknown","UNKNOWN","UNKNOWN","Yes","SUSPECTED MINOR INJURY","NONE","38.998664","-77.068664","    (38.998664, -77.068664)"
"MCP271700VW","210035169","Montgomery County Police","Injury Crash","09/07/2021 06:45:00 PM","County","FEATHERWOOD ST","OLD COLUMBIA PIKE",,"N/A","PEDESTRIAN","OTHER","CLEAR","DRY","DAYLIGHT","NO CONTROLS","NONE DETECTED","NONE DETECTED","3A4A27C5-EE1E-47D3-985E-8A862F578BDC","PEDESTRIAN","Cross/Enter not at Intersection","DART DASH","ON ROADWAY NOT AT CROSSWALK","Yes","SUSPECTED MINOR INJURY","NONE","39.05852167","-76.972864","    (39.05852167, -76.972864)"
"DD56350043","210034745","Rockville Police Departme","Property Damage Crash","09/04/2021 07:03:00 PM","Maryland (State)","ROCKVILLE PIKE","ENT TO BUSINESS",,"N/A","BICYCLIST","OTHER","CLEAR","DRY","DAYLIGHT","NO CONTROLS","UNKNOWN","NONE DETECTED","A4B3A2EA-5919-48A1-9859-3DDD17FEC613","BICYCLIST","Cross/Enter at Intersection","OTHER","SIDEWALK","Unknown","NO APPARENT INJURY","NONE","39.06923267","-77.13055083","    (39.06923267, -77.13055083)"
"DM8386001H","210034743","Takoma Park Police Depart","Injury Crash","09/04/2021 06:30:00 PM","Municipality","HOLTON LA","NEW HAMPSHIRE AVE",,"N/A","MACHINE OPERATOR/RIDER","SAME DIRECTION RIGHT TURN","CLEAR","DRY","DAYLIGHT","TRAFFIC SIGNAL","NONE DETECTED","NONE DETECTED","B2C6EA83-8EB7-44BF-96D2-C7EB206F9ADC","MACHINE OPERATOR/RIDER","Cross/Enter at Intersection","NO IMPROPER ACTIONS","ON ROADWAY AT CROSSWALK","No","SUSPECTED MINOR INJURY","N/A","38.98152167","-77.01008","    (38.98152167, -77.01008)"
"EJ78780033","210034658","Gaithersburg Police Depar","Injury Crash","09/03/2021 09:00:00 PM","County","FIELDS RD","RIO BLVD",,"GAITHERSBURG","PEDESTRIAN","N/A","CLEAR","DRY","DARK LIGHTS ON","STOP SIGN","UNKNOWN","N/A","262C1CA7-1F8D-45DB-911E-73582D007A09","PEDESTRIAN","Cross/Enter at Intersection","NO IMPROPER ACTIONS","ON ROADWAY AT CROSSWALK","No","POSSIBLE INJURY","NONE","39.1150137","-77.20491285","    (39.1150137, -77.20491285)"
"MCP2849003Z","210034621","Montgomery County Police","Injury Crash","09/03/2021 02:30:00 PM",,,,"PARKING LOT OF 11325 SEVEN LOCKS RD",,"PEDESTRIAN","OTHER","CLEAR",,"DAYLIGHT","NO CONTROLS","UNKNOWN","NONE DETECTED","A97AB61E-8B78-4DA0-8068-61EDEF2860D8","PEDESTRIAN","Standing","NO IMPROPER ACTIONS","OTHER","No","POSSIBLE INJURY","N/A","39.04201915","-77.15787202","    (39.04201915, -77.15787202)"
"MCP1519003J","210034390","Montgomery County Police","Injury Crash","09/02/2021 01:36:00 PM","County","MATENY RD","GREAT SENECA HWY",,"N/A","BICYCLIST","SINGLE VEHICLE","CLEAR","DRY","DAYLIGHT","TRAFFIC SIGNAL","NONE DETECTED","NONE DETECTED","E8A0442D-1AF8-471A-8D11-54E2F7B55485","BICYCLIST","Cross/Enter at Intersection","NO IMPROPER ACTIONS","AT INTERSECTION MARKED CROSSWALK","No","SUSPECTED MINOR INJURY","NONE","39.14625167","-77.27472833","    (39.14625167, -77.27472833)"
"MCP3039005K","210034044","Montgomery County Police","Injury Crash","08/31/2021 04:15:00 PM","US (State)","GEORGIA AVE","SLIGO AVE",,"N/A","PEDESTRIAN","OTHER","CLEAR","DRY","DAYLIGHT","TRAFFIC SIGNAL","NONE DETECTED","NONE DETECTED","0B66953B-7B19-4846-83CD-15C64BB76FB3","PEDESTRIAN","Cross/Enter at Intersection","IN ROADWAY IMPROPERLY","ON ROADWAY NOT AT CROSSWALK","Yes","POSSIBLE INJURY","N/A","38.99031615","-77.02637318","    (38.99031615, -77.02637318)"
"MCP24110078","210034007","Montgomery County Police","Injury Crash","08/31/2021 12:08:00 PM","County","E JEFFERSON ST","ENT TO FEDERAL PLAZA SC",,"N/A","PEDESTRIAN","SINGLE VEHICLE","CLEAR","DRY","DAYLIGHT","NO CONTROLS","NONE DETECTED","UNKNOWN","36B8D533-11DB-4758-89E6-0A855A77ABFA","PEDESTRIAN","Cross/Enter not at Intersection","DART DASH","ON ROADWAY NOT AT CROSSWALK","Yes","SUSPECTED MINOR INJURY","UNKNOWN","39.05808713","-77.12637551","    (39.05808713, -77.12637551)"
"MCP3164004T","210033827","Montgomery County Police","Injury Crash","08/30/2021 09:45:00 AM",,,,"PARKING LOT OF 3000 MCCOMAS",,"PEDESTRIAN","SINGLE VEHICLE","N/A",,"DAYLIGHT","NO CONTROLS","NONE DETECTED","N/A","8C679DA5-6251-409D-8BAB-0A92598F0172","PEDESTRIAN","Other","FAILURE TO YIELD RIGHT OF WAY","ON ROADWAY NOT AT CROSSWALK","Yes","POSSIBLE INJURY","NONE","39.03224644","-77.06181157","    (39.03224644, -77.06181157)"
"MCP26370048","210033717","Montgomery County Police","Injury Crash","08/29/2021 12:01:00 PM","Maryland (State)","RIVER RD","SWAINS LOCK RD",,"N/A","BICYCLIST","HEAD ON LEFT TURN","CLOUDY","DRY","DAYLIGHT","STOP SIGN","NONE DETECTED","NONE DETECTED","5F646B8E-927A-40AF-B4CC-8B9DC8336F7C","BICYCLIST","Cross/Enter at Intersection","NO IMPROPER ACTIONS","AT INTERSECTION BUT NO CROSSWALK","No","POSSIBLE INJURY","MC/BIKE HELMET","39.03534833","-77.24038667","    (39.03534833, -77.24038667)"