"Report Number","Local Case Number","Agency Name","ACRS Report Type","Crash Date/Time","Route Type","Road Name","Cross-Street Name","Off-Road Description","Municipality","Related Non-Motorist","Collision Type","Weather","Surface Condition","Light","Traffic Control","Driver Substance Abuse","Non-Motorist Substance Abuse","Person ID","Pedestrian Type","Pedestrian Movement","Pedestrian Actions","Pedestrian Location","At Fault","Injury Severity","Safety Equipment","Latitude","Longitude","Location"
"EJ7887000Z","210033443","Gaithersburg Police Depar","Injury Crash","08/29/2021 09:20:00 AM","Maryland (State)","QUINCE ORCHARD RD","GREAT SENECA HWY",,"N/A","BICYCLIST","OTHER","CLEAR","DRY","DAYLIGHT","TRAFFIC SIGNAL","UNKNOWN","NONE DETECTED","E36ECE0F-3705-418C-B738-03E1AD4FDBD9","BICYCLIST","Cross/Enter at Intersection","UNKNOWN","MEDIAN","No","SUSPECTED SERIOUS INJURY","NONE","39.12859599","-77.23752132","    (39.12859599, -77.23752132)"
"MCP2048003D","210039533","Montgomery County Police","Injury Crash","08/28/2021 12:00:00 PM",,"AVENEL GARDEN LANE","ELTON RD",,"N/A","PEDESTRIAN","OTHER","CLEAR","DRY","DAYLIGHT","NO CONTROLS","NONE DETECTED","NONE DETECTED","7431DC1A-65A6-40AD-9401-642B5271D660","PEDESTRIAN","Other","NO IMPROPER ACTIONS","SIDEWALK","No","SUSPECTED MINOR INJURY","N/A","39.01944365","-76.97196495","    (39.01944365, -76.97196495)"
"MCP2539001S","210033537","Montgomery County Police","Property Damage Crash","08/27/2021 09:15:00 PM","County","BATTERY LA","KEYSTONE AVE",,"N/A","PEDESTRIAN","OTHER","CLOUDY","DRY","DARK LIGHTS ON","NO CONTROLS","UNKNOWN","NONE DETECTED","E730705F-83D1-49EA-A592-5961363A2E53","PEDESTRIAN","Cross/Enter not at Intersection","N/A","ON ROADWAY AT CROSSWALK","No","NO APPARENT INJURY","N/A","38.99194433","-77.09801817","    (38.99194433, -77.09801817)"
"MCP3059006T","210033524","Montgomery County Police","Injury Crash","08/27/2021 08:50:00 PM","County","BRANDERMILL DR","STONEY POINT WAY",,"N/A","PEDESTRIAN","SAME DIRECTION SIDESWIPE","RAINING","WET","DARK LIGHTS ON","NO CONTROLS","NONE DETECTED","NONE DETECTED","B35BDCBB-6749-4E1D-94CF-D3C9F821B3B9","PEDESTRIAN","Getting off/on Vehicle","IN ROADWAY IMPROPERLY","ON ROADWAY NOT AT CROSSWALK","No","POSSIBLE INJURY","N/A","39.184555","-77.236745","    (39.184555, -77.236745)"
"MCP3130003V","210033180","Montgomery County Police","Property Damage Crash","08/25/2021 02:00:00 PM",,,,"STRUCK BUILDING 3402 HEWITT AVE. SILVER SPRING MD 20906",,"OTHER","SINGLE VEHICLE","CLEAR",,"DAYLIGHT","N/A","NONE DETECTED","N/A","C9506193-923B-453C-9C2E-4681089ECD31","OTHER","N/A","N/A","N/A","No","NO APPARENT INJURY","N/A","39.07843833","-77.06838333","    (39.07843833, -77.06838333)"
"MCP2286003L","210032979","Montgomery County Police","Injury Crash","08/24/2021 08:25:00 AM","County","GAINSBOROUGH RD","SMOKETREE RD",,"N/A","PEDESTRIAN","OTHER","N/A","DRY","DAYLIGHT","NO CONTROLS","NONE DETECTED","NONE DETECTED","26874832-22C0-4B2B-9CAD-A4F283460803","PEDESTRIAN","Other Working","FAILURE TO YIELD RIGHT OF WAY","ON ROADWAY NOT AT CROSSWALK","No","POSSIBLE INJURY","NONE","39.04732667","-77.16336333","    (39.04732667, -77.16336333)"
"DM8497000W","210032942","Takoma Park Police Depart","Injury Crash","08/23/2021 08:20:00 PM","Maryland (State)","UNIVERSITY BLVD E","PRINCE GEORGES CO/L",,"N/A","PEDESTRIAN","OTHER","CLEAR","DRY","DARK LIGHTS ON","NO CONTROLS","NONE DETECTED","ALCOHOL CONTRIBUTED","8305E2DF-B414-48D9-A906-AA646549D692","PEDESTRIAN","Cross/Enter not at Intersection","IN ROADWAY IMPROPERLY","ON ROADWAY NOT AT CROSSWALK","Yes","SUSPECTED SERIOUS INJURY","NONE","38.98706472","-76.98485973","    (38.98706472, -76.98485973)"
"MCP21600026","210032938","Montgomery County Police","Injury Crash","08/23/2021 08:08:00 PM","County","WATKINS MILL RD","CLUB HOUSE RD",,"N/A","PEDESTRIAN","SINGLE VEHICLE","CLEAR","DRY","DARK NO LIGHTS","TRAFFIC SIGNAL","N/A","N/A","C4FB9AD7-B0ED-49BF-B215-8B4BFCC1B510","PEDESTRIAN","Cross/Enter at Intersection","NO IMPROPER ACTIONS","SIDEWALK","No","SUSPECTED SERIOUS INJURY","N/A","39.17413117","-77.207822","    (39.17413117, -77.207822)"
"DD5644001G","210032849","Rockville Police Departme","Injury Crash","08/23/2021 11:42:00 AM","Municipality","BEALL AVE #2","HUNGERFORD DR",,"N/A","PEDESTRIAN","SINGLE VEHICLE","CLEAR","DRY","DAYLIGHT","TRAFFIC SIGNAL","NONE DETECTED","NONE DETECTED","A5A8CC4A-D086-4A26-AAEB-5CEF21D1CC38","PEDESTRIAN","Cross/Enter at Intersection","NO IMPROPER ACTIONS","AT INTERSECTION MARKED CROSSWALK","No","SUSPECTED MINOR INJURY","N/A","39.08679379","-77.15318577","    (39.08679379, -77.15318577)"
"DM84940015","210032836","Takoma Park Police Depart","Injury Crash","08/23/2021 10:02:00 AM",,,,"7690 NEW HAMPSHIRE AVENUE
TAKOMA PARK, MD 20912",,"PEDESTRIAN","SINGLE VEHICLE","CLEAR",,"DAYLIGHT","NO CONTROLS","UNKNOWN","N/A","553A67A1-EB5F-4756-B44D-EA1929D08FDA","PEDESTRIAN","Getting off/on Vehicle","NO IMPROPER ACTIONS","OTHER","No","POSSIBLE INJURY","N/A","38.9885236","-76.9880297","    (38.9885236, -76.9880297)"
"MCP32800017","210032816","Montgomery County Police","Injury Crash","08/23/2021 07:07:00 AM","Maryland (State)","PINEY BRANCH RD","KODIAK DR",,"N/A","BICYCLIST","SINGLE VEHICLE","CLEAR","DRY","DAYLIGHT","OTHER","NONE DETECTED","NONE DETECTED","96A648C9-638F-4A35-9B2D-98C8D17F5058","BICYCLIST","Walking/Cycling on Sidewalk","UNKNOWN","SIDEWALK","Unknown","SUSPECTED SERIOUS INJURY","NONE","38.99971833","-76.99328667","    (38.99971833, -76.99328667)"
"MCP2492001N","210032806","Montgomery County Police","Fatal Crash","08/23/2021 01:57:00 AM","Maryland (State)","UNIVERSITY BLVD E","SPUR FR MD 195",,"N/A","PEDESTRIAN","OTHER","CLEAR","WET","DARK LIGHTS ON","NO CONTROLS","NONE DETECTED","UNKNOWN","BA01A694-F080-4AFB-8B39-8C672D7D317E","PEDESTRIAN","Other","OTHER","ON ROADWAY NOT AT CROSSWALK","Unknown","FATAL INJURY","NONE","38.99298","-76.99199333","    (38.99298, -76.99199333)"
"DD56470017","210032646","Rockville Police Departme","Injury Crash","08/21/2021 06:51:00 PM","Municipality","TWINBROOK PKWY","CHAPMAN AVE",,"ROCKVILLE","PEDESTRIAN","SINGLE VEHICLE","CLEAR","DRY","DUSK","TRAFFIC SIGNAL","N/A","N/A","5529AB08-65AF-481D-929A-75075A104D8C","PEDESTRIAN","Walking/Cycling on Sidewalk","NO IMPROPER ACTIONS","AT INTERSECTION MARKED CROSSWALK","No","SUSPECTED SERIOUS INJURY","N/A","39.05867525","-77.11878494","    (39.05867525, -77.11878494)"
"MCP3059006L","210032333","Montgomery County Police","Injury Crash","08/19/2021 04:53:00 PM","Other Public Roadway","MAGNOLIA DR","FREDERICK RD",,"N/A","PEDESTRIAN","OTHER","CLEAR","DRY","DAYLIGHT","STOP SIGN","NONE DETECTED","NONE DETECTED","26C87CFD-6E9B-46CC-9633-4B3406403F77","PEDESTRIAN","Cross/Enter at Intersection","NO IMPROPER ACTIONS","ON ROADWAY AT CROSSWALK","No","SUSPECTED MINOR INJURY","NONE","39.17726833","-77.23838833","    (39.17726833, -77.23838833)"
"EJ78520051","210032320","Gaithersburg Police Depar","Injury Crash","08/19/2021 03:50:00 PM","County","S WESTLAND DR","SKIDMORE BLVD",,"GAITHERSBURG","PEDESTRIAN","OTHER","N/A","DRY","DAYLIGHT","OTHER","NONE DETECTED","NONE DETECTED","F741B0CD-D49C-457F-8E49-37AE35B7072D","PEDESTRIAN","Other","NO IMPROPER ACTIONS","N/A","No","SUSPECTED SERIOUS INJURY","N/A","39.12688523","-77.18185524","    (39.12688523, -77.18185524)"
"MCP3227002L","210032187","Montgomery County Police","Injury Crash","08/18/2021 06:03:00 PM","County","CARROLL AVE","UNIVERSITY BLVD E",,"N/A","PEDESTRIAN","SINGLE VEHICLE","CLEAR","DRY","DAYLIGHT","NO CONTROLS","NONE DETECTED","NONE DETECTED","F397A0AB-7318-4FF1-BB39-1D90AE73F470","PEDESTRIAN","Cross/Enter not at Intersection","DART DASH","ON ROADWAY NOT AT CROSSWALK","Yes","SUSPECTED MINOR INJURY","N/A","38.99366283","-76.99300267","    (38.99366283, -76.99300267)"
"EJ7852004Z","210032042","Gaithersburg Police Depar","Injury Crash","08/17/2021 07:00:00 PM","Municipality","MAIN ST","MIDTOWN RD",,"GAITHERSBURG","BICYCLIST","OTHER","RAINING","WET","DAYLIGHT","STOP SIGN","NONE DETECTED","NONE DETECTED","1679C6D0-0745-4B9B-B60A-0D8F6D080DB6","BICYCLIST","Cross/Enter at Intersection","UNKNOWN","ON ROADWAY NOT AT CROSSWALK","Unknown","SUSPECTED MINOR INJURY","MC/BIKE HELMET","39.12205721","-77.23864715","    (39.12205721, -77.23864715)"
"MCP1595001L","210031950","Montgomery County Police","Injury Crash","08/16/2021 06:21:00 PM",,,,"PARKING LOT OF 11215 GEORGIA AVENUE",,"PEDESTRIAN","OTHER","CLEAR",,"DARK LIGHTS ON","NO CONTROLS","NONE DETECTED","NONE DETECTED","450DD2ED-B1B0-4E38-965F-252A6F424E97","PEDESTRIAN","Other","NO IMPROPER ACTIONS","OTHER","No","POSSIBLE INJURY","NONE","39.03912235","-77.05016286","    (39.03912235, -77.05016286)"
"MCP29410041","210031534","Montgomery County Police","Injury Crash","08/14/2021 08:50:00 PM","Maryland (State)","COLESVILLE RD","WAYNE AVE",,"N/A","BICYCLIST","STRAIGHT MOVEMENT ANGLE","RAINING","WET","DARK LIGHTS ON","TRAFFIC SIGNAL","NONE DETECTED","NONE DETECTED","68D4E94D-527F-4C82-9852-9D634D3F68BB","BICYCLIST","Cross/Enter at Intersection","FAILURE TO OBEY TRAFFIC SIGNS SIGNALS OR OFFICER","IN BIKEWAY","Yes","SUSPECTED MINOR INJURY","UNKNOWN","38.99488547","-77.03019638","    (38.99488547, -77.03019638)"
"EJ7881001B","210031546","Gaithersburg Police Depar","Property Damage Crash","08/13/2021 09:55:00 PM",,,,"132 ELLINGTON BLVD PARKING GARAGE",,"PEDESTRIAN","SINGLE VEHICLE","CLEAR",,"OTHER","NO CONTROLS","UNKNOWN","NONE DETECTED","2A9F2A31-1398-4DA5-9AEA-6CF170FA8081","PEDESTRIAN","Other","NO IMPROPER ACTIONS","OTHER","No","NO APPARENT INJURY","NONE","39.11479907","-77.20379432","    (39.11479907, -77.20379432)"
"MCP33020008","210031516","Montgomery County Police","Injury Crash","08/13/2021 05:51:00 PM","County","RANDOLPH RD","SHERWOOD FOREST DR",,"N/A","PEDESTRIAN","SINGLE VEHICLE","RAINING","WET","DAYLIGHT","N/A","NONE DETECTED","NONE DETECTED","6B5D8E0F-5244-443A-ACCB-0F40790E0819","PEDESTRIAN","Cross/Enter at Intersection","DART DASH","AT INTERSECTION BUT NO CROSSWALK","Yes","SUSPECTED SERIOUS INJURY","NONE","39.07321171","-77.00832942","    (39.07321171, -77.00832942)"
"MCP23300030","210031467","Montgomery County Police","Injury Crash","08/13/2021 12:47:00 PM","Maryland (State)","GEORGIA AVE","UNIVERSITY BLVD W",,"N/A","BICYCLIST","OTHER","CLEAR","DRY","DAYLIGHT","TRAFFIC SIGNAL","NONE DETECTED","NONE DETECTED","53DEA9FB-7377-455E-B0B6-CB5DE05E129B","BICYCLIST","Walking/Riding w/Traffic","NO IMPROPER ACTIONS","SIDEWALK","No","SUSPECTED MINOR INJURY","MC/BIKE HELMET","39.04186","-77.05174333","    (39.04186, -77.05174333)"
"MCP3181001Z","210031154","Montgomery County Police","Injury Crash","08/10/2021 10:41:00 PM","Maryland (State)","LAYHILL RD","POST LA",,"N/A","PEDESTRIAN","SAME DIR REAR END","FOGGY","WET","DARK LIGHTS ON","NO CONTROLS","N/A","N/A","C100F63A-4E99-436B-89CC-BCE182A0F79C","PEDESTRIAN","Standing","IN ROADWAY IMPROPERLY","ON ROADWAY NOT AT CROSSWALK","Unknown","SUSPECTED MINOR INJURY","NONE","39.08248401","-77.04664901","    (39.08248401, -77.04664901)"
"MCP3190002M","210030914","Montgomery County Police","Injury Crash","08/09/2021 10:42:00 AM",,,,"14000 GEORGIA AVE (HOME DEPOT PARKING LOT)",,"PEDESTRIAN","OTHER","CLEAR",,"DAYLIGHT","NO CONTROLS","UNKNOWN","NONE DETECTED","3A662C4A-5B9C-4564-929D-C1E41872883F","PEDESTRIAN","Other","NOT VISIBLE","OTHER","No","SUSPECTED MINOR INJURY","NONE","39.08429974","-77.07955183","    (39.08429974, -77.07955183)"
"MCP3306000C","210030830","Montgomery County Police","Injury Crash","08/08/2021 04:39:00 PM",,,,"PARKING LOT OF CHEESECAKE FACTORY LOCATED AT 7101 DEMOCRACY BLVD BETHESDA, MD 20817",,"PEDESTRIAN","OTHER","CLEAR",,"DAYLIGHT","NO CONTROLS","NONE DETECTED","NONE DETECTED","EEA80CFA-25DE-49BC-B10D-59414F91F08D","PEDESTRIAN","Other","NO IMPROPER ACTIONS","N/A","No","POSSIBLE INJURY","N/A","39.0259264","-77.146167","    (39.0259264, -77.146167)"
"MCP33040008","210030742","Montgomery County Police","Injury Crash","08/07/2021 08:56:00 PM","Maryland (State)","EAST WEST HWY (W/B COUPLET)","WAVERLY ST",,"N/A","PEDESTRIAN","SAME DIRECTION LEFT TURN","CLEAR","DRY","DARK LIGHTS ON","TRAFFIC SIGNAL","NONE DETECTED","NONE DETECTED","56999657-6F99-4CA1-92EF-0AA7C0246EC4","PEDESTRIAN","Walking/Riding w/Traffic","NO IMPROPER ACTIONS","AT INTERSECTION MARKED CROSSWALK","No","SUSPECTED MINOR INJURY","N/A","38.98481033","-77.0923015","    (38.98481033, -77.0923015)"
"MCP33040008","210030742","Montgomery County Police","Injury Crash","08/07/2021 08:56:00 PM","Maryland (State)","EAST WEST HWY (W/B COUPLET)","WAVERLY ST",,"N/A","PEDESTRIAN","SAME DIRECTION LEFT TURN","CLEAR","DRY","DARK LIGHTS ON","TRAFFIC SIGNAL","NONE DETECTED","UNKNOWN","B9FC02F1-E9C9-4521-91B0-693AD2838DF1","PEDESTRIAN","Walking/Riding w/Traffic","NO IMPROPER ACTIONS","AT INTERSECTION MARKED CROSSWALK","No","SUSPECTED MINOR INJURY","NONE","38.98481033","-77.0923015","    (38.98481033, -77.0923015)"
"MCP30780040","210030682","Montgomery County Police","Injury Crash","08/07/2021 01:32:00 PM","County","TUCKER LA","ASTORIA LA",,"N/A","BICYCLIST","STRAIGHT MOVEMENT ANGLE","CLEAR","DRY","DAYLIGHT","STOP SIGN","NONE DETECTED","NONE DETECTED","8B9F4941-67E6-43ED-89F3-23A75E3D0E65","BICYCLIST","Cross/Enter at Intersection","FAILURE TO YIELD RIGHT OF WAY","ON ROADWAY NOT AT CROSSWALK","Yes","SUSPECTED SERIOUS INJURY","NONE","39.14694","-76.98879833","    (39.14694, -76.98879833)"
"MCP2291005C","210030554","Montgomery County Police","Injury Crash","08/06/2021 01:31:00 PM","Maryland (State)","CONNECTICUT AVE","THORNAPPLE ST",,"CHEVY CHASE #4","BICYCLIST","SINGLE VEHICLE","CLEAR","DRY","DAYLIGHT","NO CONTROLS","NONE DETECTED","NONE DETECTED","91DE06BE-8E2E-4955-AC33-D09C10AE0621","BICYCLIST","Cross/Enter at Intersection","NO IMPROPER ACTIONS","ON ROADWAY NOT AT CROSSWALK","No","SUSPECTED MINOR INJURY","MC/BIKE HELMET","38.9822356","-77.07671668","    (38.9822356, -77.07671668)"
"MCP28640044","210030426","Montgomery County Police","Injury Crash","08/05/2021 04:06:00 PM","County","E GUDE DR","CECIL ST",,"N/A","BICYCLIST","STRAIGHT MOVEMENT ANGLE","CLEAR","DRY","DAYLIGHT","TRAFFIC SIGNAL","NONE DETECTED","NONE DETECTED","3C05C192-C3A5-466C-9C74-A1037CFE87A8","BICYCLIST","Cross/Enter at Intersection","FAILURE TO YIELD RIGHT OF WAY","AT INTERSECTION MARKED CROSSWALK","Yes","POSSIBLE INJURY","MC/BIKE HELMET","39.10629333","-77.15243167","    (39.10629333, -77.15243167)"
"MCP3295000C","210030288","Montgomery County Police","Injury Crash","08/04/2021 05:04:00 PM","County","SERPENTINE WAY","FAIRLAND RD",,"N/A","PEDESTRIAN","N/A","CLEAR","DRY","DAYLIGHT","N/A","MEDICATION PRESENT, NONE DETECTED","NONE DETECTED","9647EF21-2FC9-4FA7-AC4A-0D3E86F038B9","PEDESTRIAN","N/A","IN ROADWAY IMPROPERLY","OTHER","Yes","SUSPECTED MINOR INJURY","N/A","39.070455","-76.96958","    (39.070455, -76.96958)"
"MCP2861004Y","210030265","Montgomery County Police","Injury Crash","08/04/2021 03:17:00 PM",,,,"SIDEWALK BY 4710 BETHESDA AVE",,"BICYCLIST","OTHER","CLEAR",,"DAYLIGHT","OTHER","NONE DETECTED","NONE DETECTED","DC2DD3C2-3BDD-4E79-9E72-E91F26A4F1A8","BICYCLIST","Walking/Riding against Traffic","INATTENTIVE","SIDEWALK","Unknown","SUSPECTED MINOR INJURY","NONE","38.981225","-77.094355","    (38.981225, -77.094355)"
"MCP31480037","210030142","Montgomery County Police","Injury Crash","08/03/2021 04:40:00 PM","Maryland (State)","BRADLEY BLVD","BRADMOOR DR",,"N/A","BICYCLIST","STRAIGHT MOVEMENT ANGLE","CLEAR","DRY","DAYLIGHT","STOP SIGN","NONE DETECTED","NONE DETECTED","9A97C119-BAC3-4A22-8F68-0127F3D8A147","BICYCLIST","Walking/Riding w/Traffic","NO IMPROPER ACTIONS","OTHER","No","SUSPECTED MINOR INJURY","MC/BIKE HELMET","38.99339","-77.119005","    (38.99339, -77.119005)"
"MCP3225001P","210030126","Montgomery County Police","Injury Crash","08/03/2021 03:35:00 PM","Maryland (State)","UNIVERSITY BLVD W","MAYHEW DR",,"N/A","OTHER","STRAIGHT MOVEMENT ANGLE","CLEAR","DRY","DAYLIGHT","STOP SIGN","NONE DETECTED","NONE DETECTED","FF3DFDC0-2204-4D76-B762-ACBB1AA039E5","OTHER","Cross/Enter at Intersection","WRONG WAY RIDING OR WALKING","IN BIKEWAY","Unknown","POSSIBLE INJURY","N/A","39.03612841","-77.03736134","    (39.03612841, -77.03736134)"
"MCP3139002P","210030134","Montgomery County Police","Injury Crash","08/03/2021 03:15:00 PM",,,,"10113 NEW HAMPSHIRE AVE PARKING LOT",,"PEDESTRIAN","SINGLE VEHICLE","CLEAR",,"DAYLIGHT","STOP SIGN","N/A","N/A","82BB03D1-A371-4111-B560-1D28C6C36A16","PEDESTRIAN","Cross/Enter not at Intersection","NO IMPROPER ACTIONS","DRIVEWAY ACCESS MARKED CROSSWALK","No","POSSIBLE INJURY","NONE","39.02086126","-76.97547974","    (39.02086126, -76.97547974)"
"MCP2667007F","210030064","Montgomery County Police","Injury Crash","08/03/2021 09:03:00 AM",,,,"METRO ACCESS PARKING LOT AT 8210 BEECHCRAFT AVE",,"PEDESTRIAN","SINGLE VEHICLE","CLEAR",,"DAYLIGHT","NO CONTROLS","UNKNOWN","NONE DETECTED","AD72FEBC-02DB-4667-B3AC-6C50F101E653","PEDESTRIAN","Standing","NO IMPROPER ACTIONS","OTHER","No","SUSPECTED MINOR INJURY","REFLECTIVE CLOTHING","39.1660161","-77.168074","    (39.1660161, -77.168074)"
"EJ78750021","210029","Gaithersburg Police Depar","Property Damage Crash","07/31/2021 09:03:00 PM","Maryland (State)","GREAT SENECA HWY","LAKELANDS DR",,"GAITHERSBURG","PEDESTRIAN","OTHER","CLEAR","DRY","DARK LIGHTS ON","N/A","N/A","N/A","FE010DED-0A0D-4619-BFD2-0898BD241066","PEDESTRIAN","Other","IN ROADWAY IMPROPERLY","OTHER","Yes","NO APPARENT INJURY","N/A","39.12208107","-77.22855244","    (39.12208107, -77.22855244)"
"EJ7856009G","210029737","Gaithersburg Police Depar","Property Damage Crash","07/31/2021 06:37:00 PM","Municipality","SCHOOL DR","STORY DR",,"GAITHERSBURG","BICYCLIST","OTHER","CLEAR","DRY","DAYLIGHT","N/A","N/A","N/A","43C0F0C0-BF2A-42AA-946A-26DEE5D308C3","BICYCLIST","Cross/Enter at Intersection","FAILURE TO YIELD RIGHT OF WAY","OTHER","Yes","NO APPARENT INJURY","NONE","39.11889078","-77.2139064","    (39.11889078, -77.2139064)"
"MCP2772001M","210029640","Montgomery County Police","Injury Crash","07/30/2021 10:09:00 PM",,,,"DRIVEWAY OF 4 HARTMAN CT, POTOMAC MD 20854",,"PEDESTRIAN","SINGLE VEHICLE","CLEAR",,"DARK NO LIGHTS","NO CONTROLS",,"NONE DETECTED","9D98FABC-E961-4893-AFDF-F1CFB3DACABA","PEDESTRIAN","Getting off/on Vehicle","NO IMPROPER ACTIONS","OTHER","Yes","SUSPECTED MINOR INJURY","N/A","39.01940783","-77.175077","    (39.01940783, -77.175077)"
"MCP30420039","210029396","Montgomery County Police","Injury Crash","07/29/2021 10:50:00 AM","County","FERRARA AVE","FERRARA DR",,"N/A","PEDESTRIAN","N/A","CLEAR","DRY","DAYLIGHT","NO CONTROLS",,"NONE DETECTED","1C0E41A0-2316-48E3-99D0-E9F8EB4050D6","PEDESTRIAN","Getting off/on Vehicle","ENTERING EXITING PARKED STANDING VEHICLE","MEDIAN","Yes","SUSPECTED SERIOUS INJURY","NONE","39.052365","-77.077675","    (39.052365, -77.077675)"
"MCP3245001K","210029316","Montgomery County Police","Injury Crash","07/28/2021 07:34:00 PM","Municipality","KENTLANDS BLVD","MAIN ST",,"GAITHERSBURG","BICYCLIST","OTHER","CLEAR","DRY","DAYLIGHT","YIELD SIGN","NONE DETECTED","NONE DETECTED","186A8723-9B6B-4993-A673-AE7D86C0AAFE","BICYCLIST","Cross/Enter at Intersection","NO IMPROPER ACTIONS","ON ROADWAY AT CROSSWALK","No","SUSPECTED SERIOUS INJURY","MC/BIKE HELMET","39.12352126","-77.2385685","    (39.12352126, -77.2385685)"
"MCP3283000V","210029277","Montgomery County Police","Injury Crash","07/28/2021 03:22:00 PM",,,,"PARKING LOT EXIT OF CABIN JOHN SHOPPING CENTER - 11325 SEVEN LOCKS ROAD, POTOMAC MD 20854",,"BICYCLIST","SINGLE VEHICLE","CLEAR",,"DAYLIGHT","NO CONTROLS","NONE DETECTED","NONE DETECTED","759A66D7-530A-458F-B06A-175E2B9A2372","BICYCLIST","Cross/Enter at Intersection","NO IMPROPER ACTIONS","DRIVEWAY ACCESS MARKED CROSSWALK","No","SUSPECTED MINOR INJURY","NONE","39.04145509","-77.15919123","    (39.04145509, -77.15919123)"
"MCP29820044","210029269","Montgomery County Police","Injury Crash","07/28/2021 03:12:00 PM","Maryland (State)","GEORGIA AVE","CAMERON ST",,"N/A","PEDESTRIAN","OTHER","N/A","DRY","DAYLIGHT","TRAFFIC SIGNAL","NONE DETECTED","NONE DETECTED","D48087F1-7854-46E2-BBD0-12B8D6C320DA","PEDESTRIAN","Cross/Enter at Intersection","NO IMPROPER ACTIONS","AT INTERSECTION MARKED CROSSWALK","No","SUSPECTED SERIOUS INJURY","N/A","38.99768333","-77.02990667","    (38.99768333, -77.02990667)"
"MCP2991005L","210029237","Montgomery County Police","Injury Crash","07/28/2021 11:51:00 AM","County","QUEEN ELIZABETH DR","HERITAGE HILLS DR",,"N/A","BICYCLIST","STRAIGHT MOVEMENT ANGLE","CLEAR","DRY","DAYLIGHT","STOP SIGN","NONE DETECTED","NONE DETECTED","D0F9D303-6402-4F15-8692-282A4D54CE12","BICYCLIST","Cross/Enter at Intersection","UNKNOWN","ON ROADWAY NOT AT CROSSWALK","Unknown","POSSIBLE INJURY","MC/BIKE HELMET","39.16176683","-77.0710375","    (39.16176683, -77.0710375)"
"HA2393000B","21001427","Maryland-National Capital","Injury Crash","07/27/2021 06:35:00 PM","Government","SLIGO CREEK PKWY","BRUNETT AVE",,"N/A","BICYCLIST","STRAIGHT MOVEMENT ANGLE","CLEAR","DRY","DAYLIGHT","N/A","NONE DETECTED","NONE DETECTED","4014FCFD-A893-404C-B8F6-95A789BF8971","BICYCLIST","Cross/Enter at Intersection","NO IMPROPER ACTIONS","ON ROADWAY AT CROSSWALK","No","SUSPECTED SERIOUS INJURY","UNKNOWN","39.00986683","-77.02214133","    (39.00986683, -77.02214133)"
"MCP2516003G","210029088","Montgomery County Police","Injury Crash","07/26/2021 06:00:00 PM","County","CENTURY BLVD","PINNACLE DR",,"N/A","PEDESTRIAN","OTHER","CLEAR","DRY","DAYLIGHT","STOP SIGN","N/A","N/A","8BC775A3-9E01-42AA-824E-742FC5A43394","PEDESTRIAN","Cross/Enter at Intersection","NO IMPROPER ACTIONS","ON ROADWAY AT CROSSWALK","No","POSSIBLE INJURY","N/A","39.18604667","-77.262235","    (39.18604667, -77.262235)"
"MCP3091002Q","210028782","Montgomery County Police","Injury Crash","07/25/2021 10:38:00 AM","County","SHADY GROVE RD","ENT TO MONT CO TRANSFER STATION",,"N/A","PEDESTRIAN","OTHER","CLEAR","DRY","DAYLIGHT","PERSON","UNKNOWN","N/A","092D9189-23C4-40C5-BA1B-DD446EDC670A","PEDESTRIAN","Standing","NO IMPROPER ACTIONS","OTHER","No","POSSIBLE INJURY","NONE","39.05411483","-77.1133085","    (39.05411483, -77.1133085)"
"MCP2539001Q","210028479","Montgomery County Police","Injury Crash","07/22/2021 05:45:00 PM","Maryland (State)","ROCKVILLE PIKE","ENT TO MID-PIKE PLAZA",,"N/A","PEDESTRIAN","OTHER","CLEAR","DRY","DAYLIGHT","TRAFFIC SIGNAL","N/A","NONE DETECTED","D2101669-7009-4B81-830D-84E9866F4449","PEDESTRIAN","Cross/Enter at Intersection","NO IMPROPER ACTIONS","AT INTERSECTION MARKED CROSSWALK","No","SUSPECTED MINOR INJURY","NONE","39.05126184","-77.11549196","    (39.05126184, -77.11549196)"
"MCP2981003V","210028136","Montgomery County Police","Injury Crash","07/20/2021 11:19:00 PM","County","LIVINGSTON ST","WEISMAN RD",,"N/A","PEDESTRIAN","OTHER","CLEAR","DRY","DARK LIGHTS ON","STOP SIGN","UNKNOWN","N/A","78E916CE-BCB7-418B-B728-A64C37A17CD5","PEDESTRIAN","Standing","NO IMPROPER ACTIONS","SHOULDER","No","POSSIBLE INJURY","LIGHTING","39.05558827","-77.05852806","    (39.05558827, -77.05852806)"
"MCP2981003T","210028122","Montgomery County Police","Property Damage Crash","07/20/2021 09:36:00 PM","County","ARCOLA AVE","HOYT ST",,"N/A","BICYCLIST","STRAIGHT MOVEMENT ANGLE","CLEAR","DRY","DARK LIGHTS ON","OTHER","NONE DETECTED","NONE DETECTED","B9C7ED43-DE0A-4996-87C6-AB75C555B533","BICYCLIST","Cross/Enter not at Intersection","NO IMPROPER ACTIONS","ON ROADWAY AT CROSSWALK","No","NO APPARENT INJURY","MC/BIKE HELMET","39.03658667","-77.02696333","    (39.03658667, -77.02696333)"
"MCP2981003T","210028122","Montgomery County Police","Property Damage Crash","07/20/2021 09:36:00 PM","County","ARCOLA AVE","HOYT ST",,"N/A","BICYCLIST","STRAIGHT MOVEMENT ANGLE","CLEAR","DRY","DARK LIGHTS ON","OTHER","NONE DETECTED","NONE DETECTED","84587377-007E-4997-B89B-D5379DD937F1","BICYCLIST","Cross/Enter not at Intersection","NO IMPROPER ACTIONS","ON ROADWAY AT CROSSWALK","No","NO APPARENT INJURY","MC/BIKE HELMET","39.03658667","-77.02696333","    (39.03658667, -77.02696333)"
"MCP32550022","210028107","Montgomery County Police","Injury Crash","07/20/2021 08:00:00 PM",,,,"PARKING LOT IN FRONT OF BIG LOTS LOCATED AT 19142 MONTGOMERY VILLAGE AVE",,"PEDESTRIAN","SINGLE VEHICLE","CLEAR",,"DAYLIGHT","N/A","N/A","N/A","BE49E906-9545-480F-B4B4-B09245CE52F4","PEDESTRIAN","Other","NOT VISIBLE","OTHER","No","SUSPECTED MINOR INJURY","NONE","39.15664333","-77.22447833","    (39.15664333, -77.22447833)"