"Report Number","Local Case Number","Agency Name","ACRS Report Type","Crash Date/Time","Route Type","Road Name","Cross-Street Name","Off-Road Description","Municipality","Related Non-Motorist","Collision Type","Weather","Surface Condition","Light","Traffic Control","Driver Substance Abuse","Non-Motorist Substance Abuse","Person ID","Pedestrian Type","Pedestrian Movement","Pedestrian Actions","Pedestrian Location","At Fault","Injury Severity","Safety Equipment","Latitude","Longitude","Location"
"MCP2966005P","210017319","Montgomery County Police","Injury Crash","05/05/2021 05:30:00 PM","County","BRANDERMILL DR","BRUNDIDGE TERR",,"N/A","BICYCLIST","OTHER","N/A","N/A","DAYLIGHT","N/A","N/A","N/A","3CEE8725-86C8-4EC4-9CC5-83F27F166F3A","BICYCLIST","Cross/Enter at Intersection","NO IMPROPER ACTIONS","AT INTERSECTION BUT NO CROSSWALK","No","POSSIBLE INJURY","N/A","39.18772331","-77.23850772","    (39.18772331, -77.23850772)"
"MCP3275000K","210016843","Montgomery County Police","Injury Crash","05/05/2021 12:14:00 PM","Maryland (State)","GEORGIA AVE","COLESVILLE RD",,"N/A","PEDESTRIAN","OTHER","OTHER","DRY","DAYLIGHT","TRAFFIC SIGNAL","NONE DETECTED","NONE DETECTED","05A4DE12-DF4D-483A-8354-3123DDE1FC4E","PEDESTRIAN","Cross/Enter at Intersection","UNKNOWN","ON ROADWAY AT CROSSWALK","Unknown","SUSPECTED SERIOUS INJURY","NONE","38.99559833","-77.02806","    (38.99559833, -77.02806)"
"HA24490016","21000833","Maryland-National Capital","Injury Crash","05/05/2021 07:08:00 AM","Government","SLIGO CREEK PKWY","DENNIS AVE",,"N/A","BICYCLIST","SAME DIR REAR END","RAINING","WET","DAYLIGHT","N/A","N/A","N/A","9AA69E4D-3CF1-4781-8154-23659E7D1866","BICYCLIST","Walking/Riding w/Traffic","NO IMPROPER ACTIONS","ON ROADWAY NOT AT CROSSWALK","No","SUSPECTED MINOR INJURY","UNKNOWN","39.02169805","-77.03041724","    (39.02169805, -77.03041724)"
"DD5635003M","210016780","Rockville Police Departme","Injury Crash","05/04/2021 06:02:00 PM","Maryland (State)","FREDERICK RD","KING FARM BLVD",,"ROCKVILLE","PEDESTRIAN","OTHER","RAINING","WET","DAYLIGHT","TRAFFIC SIGNAL","NONE DETECTED","NONE DETECTED","0B58A4EF-0DE4-4055-9EF0-E117667AFBB8","PEDESTRIAN","Cross/Enter at Intersection","NO IMPROPER ACTIONS","ON ROADWAY AT CROSSWALK","No","SUSPECTED MINOR INJURY","NONE","39.11712167","-77.1688005","    (39.11712167, -77.1688005)"
"MCP94040034","210016740","Montgomery County Police","Injury Crash","05/04/2021 02:41:00 PM","Maryland (State)","FREDERICK RD","S WESTLAND DR",,"N/A","PEDESTRIAN","OTHER","CLEAR","DRY","DAYLIGHT","TRAFFIC SIGNAL","NONE DETECTED","NONE DETECTED","CB0EAAF2-0D45-4F64-895A-A46FB46776AF","PEDESTRIAN","Cross/Enter at Intersection","UNKNOWN","AT INTERSECTION MARKED CROSSWALK","Unknown","SUSPECTED MINOR INJURY","NONE","39.12590716","-77.18300281","    (39.12590716, -77.18300281)"
"MCP3109005F","210016670","Montgomery County Police","Injury Crash","05/04/2021 08:28:00 AM","US (State)","COLESVILLE RD","SLIGO CREEK PKWY",,"N/A","BICYCLIST","STRAIGHT MOVEMENT ANGLE","CLEAR","DRY","DAYLIGHT","TRAFFIC SIGNAL","NONE DETECTED","NONE DETECTED","45E53F3E-82B1-48E0-B292-E6E498F073F4","BICYCLIST","Cross/Enter at Intersection","NO IMPROPER ACTIONS","ON ROADWAY AT CROSSWALK","No","POSSIBLE INJURY","MC/BIKE HELMET","39.00775","-77.01983133","    (39.00775, -77.01983133)"
"MCP24640024","210016654","Montgomery County Police","Injury Crash","05/04/2021 05:26:00 AM","Maryland (State)","NEW HAMPSHIRE AVE","OAKVIEW DR",,"N/A","PEDESTRIAN","OTHER","N/A","N/A","DARK LIGHTS ON","TRAFFIC SIGNAL","UNKNOWN","N/A","4C93923C-7419-4F22-A22D-B031025DF672","PEDESTRIAN","Cross/Enter at Intersection","NO IMPROPER ACTIONS","ON ROADWAY AT CROSSWALK","No","SUSPECTED MINOR INJURY","N/A","39.01543877","-76.97780511","    (39.01543877, -76.97780511)"
"DD5637002D","210016410","Rockville Police Departme","Injury Crash","05/02/2021 05:30:00 PM","Other Public Roadway","GRAND CHAMPION DR","REDLAND BLVD",,"ROCKVILLE","BICYCLIST","OTHER","CLEAR","DRY","DAYLIGHT","NO CONTROLS","NONE DETECTED","NONE DETECTED","B2DF4689-3C61-4FB4-9BFF-379B62EC72EB","BICYCLIST","Cross/Enter at Intersection","DART DASH","ON ROADWAY NOT AT CROSSWALK","Yes","POSSIBLE INJURY","NONE","39.09343992","-77.14330512","    (39.09343992, -77.14330512)"
"MCP1519003B","210016388","Montgomery County Police","Injury Crash","05/02/2021 01:20:00 PM","Maryland (State)","GERMANTOWN RD","BEGIN BRIDGE",,"N/A","BICYCLIST","HEAD ON","CLEAR","DRY","DAYLIGHT","NO CONTROLS","ALCOHOL PRESENT","NONE DETECTED","DDE8A20A-A765-4201-9B68-A2D0ED4E4D7B","BICYCLIST","Walking/Riding w/Traffic","NO IMPROPER ACTIONS","SHOULDER","No","SUSPECTED MINOR INJURY","MC/BIKE HELMET","39.126543","-77.296455","    (39.126543, -77.296455)"
"MCP913000BN","210016114","Montgomery County Police","Injury Crash","04/30/2021 01:25:00 PM","County","MANCHESTER RD","E WAYNE AVE",,"N/A","PEDESTRIAN","SINGLE VEHICLE","CLEAR","DRY","DAYLIGHT","NO CONTROLS","NONE DETECTED","NONE DETECTED","1102BDA3-3452-403B-B86C-FD47F24DE22A","PEDESTRIAN","Cross/Enter at Intersection","NO IMPROPER ACTIONS","ON ROADWAY AT CROSSWALK","No","POSSIBLE INJURY","NONE","38.999742","-77.009792","    (38.999742, -77.009792)"
"MCP2492001M","210015917","Montgomery County Police","Fatal Crash","04/28/2021 11:02:00 PM","Maryland (State)","GEORGIA AVE","RIPPLING BROOK DR",,"N/A","PEDESTRIAN","OTHER","CLEAR","DRY","DARK LIGHTS ON","NO CONTROLS","NONE DETECTED","MEDICATION PRESENT","4A8EF8F3-B579-4AC5-942B-4471F0C71574","PEDESTRIAN","Cross/Enter not at Intersection","NO IMPROPER ACTIONS","ON ROADWAY NOT AT CROSSWALK","No","FATAL INJURY","NONE","39.07258","-77.06476","    (39.07258, -77.06476)"
"MCP26500010","210015754","Montgomery County Police","Injury Crash","04/27/2021 09:49:00 PM",,,,"DRIVEWAY OF6912 BRADLEY BLVD",,"PEDESTRIAN","OTHER","CLEAR",,"DARK LIGHTS ON","N/A","N/A","ALCOHOL PRESENT","7BCD6B50-CF78-449E-A7C1-FEBBA0C77549","PEDESTRIAN","Standing","NO IMPROPER ACTIONS","OTHER","No","SUSPECTED MINOR INJURY","N/A","39.00566333","-77.14188333","    (39.00566333, -77.14188333)"
"MCP2686004V","210015714","Montgomery County Police","Injury Crash","04/27/2021 05:30:00 PM",,,,"PARKING LOT OF DSW WAREHOUSE, 12922 MIDDLEBROOK RD, GERMANTOWN MD 20874",,"OTHER CONVEYANCE","SINGLE VEHICLE","CLEAR",,"DAYLIGHT","N/A","N/A","NONE DETECTED","FAA3AF3C-11C0-4CE0-994A-EB164B7CA86C","OTHER CONVEYANCE","Unknown","UNKNOWN","OTHER","Unknown","SUSPECTED MINOR INJURY","NONE","39.18009466","-77.27085497","    (39.18009466, -77.27085497)"
"MCP3190002B","210015371","Montgomery County Police","Injury Crash","04/25/2021 04:19:00 AM","Maryland (State)","CONNECTICUT AVE","GREENLY ST",,"N/A","PEDESTRIAN","OTHER","RAINING","WET","DARK LIGHTS ON","NO CONTROLS","NONE DETECTED","ALCOHOL PRESENT","F4E5BDE1-C503-4225-A0DF-3A1F467664CD","PEDESTRIAN","Cross/Enter at Intersection","IN ROADWAY IMPROPERLY","ON ROADWAY NOT AT CROSSWALK","Yes","SUSPECTED MINOR INJURY","NONE","39.06115167","-77.07308","    (39.06115167, -77.07308)"
"MCP2723005J","210015343","Montgomery County Police","Injury Crash","04/24/2021 08:15:00 PM","County","PARKLAND DR","INDEPENDENCE ST",,"N/A","PEDESTRIAN","SINGLE VEHICLE","RAINING","WET","DARK LIGHTS ON","STOP SIGN","NONE DETECTED","NONE DETECTED","E8600EFC-1FF0-4B58-879D-DDE45CB3B327","PEDESTRIAN","Cross/Enter at Intersection","UNKNOWN","AT INTERSECTION MARKED CROSSWALK","No","POSSIBLE INJURY","NONE","39.07246333","-77.08724333","    (39.07246333, -77.08724333)"
"MCP3125002S","210015321","Montgomery County Police","Injury Crash","04/24/2021 05:30:00 PM","Ramp","RAMP 5 FR IS 270 SB TO SHADY GROVE RD","SHADY GROVE RD",,"N/A","OTHER CONVEYANCE","SINGLE VEHICLE","CLEAR","DRY","DAYLIGHT","NO CONTROLS","NONE DETECTED","NONE DETECTED","2BCEB3F7-0B7E-4454-8A52-3C4C87364F8D","OTHER CONVEYANCE","Cross/Enter at Intersection","NO IMPROPER ACTIONS","ON ROADWAY AT CROSSWALK","No","SUSPECTED MINOR INJURY","NONE","39.10945167","-77.188435","    (39.10945167, -77.188435)"
"EJ7889000N","210015206","Gaithersburg Police Depar","Injury Crash","04/23/2021 09:50:00 PM","County","SHADY GROVE RD","RAMP 2 FR SHADY GROVE RD WB TO IS 270 NB",,"N/A","PEDESTRIAN","OTHER","CLEAR","N/A","OTHER","NO CONTROLS","NONE DETECTED","ALCOHOL PRESENT","010F580A-5947-4BEC-9D0A-D51115B0E05C","PEDESTRIAN","Cross/Enter not at Intersection","IN ROADWAY IMPROPERLY","ON ROADWAY NOT AT CROSSWALK","Yes","SUSPECTED SERIOUS INJURY","NONE","39.11422997","-77.18608143","    (39.11422997, -77.18608143)"
"DD56280044","210014844","Rockville Police Departme","Injury Crash","04/21/2021 12:02:00 PM",,,,"DRIVEWAY OF 761 HUNGERFORD DR.",,"BICYCLIST","STRAIGHT MOVEMENT ANGLE","CLOUDY",,"DAYLIGHT","NO CONTROLS","NONE DETECTED","NONE DETECTED","A88E3760-6C8E-4D82-BE53-272E255BB304","BICYCLIST","Walking/Cycling on Sidewalk","NO IMPROPER ACTIONS","SIDEWALK","No","SUSPECTED MINOR INJURY","NONE","39.09351715","-77.15323946","    (39.09351715, -77.15323946)"
"MCP2411006N","210014713","Montgomery County Police","Injury Crash","04/20/2021 11:50:00 AM",,,,"MONTROSE CROSSING SHOPPING CENTER",,"PEDESTRIAN","SINGLE VEHICLE","CLEAR",,"DAYLIGHT","N/A","NONE DETECTED","NONE DETECTED","20B0F68F-E65C-4688-9374-B8A763875189","PEDESTRIAN","Cross/Enter at Intersection","NO IMPROPER ACTIONS","ON ROADWAY AT CROSSWALK","No","POSSIBLE INJURY","NONE","39.05544652","-77.11733761","    (39.05544652, -77.11733761)"
"MCP9386008C","210014691","Montgomery County Police","Property Damage Crash","04/20/2021 10:15:00 AM","County","BOILING BROOK PKWY","HUNTERS LA",,"N/A","BICYCLIST","SAME DIRECTION SIDESWIPE","CLEAR","DRY","DAYLIGHT","NO CONTROLS","NONE DETECTED","NONE DETECTED","77E13935-1334-4793-ADB8-11D0DD6D63EC","BICYCLIST","Walking/Riding w/Traffic","NO IMPROPER ACTIONS","N/A","No","NO APPARENT INJURY","MC/BIKE HELMET","39.04812417","-77.09875133","    (39.04812417, -77.09875133)"
"MCP263900BY","210014685","Montgomery County Police","Injury Crash","04/20/2021 09:57:00 AM",,,,"PARKING LOT OF 2201 RANDOLPH RD",,"PEDESTRIAN","OTHER","CLEAR",,"DAYLIGHT","NO CONTROLS","NONE DETECTED","NONE DETECTED","3931ECCD-BE70-412E-BDAB-CECDFE3D72C1","PEDESTRIAN","Other","NO IMPROPER ACTIONS","OTHER","No","POSSIBLE INJURY","NONE","39.05984667","-77.047215","    (39.05984667, -77.047215)"
"MCP3124003Z","210014266","Montgomery County Police","Injury Crash","04/16/2021 05:48:00 PM","Maryland (State)","GEORGIA AVE","RANDOLPH RD",,"N/A","BICYCLIST","OTHER","CLOUDY","DRY","DAYLIGHT","TRAFFIC SIGNAL","NONE DETECTED","NONE DETECTED","9E9411C9-8C7D-49ED-A95A-A0F8DFEEE38E","BICYCLIST","Cross/Enter at Intersection","NO IMPROPER ACTIONS","AT INTERSECTION MARKED CROSSWALK","No","POSSIBLE INJURY","N/A","39.05784","-77.04976833","    (39.05784, -77.04976833)"
"MCP3079003J","210014260","Montgomery County Police","Injury Crash","04/16/2021 05:08:00 PM",,,,"IN PARKING LOT OF 19700 BLK CRYSTAL ROCK DR",,"PEDESTRIAN","OTHER","CLEAR",,"DAYLIGHT","NO CONTROLS","NONE DETECTED","N/A","B42F4A6D-4D08-4390-A091-8EA96A08F96C","PEDESTRIAN","Getting off/on Vehicle","NO IMPROPER ACTIONS","OTHER","No","SUSPECTED MINOR INJURY","NONE","39.17947398","-77.25986635","    (39.17947398, -77.25986635)"
"MCP3257001Q","210014167","Montgomery County Police","Injury Crash","04/15/2021 10:48:00 PM","Maryland (State)","WISCONSIN AVE","AVONDALE ST",,"N/A","PEDESTRIAN","OTHER","CLEAR","DRY","DARK LIGHTS ON","OTHER","UNKNOWN","NONE DETECTED","1998D2EE-91D7-4324-B398-23083E3EA999","PEDESTRIAN","Cross/Enter at Intersection","NO IMPROPER ACTIONS","AT INTERSECTION MARKED CROSSWALK","No","SUSPECTED MINOR INJURY","NONE","38.99007513","-77.09048403","    (38.99007513, -77.09048403)"
"EJ7884001T","210014148","Gaithersburg Police Depar","Injury Crash","04/15/2021 08:28:00 PM","Maryland (State)","S FREDERICK RD","W DEER PARK RD",,"GAITHERSBURG","PEDESTRIAN","OTHER","N/A","DRY","DARK NO LIGHTS","TRAFFIC SIGNAL","NONE DETECTED","ALCOHOL CONTRIBUTED","B832651A-9C9F-4E75-89BF-05845F911C42","PEDESTRIAN","Walking/Riding against Traffic","IN ROADWAY IMPROPERLY","ON ROADWAY NOT AT CROSSWALK","Yes","SUSPECTED MINOR INJURY","N/A","39.13239822","-77.18920265","    (39.13239822, -77.18920265)"
"MCP3148002Z","210014145","Montgomery County Police","Injury Crash","04/15/2021 08:13:00 PM","Maryland (State)","RIVER RD","POTOMAC MANORS DR",,"N/A","PEDESTRIAN","OTHER","CLEAR","N/A","DARK LIGHTS ON","OTHER","NONE DETECTED","NONE DETECTED","6ED5FB6D-0648-478E-997B-487EF41B3E2D","PEDESTRIAN","Cross/Enter at Intersection","NO IMPROPER ACTIONS","ON ROADWAY AT CROSSWALK","No","SUSPECTED MINOR INJURY","NONE","39.02023667","-77.21232","    (39.02023667, -77.21232)"
"MCP2686004S","210014141","Montgomery County Police","Injury Crash","04/15/2021 07:00:00 PM","Maryland (State)","CLOPPER RD","LITTLE STAR DR (PROP)",,"N/A","BICYCLIST","STRAIGHT MOVEMENT ANGLE","CLEAR","DRY","DAYLIGHT","NO CONTROLS","NONE DETECTED","NONE DETECTED","6ED38EC8-E81A-4D20-B92B-FD000001D0F8","BICYCLIST","Walking/Cycling on Sidewalk","UNKNOWN","SIDEWALK","Unknown","SUSPECTED MINOR INJURY","MC/BIKE HELMET","39.15998316","-77.27747689","    (39.15998316, -77.27747689)"
"EJ7882000W","210013988","Gaithersburg Police Depar","Injury Crash","04/14/2021 08:37:00 PM","County","LOST KNIFE RD","ODENDHAL AVE",,"N/A","PEDESTRIAN","OTHER","RAINING","WET","DARK LIGHTS ON","TRAFFIC SIGNAL","NONE DETECTED","NONE DETECTED","9617B277-2329-43B8-BC92-CE65EE1AF90A","PEDESTRIAN","Cross/Enter at Intersection","NO IMPROPER ACTIONS","AT INTERSECTION MARKED CROSSWALK","No","SUSPECTED MINOR INJURY","NONE","39.15244545","-77.19853331","    (39.15244545, -77.19853331)"
"MCP2845007M","210013945","Montgomery County Police","Injury Crash","04/14/2021 02:49:00 PM","Maryland (State)","UNIVERSITY BLVD W","SUTHERLAND RD",,"N/A","PEDESTRIAN","SINGLE VEHICLE","RAINING","WET","DAYLIGHT","TRAFFIC SIGNAL","NONE DETECTED","NONE DETECTED","BEB25B40-A2F8-4A49-9F08-D6EECE2E999F","PEDESTRIAN","Cross/Enter at Intersection","DART DASH","AT INTERSECTION MARKED CROSSWALK","No","SUSPECTED MINOR INJURY","N/A","39.01997667","-77.013618","    (39.01997667, -77.013618)"
"MCP3122003X","210013875","Montgomery County Police","Injury Crash","04/14/2021 06:00:00 AM","County","BEL PRE RD","CHURCH",,"N/A","PEDESTRIAN","SINGLE VEHICLE","CLOUDY","DRY","DARK LIGHTS ON","NO CONTROLS","UNKNOWN","NONE DETECTED","18422FF5-7021-4E03-9767-E54110160A82","PEDESTRIAN","Cross/Enter not at Intersection","IN ROADWAY IMPROPERLY","ON ROADWAY NOT AT CROSSWALK","Yes","SUSPECTED MINOR INJURY","NONE","39.094785","-77.07850333","    (39.094785, -77.07850333)"
"MCP28050044","210013780","Montgomery County Police","Injury Crash","04/13/2021 12:15:00 PM",,,,"PL OF 18816 WALKERS CHOICE RD, MONTGOMERY VILLAGE, MD 20886",,"PEDESTRIAN","SINGLE VEHICLE","CLOUDY",,"DAYLIGHT","NO CONTROLS","NONE DETECTED","NONE DETECTED","4AC974E0-58A7-4E55-B410-1A0ED2A59FD9","PEDESTRIAN","Standing","OTHER","OTHER","Yes","SUSPECTED MINOR INJURY","N/A","39.16459195","-77.20568755","    (39.16459195, -77.20568755)"
"MCP3198002T","210013549","Montgomery County Police","Injury Crash","04/11/2021 08:05:00 PM","Maryland (State)","GEORGIA AVE","JONES LA",,"N/A","PEDESTRIAN","OTHER","CLEAR","DRY","DARK LIGHTS ON","N/A","NONE DETECTED","ALCOHOL PRESENT","0DA3D146-A511-4D14-BFD5-172A52CA3214","PEDESTRIAN","Cross/Enter not at Intersection","DART DASH","ON ROADWAY NOT AT CROSSWALK","Yes","SUSPECTED MINOR INJURY","N/A","39.05393575","-77.05056254","    (39.05393575, -77.05056254)"
"MCP3233001F","210013548","Montgomery County Police","Injury Crash","04/11/2021 08:00:00 PM","Maryland (State)","UNIVERSITY BLVD E","PINEY BRANCH RD",,"N/A","PEDESTRIAN","OTHER","CLOUDY","DRY","DARK LIGHTS ON","NO CONTROLS","NONE DETECTED","NONE DETECTED","FFFBF1DC-3703-4683-A90F-F960AE40A59D","PEDESTRIAN","Walking/Riding against Traffic","INATTENTIVE","ON ROADWAY NOT AT CROSSWALK","Yes","POSSIBLE INJURY","NONE","39.01156883","-77.0012435","    (39.01156883, -77.0012435)"
"MCP3276000T","210013552","Montgomery County Police","Injury Crash","04/11/2021 07:59:00 PM","Maryland (State)","COLESVILLE RD","EAST WEST HWY",,"N/A","PEDESTRIAN","SINGLE VEHICLE","RAINING","WET","DARK LIGHTS ON","TRAFFIC SIGNAL","ALCOHOL PRESENT","NONE DETECTED","8FD2B0F9-5425-4565-BBA4-6BD814D40EB0","PEDESTRIAN","Cross/Enter at Intersection","NO IMPROPER ACTIONS","ON ROADWAY AT CROSSWALK","No","SUSPECTED MINOR INJURY","N/A","38.99339134","-77.03212156","    (38.99339134, -77.03212156)"
"MCP21950045","210013509","Montgomery County Police","Injury Crash","04/11/2021 12:48:00 PM","County","BACALL LA","TRAVILAH RD",,"N/A","PEDESTRIAN","OTHER","CLEAR","DRY","DAYLIGHT","NO CONTROLS","UNKNOWN","NONE DETECTED","E0C6DB29-86BE-4C10-ACF8-A14B216ADD3D","PEDESTRIAN","Walking/Riding w/Traffic","UNKNOWN","ON ROADWAY NOT AT CROSSWALK","Unknown","SUSPECTED MINOR INJURY","NONE","39.06319229","-77.27022872","    (39.06319229, -77.27022872)"
"MCP3161002R","210013423","Montgomery County Police","Injury Crash","04/10/2021 05:45:00 PM","Maryland (State)","PLYERS MILL RD","CONNECTICUT AVE",,"N/A","PEDESTRIAN","SINGLE VEHICLE","CLEAR","DRY","DAYLIGHT","NO CONTROLS","NONE DETECTED","NONE DETECTED","A14729E8-A0CB-494E-9B1B-FB475D179A85","PEDESTRIAN","Cross/Enter not at Intersection","IN ROADWAY IMPROPERLY","ON ROADWAY NOT AT CROSSWALK","Yes","POSSIBLE INJURY","NONE","39.02972833","-77.0752","    (39.02972833, -77.0752)"
"MCP2939005H","210013410","Montgomery County Police","Injury Crash","04/10/2021 03:57:00 PM","County","SYCAMORE FARM DR","CYPRESS SPRING RD",,"N/A","PEDESTRIAN","OTHER","CLEAR","DRY","DAYLIGHT","NO CONTROLS","N/A","N/A","80059B36-9AED-456F-8EC0-F4D5ED26D933","PEDESTRIAN","Playing","FAILURE TO YIELD RIGHT OF WAY","ON ROADWAY NOT AT CROSSWALK","Yes","SUSPECTED MINOR INJURY","NONE","39.23239805","-77.25516148","    (39.23239805, -77.25516148)"
"MCP3283000J","210013166","Montgomery County Police","Injury Crash","04/08/2021 05:40:00 PM","County","FALLS CHAPEL WAY","WILLOW VALLEY DR",,"N/A","BICYCLIST","SINGLE VEHICLE","CLEAR","DRY","N/A","NO CONTROLS","NONE DETECTED","NONE DETECTED","02492018-8ED5-41F9-B54B-75678E86FD4D","BICYCLIST","Cross/Enter not at Intersection","FAILURE TO YIELD RIGHT OF WAY","ON ROADWAY NOT AT CROSSWALK","Yes","SUSPECTED MINOR INJURY","NONE","39.051085","-77.19096833","    (39.051085, -77.19096833)"
"MCP3284000K","210013156","Montgomery County Police","Injury Crash","04/08/2021 04:50:00 PM","County","E RANDOLPH RD","LAURIE DR",,"N/A","PEDESTRIAN","OTHER","CLEAR","DRY","DAYLIGHT","N/A","NONE DETECTED","NONE DETECTED","AC293A73-7BFF-4BB8-A003-24CBACFBD768","PEDESTRIAN","Cross/Enter not at Intersection","INATTENTIVE","ON ROADWAY NOT AT CROSSWALK","Yes","SUSPECTED MINOR INJURY","NONE","39.066107","-76.980964","    (39.066107, -76.980964)"
"MCP2723005F","210013011","Montgomery County Police","Injury Crash","04/07/2021 03:35:00 PM",,"N LEISURE WORLD BLVD","NORBECK BLVD",,"N/A","BICYCLIST","STRAIGHT MOVEMENT ANGLE","CLEAR","DRY","DAYLIGHT","STOP SIGN","NONE DETECTED","NONE DETECTED","7F1DF040-A7D8-402B-831A-B30AAE9C3890","BICYCLIST","Walking/Riding w/Traffic","NO IMPROPER ACTIONS","ON ROADWAY NOT AT CROSSWALK","No","SUSPECTED SERIOUS INJURY","UNKNOWN","39.10908667","-77.06872333","    (39.10908667, -77.06872333)"
"MCP3218001H","210012867","Montgomery County Police","Injury Crash","04/06/2021 05:30:00 PM","County","DEWEY RD","DAHILL RD",,"N/A","BICYCLIST","STRAIGHT MOVEMENT ANGLE","CLEAR","DRY","DAYLIGHT","STOP SIGN","NONE DETECTED","NONE DETECTED","7C50C05A-5987-4CBB-BC02-9C43A6B0A516","BICYCLIST","Cross/Enter at Intersection","NO IMPROPER ACTIONS","ON ROADWAY NOT AT CROSSWALK","No","SUSPECTED MINOR INJURY","MC/BIKE HELMET","39.048628","-77.088574","    (39.048628, -77.088574)"
"DD5620006L","210012678","Rockville Police Departme","Injury Crash","04/05/2021 11:44:00 AM",,,,"1401 RESEARCH BLVD PARKING LOT",,"PEDESTRIAN","OTHER","CLEAR",,"DAYLIGHT","N/A","NONE DETECTED","NONE DETECTED","91B08CF6-D492-46AB-A1F7-22D1D66E08FC","PEDESTRIAN","Other","OTHER","OTHER","No","POSSIBLE INJURY","NONE","39.09105309","-77.17857984","    (39.09105309, -77.17857984)"
"MCP2356001S","210012483","Montgomery County Police","Injury Crash","04/03/2021 07:00:00 PM","Municipality","MARYLAND AVE","E MIDDLE LA",,"ROCKVILLE","PEDESTRIAN","STRAIGHT MOVEMENT ANGLE","CLEAR","DRY","DUSK","N/A","N/A","N/A","D9063536-EC95-4F2F-94B8-D842488D2029","PEDESTRIAN","Cross/Enter not at Intersection","DART DASH","ON ROADWAY NOT AT CROSSWALK","Yes","POSSIBLE INJURY","N/A","39.08623688","-77.15101352","    (39.08623688, -77.15101352)"
"MCP2936004F","210012350","Montgomery County Police","Injury Crash","04/02/2021 04:17:00 PM","County","NICHOLSON LA","WOODGLEN DR",,"N/A","PEDESTRIAN","OTHER","CLEAR","DRY","N/A","TRAFFIC SIGNAL","UNKNOWN","NONE DETECTED","9958476B-BA66-433F-8F2C-80FC04DDB68F","PEDESTRIAN","Cross/Enter at Intersection","NO IMPROPER ACTIONS","AT INTERSECTION MARKED CROSSWALK","No","SUSPECTED MINOR INJURY","NONE","39.045375","-77.118855","    (39.045375, -77.118855)"
"MCP3255001L","210011905","Montgomery County Police","Injury Crash","03/30/2021 05:30:00 PM","County","STEWARTOWN RD","MONTGOMERY VILLAGE AVE",,"N/A","BICYCLIST","OTHER","CLEAR","DRY","DAYLIGHT","STOP SIGN","N/A","N/A","E6F520C2-AFFD-4F2A-BAAB-42274B76B899","BICYCLIST","Cross/Enter at Intersection","N/A","AT INTERSECTION BUT NO CROSSWALK","No","SUSPECTED MINOR INJURY","NONE","39.17921667","-77.20104333","    (39.17921667, -77.20104333)"
"MCP2902004W","21001185","Montgomery County Police","Injury Crash","03/30/2021 02:35:00 PM","County","GUNNERS BRANCH RD","FREDERICK RD",,"N/A","PEDESTRIAN","OTHER","CLEAR","DRY","DAYLIGHT","TRAFFIC SIGNAL","N/A","N/A","CA7AC82A-2ECE-47A8-8FF8-1D04AA69CD72","PEDESTRIAN","Cross/Enter at Intersection","UNKNOWN","ON ROADWAY AT CROSSWALK","No","SUSPECTED MINOR INJURY","NONE","39.17904333","-77.237975","    (39.17904333, -77.237975)"
"MCP271700TY","210008918","Montgomery County Police","Injury Crash","03/23/2021 04:35:00 PM","County","ROOSEVELT ST","OLD GEORGETOWN RD",,"N/A","BICYCLIST","OTHER","CLEAR","DRY","DAYLIGHT","NO CONTROLS","NONE DETECTED","NONE DETECTED","7452A366-A7EA-49DF-98F3-748CF51913BD","BICYCLIST","Cross/Enter at Intersection","NO IMPROPER ACTIONS","AT INTERSECTION BUT NO CROSSWALK","No","SUSPECTED MINOR INJURY","MC/BIKE HELMET","38.99147883","-77.09794533","    (38.99147883, -77.09794533)"
"MCP31130033","210010543","Montgomery County Police","Injury Crash","03/20/2021 06:57:00 PM","Maryland (State)","SPENCERVILLE RD","LIONS DEN RD",,"N/A","PEDESTRIAN","OTHER","CLEAR","DRY","DUSK","NO CONTROLS","N/A","N/A","1344D1D3-3DBF-436A-8E9F-BA111068B321","PEDESTRIAN","Cross/Enter not at Intersection","DART DASH","ON ROADWAY NOT AT CROSSWALK","Yes","SUSPECTED SERIOUS INJURY","NONE","39.06699135","-76.96432988","    (39.06699135, -76.96432988)"
"MCP1202004T","210010512","Montgomery County Police","Injury Crash","03/20/2021 03:02:00 PM","County","MADAWASKA RD","SANGAMORE RD",,"N/A","PEDESTRIAN","OTHER","CLEAR","DRY","DAYLIGHT","STOP SIGN","NONE DETECTED","NONE DETECTED","4D32C7B2-F2E0-427C-811C-0C8DE24A62CA","PEDESTRIAN","Cross/Enter at Intersection","NO IMPROPER ACTIONS","ON ROADWAY AT CROSSWALK","No","SUSPECTED MINOR INJURY","NONE","38.9582","-77.122","    (38.9582, -77.122)"
"MCP2456005D","210010499","Montgomery County Police","Injury Crash","03/20/2021 12:30:00 PM","Maryland (State)","NEW HAMPSHIRE AVE","RAMP 2 FR IS 495 WB TO MD 650 NB",,"N/A","PEDESTRIAN","STRAIGHT MOVEMENT ANGLE","CLEAR","DRY","DAYLIGHT","TRAFFIC SIGNAL","UNKNOWN","NONE DETECTED","7BE80BB6-82BA-4929-AC56-81F5DB56844E","PEDESTRIAN","Cross/Enter at Intersection","UNKNOWN","ON ROADWAY AT CROSSWALK","Unknown","POSSIBLE INJURY","N/A","39.02089833","-76.97657","    (39.02089833, -76.97657)"
"MCP2516003C","210009574","Montgomery County Police","Injury Crash","03/14/2021 02:12:00 PM","Maryland (State)","GREAT SENECA HWY","QUEENSTOWN LA",,"N/A","PEDESTRIAN","N/A","CLEAR","DRY","DAYLIGHT","TRAFFIC SIGNAL","N/A","N/A","E1B761BD-7151-4165-9CE7-08D3E08BCAD8","PEDESTRIAN","Cross/Enter at Intersection","NO IMPROPER ACTIONS","AT INTERSECTION MARKED CROSSWALK","No","POSSIBLE INJURY","N/A","39.15341511","-77.27825728","    (39.15341511, -77.27825728)"