"Report Number","Local Case Number","Agency Name","ACRS Report Type","Crash Date/Time","Route Type","Road Name","Cross-Street Name","Off-Road Description","Municipality","Related Non-Motorist","Collision Type","Weather","Surface Condition","Light","Traffic Control","Driver Substance Abuse","Non-Motorist Substance Abuse","Person ID","Pedestrian Type","Pedestrian Movement","Pedestrian Actions","Pedestrian Location","At Fault","Injury Severity","Safety Equipment","Latitude","Longitude","Location"
"MCP3125002H","200036759","Montgomery County Police","Injury Crash","09/19/2020 03:15:00 PM","Maryland (State)","DARNESTOWN RD","BLACKBERRY DR",,"N/A","BICYCLIST","STRAIGHT MOVEMENT ANGLE","CLEAR","DRY","DAYLIGHT","NO CONTROLS","NONE DETECTED","NONE DETECTED","5D7F39E3-3309-4BC3-B19C-B2B6281EB9D7","BICYCLIST","Walking/Cycling on Sidewalk","INATTENTIVE","SIDEWALK","Yes","POSSIBLE INJURY","MC/BIKE HELMET","39.11688","-77.25004833","    (39.11688, -77.25004833)"
"MCP271700SK","200036675","Montgomery County Police","Injury Crash","09/18/2020 08:10:00 PM","Ramp","RAMP 2 FR DEMOCRACY BLVD TO IS 270Y NB","DEMOCRACY BLVD",,"N/A","PEDESTRIAN","OTHER","CLEAR","DRY","DARK LIGHTS ON","NO CONTROLS","UNKNOWN","NONE DETECTED","39170AD6-A938-4829-9396-8DE6B8C99774","PEDESTRIAN","Cross/Enter at Intersection","NO IMPROPER ACTIONS","ON ROADWAY AT CROSSWALK","No","SUSPECTED MINOR INJURY","NONE","39.02155533","-77.13798733","    (39.02155533, -77.13798733)"
"MCP3121003L","200036654","Montgomery County Police","Injury Crash","09/18/2020 06:07:00 PM",,,,"PARKING LOT IFO 19218 MONTGOMERY VILLAGE AVE",,"PEDESTRIAN","OTHER","CLEAR",,"DAYLIGHT","NO CONTROLS","NONE DETECTED","NONE DETECTED","1431735F-024A-4272-B7EF-DAB0B9AFC531","PEDESTRIAN","Standing","NO IMPROPER ACTIONS","OTHER","No","POSSIBLE INJURY","NONE","39.172195","-77.204985","    (39.172195, -77.204985)"
"MCP3121003L","200036654","Montgomery County Police","Injury Crash","09/18/2020 06:07:00 PM",,,,"PARKING LOT IFO 19218 MONTGOMERY VILLAGE AVE",,"PEDESTRIAN","OTHER","CLEAR",,"DAYLIGHT","NO CONTROLS","NONE DETECTED","NONE DETECTED","77E948A8-45CB-49E2-A7D1-F2BFF3C1C7A4","PEDESTRIAN","Standing","NO IMPROPER ACTIONS","OTHER","No","POSSIBLE INJURY","NONE","39.172195","-77.204985","    (39.172195, -77.204985)"
"MCP2635006F","200036642","Montgomery County Police","Injury Crash","09/18/2020 04:40:00 PM","County","BROOKEVILLE RD","ZION RD",,"N/A","BICYCLIST","STRAIGHT MOVEMENT ANGLE","CLEAR","DRY","DAYLIGHT","STOP SIGN","N/A","N/A","207482C3-3A54-4593-9508-80065812DCF8","BICYCLIST","Cross/Enter at Intersection","FAILURE TO OBEY TRAFFIC SIGNS SIGNALS OR OFFICER","AT INTERSECTION BUT NO CROSSWALK","Yes","SUSPECTED MINOR INJURY","MC/BIKE HELMET","39.1849163","-77.1008186","    (39.1849163, -77.1008186)"
"MCP2805003Y","200036605","Montgomery County Police","Property Damage Crash","09/18/2020 11:30:00 AM",,,,"PL OF 880 RUSSELL AVE, GAITHERSBURG, MD",,"PEDESTRIAN","SINGLE VEHICLE","CLOUDY",,"DAYLIGHT","N/A","NONE DETECTED","NONE DETECTED","0F083A32-378B-4C2E-A6B2-DD2C5B25F7B0","PEDESTRIAN","Standing","NO IMPROPER ACTIONS","ON ROADWAY NOT AT CROSSWALK","Unknown","NO APPARENT INJURY","NONE","39.1560965","-77.2127805","    (39.1560965, -77.2127805)"
"MCP27260054","200036436","Montgomery County Police","Injury Crash","09/17/2020 12:09:00 PM","Maryland (State)","ROCKVILLE PIKE","HUBBARD DR",,"N/A","BICYCLIST","OTHER","CLEAR","DRY","DAYLIGHT","TRAFFIC SIGNAL","NONE DETECTED","NONE DETECTED","873A68EE-2493-4F0D-847F-5FEB1135008C","BICYCLIST","Cross/Enter at Intersection","NO IMPROPER ACTIONS","SIDEWALK","No","SUSPECTED MINOR INJURY","MC/BIKE HELMET","39.05494107","-77.11835683","    (39.05494107, -77.11835683)"
"MCP3268000F","200036194","Montgomery County Police","Injury Crash","09/15/2020 04:43:00 PM","Maryland (State)","GEORGIA AVE","AUGUST DR",,"N/A","PEDESTRIAN","N/A","CLEAR","DRY","DAYLIGHT","N/A","NONE DETECTED","N/A","7A8B4ECF-9866-4143-A007-508A50EE08C8","PEDESTRIAN","Cross/Enter not at Intersection","DART DASH","MEDIAN","Yes","SUSPECTED SERIOUS INJURY","N/A","39.02182648","-77.04473542","    (39.02182648, -77.04473542)"
"MCP30050055","200036016","Montgomery County Police","Injury Crash","09/14/2020 02:30:00 PM","County","ARCOLA AVE","KENBROOK DR",,"N/A","MACHINE OPERATOR/RIDER","SINGLE VEHICLE","N/A","DRY","DAYLIGHT","STOP SIGN","NONE DETECTED","NONE DETECTED","3E7F388C-5CE8-4632-90B2-9B75BA84E568","MACHINE OPERATOR/RIDER","Cross/Enter at Intersection","N/A","AT INTERSECTION MARKED CROSSWALK","No","SUSPECTED MINOR INJURY","NONE","39.03915333","-77.027725","    (39.03915333, -77.027725)"
"MCP30050055","200036016","Montgomery County Police","Injury Crash","09/14/2020 02:30:00 PM","County","ARCOLA AVE","KENBROOK DR",,"N/A","MACHINE OPERATOR/RIDER","SINGLE VEHICLE","N/A","DRY","DAYLIGHT","STOP SIGN","NONE DETECTED","NONE DETECTED","8F35EC6B-3415-4650-9613-8CE54C76AE56","MACHINE OPERATOR/RIDER","Cross/Enter at Intersection","NO IMPROPER ACTIONS","AT INTERSECTION MARKED CROSSWALK","No","POSSIBLE INJURY","NONE","39.03915333","-77.027725","    (39.03915333, -77.027725)"
"MCP0613001W","20035972","Montgomery County Police","Injury Crash","09/14/2020 08:42:00 AM","County","BATCHELLORS FOREST RD","GEORGIA AVE",,"N/A","BICYCLIST","SINGLE VEHICLE","CLOUDY","DRY","DAYLIGHT","STOP SIGN","NONE DETECTED","NONE DETECTED","C46C66C9-6039-41DC-A5FA-02913DB1F880","BICYCLIST","Walking/Cycling on Sidewalk","NO IMPROPER ACTIONS","AT INTERSECTION MARKED CROSSWALK","No","SUSPECTED MINOR INJURY","MC/BIKE HELMET","39.12372811","-77.0725345","    (39.12372811, -77.0725345)"
"MCP20080083","200035799","Montgomery County Police","Injury Crash","09/12/2020 05:15:00 PM","County","DEMOCRACY BLVD","SEVEN LOCKS RD",,"N/A","BICYCLIST","HEAD ON LEFT TURN","CLOUDY","DRY","DAYLIGHT","TRAFFIC SIGNAL","NONE DETECTED","NONE DETECTED","39D2454B-638B-45D9-BE3D-3D2F11F90C5B","BICYCLIST","Cross/Enter at Intersection","FAILURE TO OBEY TRAFFIC SIGNS SIGNALS OR OFFICER","ON ROADWAY NOT AT CROSSWALK","Yes","SUSPECTED MINOR INJURY","MC/BIKE HELMET","39.02323","-77.16216","    (39.02323, -77.16216)"
"MCP32400015","200035785","Montgomery County Police","Injury Crash","09/12/2020 03:30:00 PM",,,,"PARKING LOT OF HOME DEPOT 21010 FREDERICK RD",,"PEDESTRIAN","OTHER","N/A",,"DAYLIGHT","NO CONTROLS","N/A","N/A","01C6FD6A-9A38-4C9C-8630-F50220BAB394","PEDESTRIAN","Push/Work on Vehicle","NO IMPROPER ACTIONS","OTHER","No","POSSIBLE INJURY","N/A","39.20145504","-77.2485474","    (39.20145504, -77.2485474)"
"MCP91060029","200035754","Montgomery County Police","Property Damage Crash","09/12/2020 11:51:00 AM","County","BOWMAN MILL RD","GERMANTOWN RD",,"N/A","BICYCLIST","OTHER","CLOUDY","DRY","DAYLIGHT","TRAFFIC SIGNAL","NONE DETECTED","NONE DETECTED","8C98F35F-BE00-4E75-BA02-71670853CFBB","BICYCLIST","Cross/Enter at Intersection","NO IMPROPER ACTIONS","ON ROADWAY AT CROSSWALK","No","NO APPARENT INJURY","NONE","39.17514833","-77.27127167","    (39.17514833, -77.27127167)"
"MCP2931004J","200035664","Montgomery County Police","Injury Crash","09/11/2020 04:07:00 PM","County","RANDOLPH RD","PARKLAWN DR",,"N/A","BICYCLIST","OTHER","CLEAR","DRY","DAYLIGHT","OTHER","NONE DETECTED","NONE DETECTED","31716A19-5843-44C7-8107-4029696CDFD7","BICYCLIST","Cross/Enter at Intersection","N/A","ON ROADWAY AT CROSSWALK","No","SUSPECTED MINOR INJURY","NONE","39.05386333","-77.10594167","    (39.05386333, -77.10594167)"
"MCP3257000S","200035612","Montgomery County Police","Injury Crash","09/11/2020 08:50:00 AM","County","ROCK SPRING DR","OLD GEORGETOWN RD",,"N/A","BICYCLIST","OTHER","CLEAR","DRY","DAYLIGHT","STOP SIGN","N/A","N/A","9CABB090-DFB4-4244-93A9-0A9B8EAE326D","BICYCLIST","Walking/Riding against Traffic","IN ROADWAY IMPROPERLY","ON ROADWAY NOT AT CROSSWALK","Yes","SUSPECTED MINOR INJURY","NONE","39.02669833","-77.12793","    (39.02669833, -77.12793)"
"MCP3249000H","200035420","Montgomery County Police","Injury Crash","09/09/2020 09:20:00 PM","County","DENNIS AVE","UNIVERSITY BLVD W",,"N/A","PEDESTRIAN","OTHER","RAINING","WET","DARK LIGHTS ON","TRAFFIC SIGNAL","NONE DETECTED","NONE DETECTED","E37B48A4-D042-4338-922A-41C148DF6913","PEDESTRIAN","Cross/Enter at Intersection","N/A","AT INTERSECTION MARKED CROSSWALK","No","SUSPECTED MINOR INJURY","NONE","39.02661129","-77.02008882","    (39.02661129, -77.02008882)"
"MCP003600DB","200035356","Montgomery County Police","Injury Crash","09/09/2020 02:10:00 PM","County","DIXIE RIDGE TERR","ROLLING FORK WAY",,"N/A","BICYCLIST","SINGLE VEHICLE","CLOUDY","DRY","DAYLIGHT","NO CONTROLS","NONE DETECTED","NONE DETECTED","9F04B0F6-12B2-473E-A370-E83ABAE3561D","BICYCLIST","Cross/Enter not at Intersection","FAILURE TO YIELD RIGHT OF WAY","SHARED USE PATH OR TRAILS","Yes","SUSPECTED SERIOUS INJURY","NONE","39.24751433","-77.20027017","    (39.24751433, -77.20027017)"
"MCP3257000R","200035349","Montgomery County Police","Injury Crash","09/09/2020 02:01:00 PM",,,,"PARKING LOT OF LEDOS PIZZA 5245 RIVER RD",,"PEDESTRIAN","OTHER","CLEAR",,"DAYLIGHT","NO CONTROLS","UNKNOWN","N/A","C766C177-36C4-4AA1-87C9-D06FC903C9DE","PEDESTRIAN","Standing","N/A","OTHER","No","SUSPECTED MINOR INJURY","NONE","38.96603276","-77.10452051","    (38.96603276, -77.10452051)"
"MCP27230052","200035305","Montgomery County Police","Injury Crash","09/09/2020 09:45:00 AM",,,,"18100 VILLAGE CENTER DRIVE",,"PEDESTRIAN","SINGLE VEHICLE","CLOUDY",,"DAYLIGHT","NO CONTROLS","NONE DETECTED","NONE DETECTED","D36AD02D-1B06-4F31-9E4E-4F100C7187D5","PEDESTRIAN","Standing","NO IMPROPER ACTIONS","SIDEWALK","No","SUSPECTED MINOR INJURY","N/A","39.15281833","-77.06443167","    (39.15281833, -77.06443167)"
"MCP271700SG","200035252","Montgomery County Police","Injury Crash","09/08/2020 07:10:00 PM",,,,"5000 BRADLEY BLVD (PARKING LOT EXIT OF SAFEWAY GROCERY)",,"BICYCLIST","OTHER","CLEAR",,"DARK LIGHTS ON","NO CONTROLS","UNKNOWN","NONE DETECTED","DC5DB57C-7A8B-4DCB-90AD-4D99ECCDF163","BICYCLIST","Cross/Enter at Intersection","NO IMPROPER ACTIONS","ON ROADWAY AT CROSSWALK","No","SUSPECTED MINOR INJURY","MC/BIKE HELMET","38.949512","-77.11782383","    (38.949512, -77.11782383)"
"MCP2866006J","200035248","Montgomery County Police","Injury Crash","09/08/2020 06:40:00 PM","Maryland (State)","WISCONSIN AVE","W VIRGINIA AVE",,"N/A","BICYCLIST","SINGLE VEHICLE","CLEAR","DRY","DAYLIGHT","NO CONTROLS","NONE DETECTED","NONE DETECTED","92365F76-B19B-4602-9618-89439AF9D871","BICYCLIST","Walking/Cycling on Sidewalk","WRONG WAY RIDING OR WALKING","SIDEWALK","Yes","SUSPECTED MINOR INJURY","UNKNOWN","38.99043315","-77.09525553","    (38.99043315, -77.09525553)"
"MCP3197001K","200035078","Montgomery County Police","Injury Crash","09/07/2020 07:19:00 PM",,,,"3592 GLENEAGLES DRIVE",,"BICYCLIST","SAME DIRECTION SIDESWIPE","CLEAR",,"DUSK","NO CONTROLS","NONE DETECTED","NONE DETECTED","64E79372-7BCC-4713-842A-6BE532CFB01C","BICYCLIST","Walking/Riding w/Traffic","NO IMPROPER ACTIONS","ON ROADWAY NOT AT CROSSWALK","No","SUSPECTED MINOR INJURY","MC/BIKE HELMET","39.10025817","-77.0722135","    (39.10025817, -77.0722135)"
"MCP2348005W","200034859","Montgomery County Police","Fatal Crash","09/05/2020 10:37:00 PM","Maryland (State)","UNIVERSITY BLVD E","LANGLEY DR",,"N/A","PEDESTRIAN","SINGLE VEHICLE","CLEAR","DRY","DARK LIGHTS ON","NO CONTROLS","NONE DETECTED","ALCOHOL PRESENT","1BD42259-0FCC-4BD4-9443-17400A675E51","PEDESTRIAN","Cross/Enter not at Intersection","DART DASH","ON ROADWAY NOT AT CROSSWALK","Yes","FATAL INJURY","N/A","39.00158406","-76.99549353","    (39.00158406, -76.99549353)"
"EJ7875001H","200034838","Gaithersburg Police Depar","Injury Crash","09/05/2020 07:51:00 PM","County","MUDDY BRANCH RD","WEST SIDE DR",,"GAITHERSBURG","BICYCLIST","OTHER","CLEAR","DRY","OTHER","TRAFFIC SIGNAL","N/A","N/A","2361FF6C-BF3D-4B9F-B6DD-AAD05B8CF1D4","BICYCLIST","Walking/Cycling on Sidewalk","NO IMPROPER ACTIONS","ON ROADWAY AT CROSSWALK","No","POSSIBLE INJURY","NONE","39.12924667","-77.20770327","    (39.12924667, -77.20770327)"
"MCP3230001H","200034830","Montgomery County Police","Injury Crash","09/05/2020 06:40:00 PM",,,,"REAR PARKING LOT OF 13625 GEORGIA AVE",,"PEDESTRIAN","SINGLE VEHICLE","CLEAR",,"DAYLIGHT","NO CONTROLS","NONE DETECTED","NONE DETECTED","EE77B261-1CEE-4B69-8C5F-8A14A482B3B0","PEDESTRIAN","Other","INATTENTIVE","OTHER","No","SUSPECTED MINOR INJURY","N/A","39.08032256","-77.07115942","    (39.08032256, -77.07115942)"
"MCP32000021","200034798","Montgomery County Police","Injury Crash","09/05/2020 02:12:00 PM","Maryland (State)","METROPOLITAN AVE","N KENSINGTON PKWY",,"KENSINGTON","BICYCLIST","OTHER","CLEAR","DRY","DAYLIGHT","NO CONTROLS","UNKNOWN","NONE DETECTED","A49D4EE7-06EF-43E6-9D7D-7031B00AAEA3","BICYCLIST","Cross/Enter at Intersection","NO IMPROPER ACTIONS","ON ROADWAY AT CROSSWALK","No","SUSPECTED MINOR INJURY","MC/BIKE HELMET","39.02620496","-77.06980941","    (39.02620496, -77.06980941)"
"MCP2192003M","200034762","Montgomery County Police","Injury Crash","09/05/2020 06:15:00 AM","Maryland (State)","GEORGIA AVE","OLNEY SANDY SPRING RD",,"N/A","PEDESTRIAN","OTHER","N/A","DRY","DARK LIGHTS ON","N/A","UNKNOWN","N/A","494C65FD-7CA3-4707-AC14-84795D07DAEA","PEDESTRIAN","Cross/Enter not at Intersection","NO IMPROPER ACTIONS","ON ROADWAY NOT AT CROSSWALK","No","SUSPECTED MINOR INJURY","N/A","39.1536124","-77.06752065","    (39.1536124, -77.06752065)"
"MCP9432002S","200034713","Montgomery County Police","Injury Crash","09/04/2020 07:00:00 PM",,"GODWIT STREET","MERLIN AVENUE",,"N/A","BICYCLIST","STRAIGHT MOVEMENT ANGLE","CLEAR","DRY","DUSK","NO CONTROLS","UNKNOWN","NONE DETECTED","B35B0E44-5B7D-468B-88B9-F2647DC5DE27","BICYCLIST","Cross/Enter at Intersection","NO IMPROPER ACTIONS","ON ROADWAY NOT AT CROSSWALK","No","SUSPECTED MINOR INJURY","MC/BIKE HELMET","39.21974833","-77.29039","    (39.21974833, -77.29039)"
"MCP2615003R","200034623","Montgomery County Police","Injury Crash","09/04/2020 11:05:00 AM",,,,"DASH IN (PARKING LOT)
11150 NEW HAMPSHIRE AVE 
SILVER SPRING, MD 20904",,"PEDESTRIAN","OTHER","CLEAR",,"DAYLIGHT","NO CONTROLS","NONE DETECTED","NONE DETECTED","9B955731-9C0E-4CB5-9E2A-B455BE3A8BC3","PEDESTRIAN","Other","NO IMPROPER ACTIONS","OTHER","No","POSSIBLE INJURY","N/A","39.03922465","-76.99075028","    (39.03922465, -76.99075028)"
"MCP271700SD","200034582","Montgomery County Police","Injury Crash","09/03/2020 08:30:00 PM","Maryland (State)","UNIVERSITY BLVD W","ST PAUL ST",,"N/A","PEDESTRIAN","OTHER","CLOUDY","WET","DARK LIGHTS ON","NO CONTROLS","NONE DETECTED","NONE DETECTED","E7B4F333-12BA-44B3-87AC-33D7A9F301EE","PEDESTRIAN","Cross/Enter at Intersection","NO IMPROPER ACTIONS","ON ROADWAY AT CROSSWALK","No","SUSPECTED SERIOUS INJURY","NONE","38.99764383","-77.10979817","    (38.99764383, -77.10979817)"
"MCP271700SD","200034582","Montgomery County Police","Injury Crash","09/03/2020 08:30:00 PM","Maryland (State)","UNIVERSITY BLVD W","ST PAUL ST",,"N/A","PEDESTRIAN","OTHER","CLOUDY","WET","DARK LIGHTS ON","NO CONTROLS","NONE DETECTED","NONE DETECTED","AB9C199A-21B0-4919-97C4-99FC5E83E4EF","PEDESTRIAN","Cross/Enter at Intersection","NO IMPROPER ACTIONS","ON ROADWAY AT CROSSWALK","No","SUSPECTED MINOR INJURY","NONE","38.99764383","-77.10979817","    (38.99764383, -77.10979817)"
"MCP2809004F","20034574","Montgomery County Police","Injury Crash","09/03/2020 08:20:00 PM","Maryland (State)","UNIVERSITY BLVD E","PINEY BRANCH RD",,"N/A","PEDESTRIAN","OTHER","RAINING","WET","DARK LIGHTS ON","TRAFFIC SIGNAL","N/A","N/A","F1397E41-2A21-49C1-B815-AA372749E713","PEDESTRIAN","Cross/Enter at Intersection","NO IMPROPER ACTIONS","AT INTERSECTION MARKED CROSSWALK","No","SUSPECTED SERIOUS INJURY","N/A","38.99963667","-76.99598333","    (38.99963667, -76.99598333)"
"MCP2396003L","200034356","Montgomery County Police","Property Damage Crash","09/02/2020 03:51:00 PM","County","CEDAR ST","ELLSWORTH DR",,"N/A","PEDESTRIAN","OTHER","CLEAR","DRY","DAYLIGHT","N/A","N/A","N/A","2987A2FF-7244-4A1C-80D0-68B3794CB1E7","PEDESTRIAN","Cross/Enter at Intersection","NO IMPROPER ACTIONS","ON ROADWAY AT CROSSWALK","No","NO APPARENT INJURY","NONE","38.99901713","-77.02443783","    (38.99901713, -77.02443783)"
"MCP3257000P","200034335","Montgomery County Police","Property Damage Crash","09/02/2020 01:50:00 PM","Municipality","FRIENDSHIP BLVD","N PARK AVE",,"FRIENDSHIP HEIGHTS","PEDESTRIAN","OTHER","CLEAR","DRY","DAYLIGHT","STOP SIGN","NONE DETECTED","NONE DETECTED","98716E78-8C3D-490A-9747-3BE9A2916FF3","PEDESTRIAN","Cross/Enter at Intersection","NO IMPROPER ACTIONS","AT INTERSECTION MARKED CROSSWALK","No","NO APPARENT INJURY","NONE","38.9636837","-77.08938367","    (38.9636837, -77.08938367)"
"MCP2496001R","200034185","Montgomery County Police","Injury Crash","09/02/2020 12:00:00 PM","County","DALE DR","HARTFORD AVE",,"N/A","OTHER PEDALCYCLIST","SINGLE VEHICLE","CLEAR","DRY","DAYLIGHT","OTHER","UNKNOWN","NONE DETECTED","56DDE091-A248-4002-B6E7-1FC2CE444FFA","OTHER PEDALCYCLIST","Cross/Enter at Intersection","NO IMPROPER ACTIONS","AT INTERSECTION MARKED CROSSWALK","No","POSSIBLE INJURY","NONE","38.9959156","-77.00994258","    (38.9959156, -77.00994258)"
"MCP3255000H","200034151","Montgomery County Police","Injury Crash","09/01/2020 10:30:00 AM",,,,"PARKING LOT OF MCDONALDS AT 19388 MONTGOMERY VILLAGE AVE",,"BICYCLIST","SINGLE VEHICLE","CLOUDY",,"DAYLIGHT","NO CONTROLS","NONE DETECTED","NONE DETECTED","86A3D50B-DF58-44F3-9066-23CDB76F6B81","BICYCLIST","Walking/Cycling on Sidewalk","NO IMPROPER ACTIONS","OTHER","No","SUSPECTED MINOR INJURY","NONE","39.17381667","-77.20373833","    (39.17381667, -77.20373833)"
"MCP9321003D","200034149","Montgomery County Police","Injury Crash","09/01/2020 10:25:00 AM",,,,"PARKING LOT OF 12039 GEORGIA AVE",,"PEDESTRIAN","SINGLE VEHICLE","CLOUDY",,"DAYLIGHT","NO CONTROLS","NONE DETECTED","NONE DETECTED","30A66D57-41D9-4E8D-A87A-4D77B0EBB275","PEDESTRIAN","Walking/Cycling on Sidewalk","NO IMPROPER ACTIONS","SIDEWALK","No","POSSIBLE INJURY","NONE","39.05299545","-77.04997412","    (39.05299545, -77.04997412)"
"MCP3238000T","200033959","Montgomery County Police","Injury Crash","08/30/2020 10:07:00 PM","Maryland (State)","UNIVERSITY BLVD E","LEXINGTON DR",,"N/A","BICYCLIST","SAME DIR REAR END","CLEAR","DRY","DARK LIGHTS ON","NO CONTROLS","UNKNOWN","NONE DETECTED","17454B80-6B72-46AD-B344-93B8F35E678D","BICYCLIST","Walking/Riding w/Traffic","NO IMPROPER ACTIONS","ON ROADWAY NOT AT CROSSWALK","No","SUSPECTED SERIOUS INJURY","LIGHTING","39.01932888","-77.01003382","    (39.01932888, -77.01003382)"
"EJ7860002P","200033826","Gaithersburg Police Depar","Property Damage Crash","08/29/2020 08:03:00 PM","Municipality","MEEM AVE","CHESTNUT ST",,"GAITHERSBURG","PEDESTRIAN","OTHER","CLEAR","DRY","DARK LIGHTS ON","STOP SIGN","NONE DETECTED","NONE DETECTED","33741E51-6FB2-41E7-B88E-609C5BCC2693","PEDESTRIAN","Cross/Enter at Intersection","UNKNOWN","AT INTERSECTION MARKED CROSSWALK","Unknown","NO APPARENT INJURY","NONE","39.14161835","-77.20369181","    (39.14161835, -77.20369181)"
"MCP32500009","200033537","Montgomery County Police","Injury Crash","08/27/2020 03:12:00 PM","Maryland (State)","GEORGIA AVE","HEWITT AVE",,"N/A","BICYCLIST","STRAIGHT MOVEMENT ANGLE","CLOUDY","DRY","DAYLIGHT","TRAFFIC SIGNAL","NONE DETECTED","NONE DETECTED","7497ABFD-51CD-4A10-94C4-483799889A70","BICYCLIST","Cross/Enter at Intersection","NO IMPROPER ACTIONS","AT INTERSECTION MARKED CROSSWALK","No","POSSIBLE INJURY","NONE","39.077662","-77.070716","    (39.077662, -77.070716)"
"MCP3270000B","200033405","Montgomery County Police","Injury Crash","08/26/2020 08:28:00 PM","County","HAWKESBURY LA","RANDOLPH RD",,"N/A","PEDESTRIAN","OTHER","CLEAR","DRY","DARK LIGHTS ON","N/A","NONE DETECTED","NONE DETECTED","2B1181F9-D4E8-47F7-8E53-C616272F43CB","PEDESTRIAN","Cross/Enter not at Intersection","IN ROADWAY IMPROPERLY","ON ROADWAY NOT AT CROSSWALK","Yes","SUSPECTED MINOR INJURY","NONE","39.06686167","-77.01981467","    (39.06686167, -77.01981467)"
"HA24770003","20002031","Maryland-National Capital","Injury Crash","08/25/2020 07:53:00 AM","Government","BEACH DR","WEXFORD DR",,"N/A","BICYCLIST","ANGLE MEETS RIGHT TURN","CLEAR","DRY","DAYLIGHT","STOP SIGN","NONE DETECTED","NONE DETECTED","A850809D-4628-439A-943F-F6D9A8BA2202","BICYCLIST","Walking/Riding w/Traffic","NO IMPROPER ACTIONS","AT INTERSECTION BUT NO CROSSWALK","No","POSSIBLE INJURY","MC/BIKE HELMET","39.03618719","-77.08453341","    (39.03618719, -77.08453341)"
"MCP2832005W","200033029","Montgomery County Police","Injury Crash","08/24/2020 11:52:00 AM","Maryland (State)","ROCKVILLE PIKE","LOCUST HILL RD",,"N/A","BICYCLIST","SAME DIRECTION SIDESWIPE","CLEAR","DRY","DAYLIGHT","NO CONTROLS","UNKNOWN","NONE DETECTED","562E6F34-1269-479A-925F-2D6F3F61A41D","BICYCLIST","Walking/Riding w/Traffic","NO IMPROPER ACTIONS","ON ROADWAY NOT AT CROSSWALK","No","SUSPECTED MINOR INJURY","MC/BIKE HELMET","39.009205","-77.09755833","    (39.009205, -77.09755833)"
"MCP3232001D","200032852","Montgomery County Police","Property Damage Crash","08/22/2020 06:40:00 PM","County","CASHELL RD","BOWIE MILL RD",,"N/A","PEDESTRIAN","OTHER","CLEAR","DRY","DAYLIGHT","N/A","NONE DETECTED","NONE DETECTED","B5273266-CDE9-430A-BA77-9F9B62F5D5D5","PEDESTRIAN","Standing","IN ROADWAY IMPROPERLY","ON ROADWAY NOT AT CROSSWALK","Yes","NO APPARENT INJURY","N/A","39.15479088","-77.09495999","    (39.15479088, -77.09495999)"
"MCP3243000C","200032846","Montgomery County Police","Injury Crash","08/22/2020 05:17:00 PM","County","ROCKLEDGE DR","ROCK SPRING DR",,"N/A","BICYCLIST","STRAIGHT MOVEMENT ANGLE","CLEAR","DRY","DAYLIGHT","TRAFFIC SIGNAL","NONE DETECTED","NONE DETECTED","53442B68-0BC2-45DB-BC92-1230D88DEB02","BICYCLIST","Cross/Enter at Intersection","FAILURE TO OBEY TRAFFIC SIGNS SIGNALS OR OFFICER","ON ROADWAY AT CROSSWALK","Yes","SUSPECTED MINOR INJURY","NONE","39.02691291","-77.13229168","    (39.02691291, -77.13229168)"
"MCP26250011","200032810","Montgomery County Police","Injury Crash","08/22/2020 12:23:00 PM","County","LELAND ST","BRADLEY BLVD",,"N/A","PEDESTRIAN","N/A","CLEAR","DRY","DAYLIGHT","TRAFFIC SIGNAL","NONE DETECTED","NONE DETECTED","FFD757B9-9253-4007-B403-369FCFC19C36","PEDESTRIAN","Cross/Enter not at Intersection","UNKNOWN","ON ROADWAY NOT AT CROSSWALK","Yes","SUSPECTED MINOR INJURY","N/A","38.9782613","-77.09705684","    (38.9782613, -77.09705684)"
"MCP2040001M","200032799","Montgomery County Police","Injury Crash","08/22/2020 10:30:00 AM","Maryland (State)","WHITES FERRY RD","SPATES HILL RD",,"POOLESVILLE","BICYCLIST","SAME DIRECTION RIGHT TURN","CLOUDY","DRY","DAYLIGHT","NO CONTROLS","NONE DETECTED","NONE DETECTED","FB8C0EC5-CA6C-49E4-BC7E-B1FCC9EF5B87","BICYCLIST","Cross/Enter at Intersection","UNKNOWN","SHOULDER","No","POSSIBLE INJURY","MC/BIKE HELMET","39.134165","-77.40199667","    (39.134165, -77.40199667)"
"MCP3117002N","200032718","Montgomery County Police","Property Damage Crash","08/21/2020 06:43:00 PM",,,,"PARKING LOT OF HILTON HOTEL AT 1750 ROCKVILLE PIKE",,"PEDESTRIAN","OTHER","CLEAR",,"DAYLIGHT","NO CONTROLS","NONE DETECTED","NONE DETECTED","9F96F2C6-8878-401B-941A-0E87E5C349A9","PEDESTRIAN","Walking/Cycling on Sidewalk","IMPROPER PASSING","SIDEWALK","No","NO APPARENT INJURY","NONE","39.06135819","-77.12347747","    (39.06135819, -77.12347747)"
"MCP2921003V","200032703","Montgomery County Police","Injury Crash","08/21/2020 05:09:00 PM","County","MIDDLEBROOK RD","FREDERICK RD",,"N/A","PEDESTRIAN","SINGLE VEHICLE","CLEAR","DRY","DAYLIGHT","YIELD SIGN","N/A","ILLEGAL DRUG CONTRIBUTED","2CE6BEE3-CFB6-4200-98C3-C79641367A62","PEDESTRIAN","Cross/Enter at Intersection","NO IMPROPER ACTIONS","AT INTERSECTION MARKED CROSSWALK","No","POSSIBLE INJURY","NONE","39.18061667","-77.23878833","    (39.18061667, -77.23878833)"
"MCP3122003G","200032514","Montgomery County Police","Injury Crash","08/20/2020 11:25:00 AM","Maryland (State)","GEORGIA AVE","SHOREFIELD RD",,"N/A","PEDESTRIAN","SINGLE VEHICLE","CLEAR","DRY","DAYLIGHT","TRAFFIC SIGNAL","NONE DETECTED","NONE DETECTED","5433E641-5713-4DA0-BDE0-705E3D3C3A46","PEDESTRIAN","Cross/Enter at Intersection","NO IMPROPER ACTIONS","AT INTERSECTION MARKED CROSSWALK","No","SUSPECTED MINOR INJURY","N/A","39.05288667","-77.05112","    (39.05288667, -77.05112)"