"Report Number","Local Case Number","Agency Name","ACRS Report Type","Crash Date/Time","Route Type","Road Name","Cross-Street Name","Off-Road Description","Municipality","Related Non-Motorist","Collision Type","Weather","Surface Condition","Light","Traffic Control","Driver Substance Abuse","Non-Motorist Substance Abuse","Person ID","Pedestrian Type","Pedestrian Movement","Pedestrian Actions","Pedestrian Location","At Fault","Injury Severity","Safety Equipment","Latitude","Longitude","Location"
"MCP2750004V","200016263","Montgomery County Police","Injury Crash","04/17/2020 09:35:00 AM",,,,"12313 GEORGIA AVE",,"PEDESTRIAN","STRAIGHT MOVEMENT ANGLE","CLEAR",,"DAYLIGHT","NO CONTROLS","NONE DETECTED","NONE DETECTED","9CDABA14-1A2B-4247-B97C-D0985BD01B04","PEDESTRIAN","Walking/Cycling on Sidewalk","NO IMPROPER ACTIONS","SIDEWALK","No","SUSPECTED MINOR INJURY","NONE","39.05927333","-77.04997333","    (39.05927333, -77.04997333)"
"MCP3226000J","200016137","Montgomery County Police","Injury Crash","04/15/2020 02:00:00 PM",,,,"PARKING LOT AT ALDI. 2223 BEL PRE RD, SILVER SPRING, MD 20906",,"PEDESTRIAN","SINGLE VEHICLE","CLEAR",,"DAYLIGHT","NO CONTROLS","UNKNOWN","N/A","E6FDB5F3-2843-4C04-B966-B8A7084F0FC9","PEDESTRIAN","Standing","NO IMPROPER ACTIONS","OTHER","No","SUSPECTED MINOR INJURY","NONE","39.09163296","-77.0472753","    (39.09163296, -77.0472753)"
"MCP30240020","200016011","Montgomery County Police","Injury Crash","04/14/2020 03:46:00 PM","County","SKYLARK RD","SYCAMORE FARM DR",,"N/A","BICYCLIST","SINGLE VEHICLE","CLEAR","N/A","DAYLIGHT","NO CONTROLS","N/A","N/A","A6613128-F4BF-4667-B438-E1CD1B405E95","BICYCLIST","Cross/Enter at Intersection","FAILURE TO YIELD RIGHT OF WAY","ON ROADWAY AT CROSSWALK","Yes","SUSPECTED SERIOUS INJURY","MC/BIKE HELMET","39.23808062","-77.25151427","    (39.23808062, -77.25151427)"
"MCP3038004N","200015789","Montgomery County Police","Property Damage Crash","04/13/2020 04:38:00 PM","County","CRESTMOOR DR","EASTMOOR DR",,"N/A","OTHER","OTHER","CLEAR","DRY","DAYLIGHT","NO CONTROLS","N/A","N/A","329D54E9-A33E-4C28-8679-47420C3D7E45","OTHER","Cross/Enter at Intersection","DART DASH","ON ROADWAY NOT AT CROSSWALK","Yes","NO APPARENT INJURY","MC/BIKE HELMET","39.02700987","-77.0083001","    (39.02700987, -77.0083001)"
"MCP2436009S","200015770","Montgomery County Police","Injury Crash","04/12/2020 12:50:00 PM","US (State)","COLESVILLE RD","UNIVERSITY BLVD E",,"N/A","BICYCLIST","STRAIGHT MOVEMENT ANGLE","CLEAR","DRY","DAYLIGHT","TRAFFIC SIGNAL","NONE DETECTED","NONE DETECTED","3E75178E-4B0B-4D5D-B133-1806960462BC","BICYCLIST","Cross/Enter at Intersection","FAILURE TO OBEY TRAFFIC SIGNS SIGNALS OR OFFICER","ON ROADWAY AT CROSSWALK","Yes","SUSPECTED MINOR INJURY","NONE","39.02032231","-77.01283235","    (39.02032231, -77.01283235)"
"MCP2182002C","200015489","Montgomery County Police","Injury Crash","04/09/2020 06:30:00 AM","County","BEL PRE RD","CONNECTICUT AVE",,"N/A","PEDESTRIAN","N/A","RAINING","WET","DAWN","TRAFFIC SIGNAL","NONE DETECTED","NONE DETECTED","4A1116D7-5886-4B02-986B-2CF4E53F7D11","PEDESTRIAN","Cross/Enter at Intersection","NO IMPROPER ACTIONS","ON ROADWAY AT CROSSWALK","Unknown","POSSIBLE INJURY","NONE","39.09193329","-77.07034303","    (39.09193329, -77.07034303)"
"MCP30990025","200014974","Montgomery County Police","Injury Crash","04/04/2020 10:17:00 AM","County","RIDGE RD","OBSERVATION DR",,"N/A","PEDESTRIAN","OTHER","CLEAR","DRY","DAYLIGHT","TRAFFIC SIGNAL","NONE DETECTED","NONE DETECTED","77B30705-2349-47B2-A050-FB13228DD6BB","PEDESTRIAN","Cross/Enter at Intersection","NO IMPROPER ACTIONS","ON ROADWAY AT CROSSWALK","No","SUSPECTED MINOR INJURY","N/A","39.20184629","-77.25305357","    (39.20184629, -77.25305357)"
"MCP29630023","200014925","Montgomery County Police","Injury Crash","04/03/2020 06:11:00 PM","County","ROTHBURY DR","ARROWHEAD RD",,"N/A","PEDESTRIAN","SINGLE VEHICLE","CLEAR","DRY","DAYLIGHT","STOP SIGN","NONE DETECTED","NONE DETECTED","6ED92AC6-708D-4598-AC49-3D2EC6305F75","PEDESTRIAN","Cross/Enter at Intersection","NO IMPROPER ACTIONS","AT INTERSECTION MARKED CROSSWALK","No","POSSIBLE INJURY","NONE","39.18522333","-77.19406","    (39.18522333, -77.19406)"
"MCP12130056","200014841","Montgomery County Police","Injury Crash","04/02/2020 08:20:00 PM","Maryland (State)","NEW HAMPSHIRE AVE","RANDOLPH RD",,"N/A","PEDESTRIAN","STRAIGHT MOVEMENT ANGLE","CLEAR","DRY","DARK LIGHTS ON","TRAFFIC SIGNAL","NONE DETECTED","UNKNOWN","613DD17C-BCBD-41E8-9297-96D115FDE8E0","PEDESTRIAN","Cross/Enter at Intersection","FAILURE TO YIELD RIGHT OF WAY","ON ROADWAY AT CROSSWALK","Yes","POSSIBLE INJURY","NONE","39.07605333","-77.00231833","    (39.07605333, -77.00231833)"
"MCP3215000N","200014392","Montgomery County Police","Injury Crash","03/29/2020 01:01:00 PM","County","GREENTREE RD","GRANT ST",,"N/A","BICYCLIST","STRAIGHT MOVEMENT ANGLE","CLOUDY","DRY","DAYLIGHT","STOP SIGN","NONE DETECTED","NONE DETECTED","3F49C4C3-E4EB-44DA-90F8-DC787E27A287","BICYCLIST","Cross/Enter at Intersection","FAILURE TO OBEY TRAFFIC SIGNS SIGNALS OR OFFICER","AT INTERSECTION BUT NO CROSSWALK","Yes","SUSPECTED MINOR INJURY","MC/BIKE HELMET","38.991875","-77.098015","    (38.991875, -77.098015)"
"MCP2639009D","200014171","Montgomery County Police","Injury Crash","03/27/2020 11:07:00 AM","County","ARCOLA AVE","OREBAUGH AVE",,"N/A","OTHER","SAME DIRECTION SIDESWIPE","CLEAR","DRY","DAYLIGHT","PERSON","NONE DETECTED","NONE DETECTED","60D84645-28D2-4CE9-A8BF-702529E7B85E","OTHER","Standing","NO IMPROPER ACTIONS","ON ROADWAY NOT AT CROSSWALK","No","POSSIBLE INJURY","NONE","39.047205","-77.036575","    (39.047205, -77.036575)"
"MCP3237000G","200013398","Montgomery County Police","Injury Crash","03/20/2020 02:39:00 PM",,"PORTSIDE CT","FALLBROOK CT",,"N/A","PEDESTRIAN","SINGLE VEHICLE","CLEAR","DRY","DAYLIGHT","NO CONTROLS","NONE DETECTED","NONE DETECTED","8D4A634C-FDD0-47C5-87AF-4A8734AF57CA","PEDESTRIAN","Getting off/on Vehicle","ENTERING EXITING PARKED STANDING VEHICLE","ON ROADWAY NOT AT CROSSWALK","Yes","SUSPECTED SERIOUS INJURY","NONE","39.14381833","-77.184915","    (39.14381833, -77.184915)"
"EJ7847002D","200013331","Gaithersburg Police Depar","Injury Crash","03/19/2020 08:00:00 PM","Maryland (State)","QUINCE ORCHARD RD","GREAT SENECA HWY",,"N/A","BICYCLIST","STRAIGHT MOVEMENT ANGLE","RAINING","WET","DARK LIGHTS ON","TRAFFIC SIGNAL","N/A","NONE DETECTED","4005E3FD-517A-4963-B086-0737BC0BE74C","BICYCLIST","Cross/Enter at Intersection","UNKNOWN","AT INTERSECTION MARKED CROSSWALK","Unknown","SUSPECTED MINOR INJURY","NONE","39.12853456","-77.2376771","    (39.12853456, -77.2376771)"
"DD5643000L","200013298","Rockville Police Departme","Injury Crash","03/19/2020 03:24:00 PM","Maryland (State)","ROCKVILLE PIKE","EDMONSTON DR",,"ROCKVILLE","PEDESTRIAN","STRAIGHT MOVEMENT ANGLE","N/A","DRY","DAYLIGHT","STOP SIGN","NONE DETECTED","NONE DETECTED","D3F7C1F1-1CEA-4C69-B6E2-0C9ADCF5E4F8","PEDESTRIAN","Walking/Cycling on Sidewalk","N/A","SIDEWALK","Unknown","POSSIBLE INJURY","NONE","39.07531982","-77.13715639","    (39.07531982, -77.13715639)"
"MCP2899003G","200013272","Montgomery County Police","Fatal Crash","03/19/2020 12:26:00 PM","Maryland (State)","NEW HAMPSHIRE AVE","MCCENEY AVE",,"N/A","PEDESTRIAN","SINGLE VEHICLE","CLEAR","DRY","DAYLIGHT","NO CONTROLS","NONE DETECTED","UNKNOWN","93E83C00-B575-42DC-9960-B9324E5892C1","PEDESTRIAN","Walking/Cycling on Sidewalk","UNKNOWN","SIDEWALK","No","FATAL INJURY","N/A","39.0359935","-76.98895157","    (39.0359935, -76.98895157)"
"DD56420015","200012727","Rockville Police Departme","Injury Crash","03/15/2020 12:25:00 PM","Maryland (State)","ROCKVILLE PIKE","CHURCH ST",,"ROCKVILLE","PEDESTRIAN","OTHER","CLEAR","DRY","DAYLIGHT","TRAFFIC SIGNAL","NONE DETECTED","NONE DETECTED","D38DB6E1-B338-4FB6-825C-748701308AAB","PEDESTRIAN","Cross/Enter at Intersection","NO IMPROPER ACTIONS","AT INTERSECTION MARKED CROSSWALK","No","SUSPECTED MINOR INJURY","N/A","39.08348","-77.1466135","    (39.08348, -77.1466135)"
"MCP0942002X","200012705","Montgomery County Police","Injury Crash","03/15/2020 09:55:00 AM",,,,"GIANT FOOD LOT-7142 ARLINGTON RD",,"PEDESTRIAN","SINGLE VEHICLE","CLOUDY",,"DAYLIGHT","N/A","NONE DETECTED","NONE DETECTED","CBD1707A-9E69-43D7-B0A9-DF1E07864A1A","PEDESTRIAN","Other","NO IMPROPER ACTIONS","OTHER","No","SUSPECTED MINOR INJURY","NONE","38.98124935","-77.09873055","    (38.98124935, -77.09873055)"
"MCP2748001K","200012673","Montgomery County Police","Property Damage Crash","03/14/2020 11:35:00 PM","County","SCHUYLKILL RD","WYACONDA RD",,"N/A","PEDESTRIAN","SINGLE VEHICLE","RAINING","WET","DARK LIGHTS ON","NO CONTROLS","NONE DETECTED","NONE DETECTED","808ACAB2-311E-416B-BC12-9549542099CB","PEDESTRIAN","Cross/Enter at Intersection","NO IMPROPER ACTIONS","AT INTERSECTION MARKED CROSSWALK","No","NO APPARENT INJURY","N/A","39.0450555","-77.097582","    (39.0450555, -77.097582)"
"MCP28660067","200012623","Montgomery County Police","Injury Crash","03/14/2020 04:55:00 PM","County","MILLER AVE","WOODMONT AVE",,"N/A","PEDESTRIAN","SINGLE VEHICLE","CLOUDY","DRY","DAYLIGHT","STOP SIGN","NONE DETECTED","NONE DETECTED","837BBA35-39C6-4C01-BB18-5A17656A5FE5","PEDESTRIAN","Cross/Enter at Intersection","NO IMPROPER ACTIONS","ON ROADWAY AT CROSSWALK","No","SUSPECTED MINOR INJURY","NONE","38.98043217","-77.09411517","    (38.98043217, -77.09411517)"
"EJ7837004Z","20012459","Gaithersburg Police Depar","Injury Crash","03/13/2020 06:30:00 PM",,,,"DRIVEWAY OF 302 SUMMIT HALL RD",,"PEDESTRIAN","SINGLE VEHICLE","CLEAR",,"DUSK","NO CONTROLS","N/A","N/A","E7E95277-1D2A-46BA-9FE7-065C7D828A46","PEDESTRIAN","Walking/Cycling on Sidewalk","N/A","SIDEWALK","No","SUSPECTED MINOR INJURY","NONE","39.12967272","-77.19785541","    (39.12967272, -77.19785541)"
"MCP3039004X","200012439","Montgomery County Police","Injury Crash","03/13/2020 04:30:00 PM",,,,"CAR WASH LOCATED AT 9500 GEORGIA AVENUE",,"PEDESTRIAN","OTHER","CLEAR",,"DAYLIGHT","N/A","NONE DETECTED","NONE DETECTED","D4F5FABE-FD18-4FF5-AA2B-34374C45D2EA","PEDESTRIAN","Push/Work on Vehicle","ENTERING EXITING PARKED STANDING VEHICLE","OTHER","No","SUSPECTED MINOR INJURY","NONE","39.23341833","-77.28181167","    (39.23341833, -77.28181167)"
"MCP28460060","200012271","Montgomery County Police","Injury Crash","03/12/2020 07:11:00 PM",,,,"12041 GEORGIA AVE, SILVER SPRING MD 20902 (M&T BANK)",,"BICYCLIST","OTHER","CLEAR",,"DARK LIGHTS ON","NO CONTROLS","NONE DETECTED","NONE DETECTED","19935F86-1FFD-45AC-B67A-013A6D01A020","BICYCLIST","Walking/Cycling on Sidewalk","NO IMPROPER ACTIONS","SIDEWALK","No","POSSIBLE INJURY","NONE","39.05261833","-77.05063667","    (39.05261833, -77.05063667)"
"MCP3080002K","200012073","Montgomery County Police","Injury Crash","03/12/2020 06:31:00 PM","County","MIDDLEBROOK RD","CRYSTAL ROCK DR",,"N/A","BICYCLIST","N/A","CLEAR","DRY","DAYLIGHT","TRAFFIC SIGNAL","NONE DETECTED","N/A","FCCD6E79-8D0A-4FE4-B215-75E1CBA68449","BICYCLIST","Cross/Enter at Intersection","N/A","AT INTERSECTION MARKED CROSSWALK","No","POSSIBLE INJURY","NONE","39.17686072","-77.26440422","    (39.17686072, -77.26440422)"
"MCP3112004F","200012211","Montgomery County Police","Injury Crash","03/12/2020 02:45:00 PM","County","PEARL ST","MIDDLETON LA",,"N/A","PEDESTRIAN","OTHER","CLEAR","DRY","DAYLIGHT","N/A","NONE DETECTED","NONE DETECTED","7F1C1E8E-D8D0-4FE1-A8D8-A8A03D9C71FF","PEDESTRIAN","Cross/Enter at Intersection","DART DASH","ON ROADWAY NOT AT CROSSWALK","Yes","POSSIBLE INJURY","N/A","38.98663917","-77.09141083","    (38.98663917, -77.09141083)"
"MCP31090047","200012150","Montgomery County Police","Injury Crash","03/12/2020 08:52:00 AM","Other Public Roadway","PERSHING DR","WAYNE AVE",,"N/A","PEDESTRIAN","SINGLE VEHICLE","CLEAR","DRY","DAYLIGHT","NO CONTROLS","UNKNOWN","NONE DETECTED","C4165AF2-8BEE-45BD-A0E2-F9092FC1E35D","PEDESTRIAN","Walking/Riding w/Traffic","NO IMPROPER ACTIONS","ON ROADWAY NOT AT CROSSWALK","Unknown","POSSIBLE INJURY","N/A","38.99387884","-77.02615967","    (38.99387884, -77.02615967)"
"MCP1334009Q","200012143","Montgomery County Police","Injury Crash","03/12/2020 06:40:00 AM","County","WATKINS MILL RD","STEDWICK RD",,"N/A","PEDESTRIAN","SINGLE VEHICLE","CLOUDY","DRY","DARK LIGHTS ON","TRAFFIC SIGNAL","NONE DETECTED","NONE DETECTED","354826EB-5C40-4B51-AFD7-2FEB63190568","PEDESTRIAN","Cross/Enter at Intersection","NO IMPROPER ACTIONS","ON ROADWAY AT CROSSWALK","No","SUSPECTED MINOR INJURY","NONE","39.17052237","-77.20891844","    (39.17052237, -77.20891844)"
"MCP3227000L","200011964","Montgomery County Police","Injury Crash","03/11/2020 10:30:00 AM","Maryland (State)","NEW HAMPSHIRE AVE","ELTON RD",,"N/A","PEDESTRIAN","OTHER","CLEAR","DRY","DAYLIGHT","N/A","NONE DETECTED","NONE DETECTED","7DC9ABDD-F7F2-431B-A906-A45096365118","PEDESTRIAN","Cross/Enter not at Intersection","DART DASH","ON ROADWAY NOT AT CROSSWALK","Yes","SUSPECTED MINOR INJURY","NONE","39.02117917","-76.976922","    (39.02117917, -76.976922)"
"MCP2937003Q","200011898","Montgomery County Police","Injury Crash","03/10/2020 10:07:00 PM","County","RIPLEY ST","GEORGIA AVE",,"N/A","PEDESTRIAN","SINGLE VEHICLE","CLEAR","DRY","DARK LIGHTS ON","NO CONTROLS","NONE DETECTED","NONE DETECTED","BDF5FC7D-2921-41E4-BDAD-05019F4264F5","PEDESTRIAN","Cross/Enter at Intersection","NO IMPROPER ACTIONS","ON ROADWAY AT CROSSWALK","No","POSSIBLE INJURY","N/A","38.99248381","-77.0268105","    (38.99248381, -77.0268105)"
"MCP3232000J","200011852","Montgomery County Police","Injury Crash","03/10/2020 06:29:00 PM",,,,"DRIVE WAY ACCESS TO 2305 SHORFIELD RD.",,"OTHER PEDALCYCLIST","STRAIGHT MOVEMENT ANGLE","N/A",,"DAYLIGHT","N/A","NONE DETECTED","NONE DETECTED","2D628B5C-0719-45D2-8C5F-242B5D6837EC","OTHER PEDALCYCLIST","N/A","N/A","SIDEWALK","No","SUSPECTED MINOR INJURY","N/A","39.05302332","-77.0501063","    (39.05302332, -77.0501063)"
"MCP209400G7","200011663","Montgomery County Police","Injury Crash","03/09/2020 05:54:00 PM","County","DECATUR AVE","CONNECTICUT AVE",,"N/A","BICYCLIST","OTHER","CLEAR","DRY","DAYLIGHT","STOP SIGN","NONE DETECTED","NONE DETECTED","57C43C20-F27E-4179-A61C-0C5DB5A596A1","BICYCLIST","Cross/Enter at Intersection","NO IMPROPER ACTIONS","ON ROADWAY AT CROSSWALK","No","SUSPECTED MINOR INJURY","MC/BIKE HELMET","39.03390667","-77.07517167","    (39.03390667, -77.07517167)"
"MCP27670080","200011863","Montgomery County Police","Injury Crash","03/09/2020 02:00:00 PM",,,,"DRIVEWAY TO RANDOLPH ROAD FROM PARKING LOT OF 17 RANDOLPH ROAD, SILVER SPRING MD 20904",,"PEDESTRIAN","SINGLE VEHICLE","CLEAR",,"DAYLIGHT","NO CONTROLS","UNKNOWN","UNKNOWN","928B3D98-FC73-4EE2-B2DC-9D8FCC8C47A0","PEDESTRIAN","Cross/Enter at Intersection","NO IMPROPER ACTIONS","DRIVEWAY ACCESS MARKED CROSSWALK","No","SUSPECTED MINOR INJURY","NONE","39.07585768","-77.00238284","    (39.07585768, -77.00238284)"
"MCP106400B0","200011578","Montgomery County Police","Injury Crash","03/09/2020 11:23:00 AM","Maryland (State)","UNIVERSITY BLVD E","PINEY BRANCH RD",,"N/A","PEDESTRIAN","OTHER","CLEAR","DRY","DAYLIGHT","N/A","N/A","N/A","FB0A720F-B2C5-4550-A79C-16EA748AA212","PEDESTRIAN","Standing","NO IMPROPER ACTIONS","SIDEWALK","No","SUSPECTED SERIOUS INJURY","N/A","39.00060833","-76.99547833","    (39.00060833, -76.99547833)"
"EJ7777002B","200011450","Gaithersburg Police Depar","Injury Crash","03/08/2020 03:22:00 PM",,,,"PARKING LOT OF 880 RUSSELL AVE",,"PEDESTRIAN","OTHER","CLEAR",,"DAYLIGHT","N/A","NONE DETECTED","NONE DETECTED","A50A9363-1E07-4812-8028-257B345CE32B","PEDESTRIAN","Other Working","N/A","OTHER","No","POSSIBLE INJURY","N/A","39.15644596","-77.21360108","    (39.15644596, -77.21360108)"
"MCP1002000Y","200011326","Montgomery County Police","Injury Crash","03/07/2020 05:00:00 PM",,,,"PARKING LOT IN FRONT OF 516 N FREDERICK RD",,"PEDESTRIAN","SINGLE VEHICLE","CLEAR",,"DAYLIGHT","NO CONTROLS","NONE DETECTED","NONE DETECTED","B98C6BC0-67E3-44D6-BC39-05CA5EE766C7","PEDESTRIAN","Cross/Enter at Intersection","NO IMPROPER ACTIONS","AT INTERSECTION MARKED CROSSWALK","No","POSSIBLE INJURY","NONE","39.14788","-77.2091","    (39.14788, -77.2091)"
"MCP1002000Y","200011326","Montgomery County Police","Injury Crash","03/07/2020 05:00:00 PM",,,,"PARKING LOT IN FRONT OF 516 N FREDERICK RD",,"PEDESTRIAN","SINGLE VEHICLE","CLEAR",,"DAYLIGHT","NO CONTROLS","NONE DETECTED","NONE DETECTED","F0DEDF6A-418A-4A51-86B5-F9463E3722E9","PEDESTRIAN","Cross/Enter at Intersection","N/A","AT INTERSECTION MARKED CROSSWALK","No","NO APPARENT INJURY","NONE","39.14788","-77.2091","    (39.14788, -77.2091)"
"MCP31430025","200011071","Montgomery County Police","Injury Crash","03/06/2020 09:10:00 AM","Maryland (State)","ROCKVILLE PIKE","MARINELLI RD",,"N/A","PEDESTRIAN","SINGLE VEHICLE","CLEAR","DRY","DAYLIGHT","TRAFFIC SIGNAL","NONE DETECTED","NONE DETECTED","3C909705-698A-4586-B904-837E6A7ABA38","PEDESTRIAN","Cross/Enter at Intersection","NO IMPROPER ACTIONS","ON ROADWAY AT CROSSWALK","No","POSSIBLE INJURY","NONE","39.04674","-77.11301333","    (39.04674, -77.11301333)"
"DM8477000M","200010750","Takoma Park Police Depart","Injury Crash","03/04/2020 10:59:00 AM",,,,"PARKING LOT OF 7-11 LOCATED @ 900 MERRIMAC DRIVE TAKOMA PARK MD 20912",,"PEDESTRIAN","OTHER","CLEAR",,"DAYLIGHT","N/A","NONE DETECTED","NONE DETECTED","221C4D27-9A45-44AF-B456-1CF9BC5B2C16","PEDESTRIAN","Other","NOT VISIBLE","OTHER","Unknown","POSSIBLE INJURY","N/A","38.992468","-76.992599","    (38.992468, -76.992599)"
"MCP3206001Q","200010739","Montgomery County Police","Injury Crash","03/04/2020 08:05:00 AM","Maryland (State)","PINEY BRANCH RD","POTOMAC AVE",,"N/A","PEDESTRIAN","SINGLE VEHICLE","CLEAR","DRY","DAYLIGHT","OTHER","UNKNOWN","N/A","735F95E1-F824-4BE1-801D-33BB7C1613B6","PEDESTRIAN","Walking to/from school","N/A","ON ROADWAY AT CROSSWALK","No","POSSIBLE INJURY","N/A","38.98662524","-77.01347558","    (38.98662524, -77.01347558)"
"MCP229800R2","200010640","Montgomery County Police","Injury Crash","03/03/2020 06:36:00 PM",,,,"19707 GERMANTOWN ROAD, DRIVE WAY AREA OF BANK OF AMERICA",,"PEDESTRIAN","SINGLE VEHICLE","RAINING",,"DARK LIGHTS ON","STOP SIGN","NONE DETECTED","NONE DETECTED","5F244E14-0E37-4807-923F-DAC403CB535A","PEDESTRIAN","Other","UNKNOWN","OTHER","Unknown","POSSIBLE INJURY","NONE","39.17858393","-77.26645455","    (39.17858393, -77.26645455)"
"MCP3217000F","200010643","Montgomery County Police","Injury Crash","03/03/2020 06:30:00 PM",,,,"ONE WAY PRIVATE ALLEY BEHIND 12940 MIDDLEBROOK ROAD, GERMANTOWN, MD 20874",,"PEDESTRIAN","HEAD ON LEFT TURN","CLEAR",,"DUSK","NO CONTROLS","UNKNOWN","NONE DETECTED","C1B6767E-70AA-4D5F-8430-6DA6EE453EAD","PEDESTRIAN","Other","IN ROADWAY IMPROPERLY","ON ROADWAY NOT AT CROSSWALK","No","SUSPECTED MINOR INJURY","NONE","39.17955","-77.27135333","    (39.17955, -77.27135333)"
"MCP31090045","200010517","Montgomery County Police","Injury Crash","03/03/2020 08:05:00 AM","Maryland (State)","EAST WEST HWY","NOAA BUILDING 1",,"N/A","BICYCLIST","STRAIGHT MOVEMENT ANGLE","CLEAR","DRY","DAYLIGHT","NO CONTROLS","NONE DETECTED","NONE DETECTED","E476A92E-C922-47AB-B530-3496FEC05C62","BICYCLIST","Walking/Riding w/Traffic","NO IMPROPER ACTIONS","SHOULDER","No","POSSIBLE INJURY","MC/BIKE HELMET","38.9920205","-77.03062467","    (38.9920205, -77.03062467)"
"MCP2971005F","200010438","Montgomery County Police","Property Damage Crash","03/02/2020 04:00:00 PM",,,,"PARKING LOT IN FRONT OF 18418 STONE HOLLOW DRIVE, GERMANTOWN, MD 20874",,"PEDESTRIAN","SAME DIRECTION SIDESWIPE","CLOUDY",,"DAYLIGHT","NO CONTROLS","ALCOHOL PRESENT","NONE DETECTED","B576D6FE-4571-4370-BB6D-185FA92EFD31","PEDESTRIAN","Standing","ENTERING EXITING PARKED STANDING VEHICLE","OTHER","No","NO APPARENT INJURY","NONE","39.15820167","-77.2683","    (39.15820167, -77.2683)"
"MCP2475004W","200010420","Montgomery County Police","Injury Crash","03/02/2020 03:15:00 PM","County","DENNIS AVE","SLIGO CREEK PKWY",,"N/A","BICYCLIST","OTHER","N/A","DRY","DAYLIGHT","N/A","NONE DETECTED","NONE DETECTED","243093DA-E172-4BBD-A166-3E850333A5A2","BICYCLIST","Cross/Enter not at Intersection","NO IMPROPER ACTIONS","ON ROADWAY AT CROSSWALK","No","SUSPECTED MINOR INJURY","MC/BIKE HELMET","39.02432","-77.03063667","    (39.02432, -77.03063667)"
"MCP2466003F","200010139","Montgomery County Police","Injury Crash","02/29/2020 05:00:00 PM","Maryland (State)","NEW HAMPSHIRE AVE","E RANDOLPH RD",,"N/A","BICYCLIST","STRAIGHT MOVEMENT ANGLE","CLEAR","DRY","DAYLIGHT","NO CONTROLS","NONE DETECTED","NONE DETECTED","37E21522-7F0F-47C2-80A5-7A149CCC1DB4","BICYCLIST","Walking/Riding against Traffic","UNKNOWN","SIDEWALK","Unknown","POSSIBLE INJURY","NONE","39.07640488","-77.00166139","    (39.07640488, -77.00166139)"
"MCP2853007B","200009971","Montgomery County Police","Injury Crash","02/28/2020 06:10:00 PM","County","ELTON RD","NEW HAMPSHIRE AVE",,"N/A","PEDESTRIAN","OTHER","CLEAR","DRY","DARK LIGHTS ON","TRAFFIC SIGNAL","N/A","N/A","BEDC1FC8-7D06-4F7D-99B7-A829CF77B0C9","PEDESTRIAN","Cross/Enter at Intersection","NO IMPROPER ACTIONS","AT INTERSECTION MARKED CROSSWALK","No","NO APPARENT INJURY","N/A","39.021095","-76.976515","    (39.021095, -76.976515)"
"MCP2853007B","200009971","Montgomery County Police","Injury Crash","02/28/2020 06:10:00 PM","County","ELTON RD","NEW HAMPSHIRE AVE",,"N/A","PEDESTRIAN","OTHER","CLEAR","DRY","DARK LIGHTS ON","TRAFFIC SIGNAL","N/A","N/A","F058DD44-9F12-4874-AF8A-AA6A57B36DEF","PEDESTRIAN","Cross/Enter at Intersection","NO IMPROPER ACTIONS","AT INTERSECTION MARKED CROSSWALK","No","SUSPECTED MINOR INJURY","N/A","39.021095","-76.976515","    (39.021095, -76.976515)"
"MCP3218000F","200009907","Montgomery County Police","Injury Crash","02/28/2020 12:45:00 PM","County","KEMP MILL RD","ARCOLA AVE",,"N/A","PEDESTRIAN","SINGLE VEHICLE","CLEAR","DRY","DAYLIGHT","NO CONTROLS","NONE DETECTED","N/A","6F304018-78A5-4E02-8F51-C73915D38462","PEDESTRIAN","Cross/Enter not at Intersection","IN ROADWAY IMPROPERLY","ON ROADWAY NOT AT CROSSWALK","Yes","SUSPECTED MINOR INJURY","NONE","39.04683667","-77.03076667","    (39.04683667, -77.03076667)"
"MCP31090044","200009869","Montgomery County Police","Injury Crash","02/28/2020 07:15:00 AM","County","BLAIR RD","JUNIPER ST",,"N/A","BICYCLIST","SAME DIRECTION SIDESWIPE","CLEAR","DRY","DAWN","NO CONTROLS","UNKNOWN","NONE DETECTED","4315D9D7-5094-469B-9FBC-CAF50B8486A3","BICYCLIST","Walking/Riding w/Traffic","NO IMPROPER ACTIONS","ON ROADWAY NOT AT CROSSWALK","No","SUSPECTED MINOR INJURY","MC/BIKE HELMET","38.98270633","-77.02251933","    (38.98270633, -77.02251933)"
"HA24750004","20000530","Maryland-National Capital","Property Damage Crash","02/27/2020 07:45:00 AM","County","PINEHURST PKWY","BEACH DR",,"N/A","BICYCLIST","OTHER","N/A","DRY","DAYLIGHT","OTHER","UNKNOWN","NONE DETECTED","018BFCB2-A55D-4B4F-ACBE-34B99D6CC18A","BICYCLIST","Cross/Enter at Intersection","UNKNOWN","AT INTERSECTION MARKED CROSSWALK","Unknown","NO APPARENT INJURY","UNKNOWN","38.98509008","-77.05971297","    (38.98509008, -77.05971297)"
"MCP3232000F","200009619","Montgomery County Police","Property Damage Crash","02/26/2020 06:49:00 PM","County","BUSHEY DR","RANDOLPH RD",,"N/A","PEDESTRIAN","OTHER","RAINING","WET","DARK LIGHTS ON","N/A","N/A","N/A","7B2061AB-6513-4FB9-82F2-2BD4F0DD2A04","PEDESTRIAN","Cross/Enter at Intersection","NO IMPROPER ACTIONS","AT INTERSECTION MARKED CROSSWALK","No","NO APPARENT INJURY","N/A","39.05764833","-77.077665","    (39.05764833, -77.077665)"
"MCP271700RV","200009595","Montgomery County Police","Injury Crash","02/26/2020 04:22:00 PM","County","WILLARD AVE","SHOEMAKER FARM LA",,"FRIENDSHIP HEIGHTS","PEDESTRIAN","OTHER","CLEAR","DRY","DAYLIGHT","OTHER","NONE DETECTED","NONE DETECTED","8834AC6A-2AB8-42A4-9C81-26D4ED83249E","PEDESTRIAN","Cross/Enter at Intersection","NO IMPROPER ACTIONS","ON ROADWAY AT CROSSWALK","No","SUSPECTED SERIOUS INJURY","NONE","38.96250683","-77.09145617","    (38.96250683, -77.09145617)"
"DD5643000F","200009484","Rockville Police Departme","Injury Crash","02/26/2020 06:30:00 AM","Municipality","N STONESTREET AVE","WOODLAND RD",,"ROCKVILLE","PEDESTRIAN","SAME DIRECTION LEFT TURN","RAINING","WET","DARK NO LIGHTS","NO CONTROLS","NONE DETECTED","NONE DETECTED","032525B6-3762-4EB7-BE44-CFE285EAFA24","PEDESTRIAN","Other","N/A","ON ROADWAY NOT AT CROSSWALK","No","POSSIBLE INJURY","NONE","39.08740547","-77.14781177","    (39.08740547, -77.14781177)"