"Report Number","Local Case Number","Agency Name","ACRS Report Type","Crash Date/Time","Route Type","Road Name","Cross-Street Name","Off-Road Description","Municipality","Related Non-Motorist","Collision Type","Weather","Surface Condition","Light","Traffic Control","Driver Substance Abuse","Non-Motorist Substance Abuse","Person ID","Pedestrian Type","Pedestrian Movement","Pedestrian Actions","Pedestrian Location","At Fault","Injury Severity","Safety Equipment","Latitude","Longitude","Location"
"MCP2446004Y","200009410","Montgomery County Police","Injury Crash","02/25/2020 06:16:00 PM","Maryland (State)","WOODFIELD RD","ROLLING FORK DR",,"N/A","PEDESTRIAN","OTHER","FOGGY","WET","DARK LIGHTS ON","NO CONTROLS","NONE DETECTED","NONE DETECTED","C577C33A-F811-4249-9F55-CD17805278A5","PEDESTRIAN","Cross/Enter at Intersection","NOT VISIBLE","ON ROADWAY NOT AT CROSSWALK","Yes","POSSIBLE INJURY","NONE","39.25043585","-77.19462441","    (39.25043585, -77.19462441)"
"MCP2992002T","200009229","Montgomery County Police","Injury Crash","02/24/2020 06:35:00 PM",,,,"DRIVEWAY OF 13625 NORTH GATE DR",,"PEDESTRIAN","OTHER","N/A",,"DARK LIGHTS ON","N/A","NONE DETECTED","N/A","29BB7FCB-8831-4BD3-9E3D-95C50ABC40FE","PEDESTRIAN","Other","NO IMPROPER ACTIONS","OTHER","No","SUSPECTED MINOR INJURY","N/A","39.082715","-77.048455","    (39.082715, -77.048455)"
"MCP9311002T","200009112","Montgomery County Police","Injury Crash","02/24/2020 09:02:00 AM","County","BRICKYARD RD","RIVER FALLS DR",,"N/A","PEDESTRIAN","STRAIGHT MOVEMENT ANGLE","CLEAR","N/A","DAYLIGHT","STOP SIGN","NONE DETECTED","NONE DETECTED","22B0FF85-3C50-4B1B-932D-B36D14ABD4E9","PEDESTRIAN","Getting off/on Vehicle","NO IMPROPER ACTIONS","OTHER","Yes","SUSPECTED MINOR INJURY","NONE","38.99385667","-77.21483333","    (38.99385667, -77.21483333)"
"MCP1491001V","200009003","Montgomery County Police","Injury Crash","02/23/2020 12:04:00 PM","County","SEVEN LOCKS RD","GOYA DR",,"N/A","BICYCLIST","SINGLE VEHICLE","CLEAR","DRY","DAYLIGHT","NO CONTROLS","NONE DETECTED","NONE DETECTED","068FF380-B367-4964-A2D5-C85B88A92498","BICYCLIST","Walking/Riding w/Traffic","NO IMPROPER ACTIONS","ON ROADWAY NOT AT CROSSWALK","No","SUSPECTED SERIOUS INJURY","MC/BIKE HELMET","39.05562168","-77.16217279","    (39.05562168, -77.16217279)"
"MCP2937003N","200008940","Montgomery County Police","Injury Crash","02/22/2020 11:21:00 PM","County","MAYOR LA","THAYER AVE",,"N/A","PEDESTRIAN","SINGLE VEHICLE","CLEAR","DRY","DARK LIGHTS ON","NO CONTROLS","NONE DETECTED","NONE DETECTED","633C7111-1012-4D20-B835-345DAC5A7920","PEDESTRIAN","Other Working","NO IMPROPER ACTIONS","ON ROADWAY NOT AT CROSSWALK","No","SUSPECTED MINOR INJURY","NONE","38.99279534","-77.0259186","    (38.99279534, -77.0259186)"
"MCP2492001B","200008927","Montgomery County Police","Fatal Crash","02/22/2020 09:11:00 PM","Maryland (State)","NEW HAMPSHIRE AVE","CROSSOVER",,"N/A","PEDESTRIAN","OTHER","CLEAR","DRY","DARK LIGHTS ON","NO CONTROLS","NONE DETECTED","ALCOHOL PRESENT","D20A06AD-B931-4588-BEFB-F9C8E8A40E23","PEDESTRIAN","Cross/Enter not at Intersection","UNKNOWN","ON ROADWAY NOT AT CROSSWALK","Yes","FATAL INJURY","NONE","39.03869167","-76.99011833","    (39.03869167, -76.99011833)"
"MCP2714001L","200008878","Montgomery County Police","Injury Crash","02/22/2020 03:20:00 PM",,,,"PARKING LOT IN FRONT OF 12214 VEIRS MILL RD",,"PEDESTRIAN","HEAD ON LEFT TURN","CLEAR",,"DAYLIGHT","N/A","UNKNOWN","N/A","7E3B5855-D973-4416-8C39-B57518704F3E","PEDESTRIAN","Push/Work on Vehicle","INATTENTIVE","SIDEWALK","No","POSSIBLE INJURY","NONE","39.05647487","-77.08386766","    (39.05647487, -77.08386766)"
"MCP2348005T","200008795","Montgomery County Police","Fatal Crash","02/21/2020 09:19:00 PM","Maryland (State)","S FREDERICK RD","N WESTLAND DR",,"N/A","PEDESTRIAN","SINGLE VEHICLE","CLEAR","DRY","DARK LIGHTS ON","NO CONTROLS","NONE DETECTED","ALCOHOL PRESENT","27B4B48F-719B-4CED-8E5E-6C2DD31C84EE","PEDESTRIAN","Cross/Enter not at Intersection","UNKNOWN","ON ROADWAY NOT AT CROSSWALK","Yes","FATAL INJURY","N/A","39.12962169","-77.18693125","    (39.12962169, -77.18693125)"
"MCP2361001L","200008760","Montgomery County Police","Injury Crash","02/21/2020 07:24:00 PM","County","CONTOUR RD","TUNSTALL DR",,"N/A","PEDESTRIAN","OTHER","CLEAR","DRY","DARK LIGHTS ON","OTHER","NONE DETECTED","NONE DETECTED","E880E5B0-AE5F-4D08-9563-1C32D9BDD312","PEDESTRIAN","Cross/Enter at Intersection","NO IMPROPER ACTIONS","AT INTERSECTION MARKED CROSSWALK","No","SUSPECTED MINOR INJURY","NONE","39.15419667","-77.196725","    (39.15419667, -77.196725)"
"MCP30910026","200008695","Montgomery County Police","Injury Crash","02/21/2020 01:17:00 PM","County","TRAVILAH RD","MCCROSSIN LA",,"N/A","BICYCLIST","SAME DIRECTION LEFT TURN","CLEAR","DRY","DAYLIGHT","OTHER","N/A","N/A","06B58B1C-16BC-418B-A4D1-C3C8C8F191FA","BICYCLIST","Cross/Enter at Intersection","FAILURE TO YIELD RIGHT OF WAY","ON ROADWAY NOT AT CROSSWALK","Yes","SUSPECTED MINOR INJURY","MC/BIKE HELMET","39.0753615","-77.25885167","    (39.0753615, -77.25885167)"
"MCP2639008Z","200008439","Montgomery County Police","Injury Crash","02/20/2020 07:57:00 AM","County","ARCOLA AVE","LAMBERTON DR",,"N/A","BICYCLIST","HEAD ON LEFT TURN","CLOUDY","DRY","DAYLIGHT","NO CONTROLS","NONE DETECTED","NONE DETECTED","8A8F995B-92D6-4640-AE8E-9524B35A12D6","BICYCLIST","Walking/Riding w/Traffic","IMPROPER PASSING","SHOULDER","Yes","POSSIBLE INJURY","MC/BIKE HELMET","39.04224","-77.02996333","    (39.04224, -77.02996333)"
"MCP28920083","200008379","Montgomery County Police","Property Damage Crash","02/19/2020 08:31:00 PM","Maryland (State)","16TH ST","EAST WEST HWY",,"N/A","PEDESTRIAN","HEAD ON LEFT TURN","CLEAR","DRY","DARK LIGHTS ON","TRAFFIC SIGNAL","NONE DETECTED","NONE DETECTED","E5165965-7461-44F9-91FB-6E2762D01162","PEDESTRIAN","Cross/Enter at Intersection","NO IMPROPER ACTIONS","ON ROADWAY AT CROSSWALK","No","NO APPARENT INJURY","NONE","38.99472167","-77.036325","    (38.99472167, -77.036325)"
"MCP2861004L","200008191","Montgomery County Police","Injury Crash","02/18/2020 08:17:00 PM","County","WESTLAKE DR","LAKEVIEW DR",,"N/A","PEDESTRIAN","SINGLE VEHICLE","CLEAR","DRY","DARK LIGHTS ON","NO CONTROLS","NONE DETECTED","ALCOHOL PRESENT","EF6CC8C4-E78E-4AFA-8377-83968BA1F2DA","PEDESTRIAN","Cross/Enter not at Intersection","IN ROADWAY IMPROPERLY","ON ROADWAY NOT AT CROSSWALK","Yes","SUSPECTED SERIOUS INJURY","NONE","39.025945","-77.14833667","    (39.025945, -77.14833667)"
"MCP28920081","200008163","Montgomery County Police","Injury Crash","02/18/2020 06:32:00 PM","Maryland (State)","COLESVILLE RD","SECOND AVE",,"N/A","PEDESTRIAN","SINGLE VEHICLE","N/A","DRY","DARK LIGHTS ON","TRAFFIC SIGNAL","NONE DETECTED","NONE DETECTED","3A80F036-C235-44C4-8EE7-F81D02BF3AFF","PEDESTRIAN","Cross/Enter at Intersection","IN ROADWAY IMPROPERLY","ON ROADWAY AT CROSSWALK","Yes","POSSIBLE INJURY","NONE","38.99484564","-77.03025644","    (38.99484564, -77.03025644)"
"MCP2436009N","200008109","Montgomery County Police","Injury Crash","02/18/2020 01:40:00 PM","Maryland (State)","PINEY BRANCH RD","KODIAK DR",,"N/A","PEDESTRIAN","SINGLE VEHICLE","CLEAR","DRY","DAYLIGHT","NO CONTROLS","NONE DETECTED","NONE DETECTED","99E36A32-6FE7-4B53-B12F-6BD21CB66301","PEDESTRIAN","Cross/Enter at Intersection","DART DASH","ON ROADWAY NOT AT CROSSWALK","Yes","SUSPECTED MINOR INJURY","N/A","38.99978841","-76.99156582","    (38.99978841, -76.99156582)"
"DD5605007R","200008087","Rockville Police Departme","Property Damage Crash","02/18/2020 12:00:00 PM","Municipality","E GUDE DR","ROTHGEB DR",,"ROCKVILLE","PEDESTRIAN","OTHER","CLEAR","DRY","DAYLIGHT","TRAFFIC SIGNAL","NONE DETECTED","NONE DETECTED","4C2D7F9B-06C0-4CD0-A1C7-1F97CD8F7BA1","PEDESTRIAN","Cross/Enter at Intersection","NO IMPROPER ACTIONS","ON ROADWAY AT CROSSWALK","No","NO APPARENT INJURY","N/A","39.09601283","-77.13369633","    (39.09601283, -77.13369633)"
"DM83360036","200008082","Takoma Park Police Depart","Injury Crash","02/18/2020 09:29:00 AM","Municipality","RITCHIE AVE","OSWEGO AVE",,"TAKOMA PARK","PEDESTRIAN","OTHER","CLEAR","DRY","DAYLIGHT","NO CONTROLS",,"N/A","6297A942-DEE2-49E5-A541-6C20E2A1E31E","PEDESTRIAN","Other","OTHER","N/A","Yes","SUSPECTED MINOR INJURY","N/A","38.98614597","-77.00901046","    (38.98614597, -77.00901046)"
"MCP30120068","200008062","Montgomery County Police","Injury Crash","02/18/2020 08:52:00 AM",,"BATCHELLORS FOREST RD","SEABISCUT DR",,"N/A","BICYCLIST","OTHER","CLEAR","DRY","DAYLIGHT","NO CONTROLS","NONE DETECTED","NONE DETECTED","A82EFB5D-A393-4639-9CB5-9D84B9F51437","BICYCLIST","Walking/Riding w/Traffic","NO IMPROPER ACTIONS","ON ROADWAY NOT AT CROSSWALK","No","POSSIBLE INJURY","MC/BIKE HELMET","39.12615833","-77.05691833","    (39.12615833, -77.05691833)"
"MCP158000CM","200008049","Montgomery County Police","Injury Crash","02/18/2020 06:11:00 AM","County","MONTGOMERY VILLAGE AVE","CLUB HOUSE RD",,"N/A","PEDESTRIAN","SINGLE VEHICLE","CLOUDY","DRY","DARK LIGHTS ON","TRAFFIC SIGNAL","NONE DETECTED","NONE DETECTED","8EC4F423-145E-419B-9D56-5D61B3760FB7","PEDESTRIAN","Cross/Enter at Intersection","NO IMPROPER ACTIONS","AT INTERSECTION MARKED CROSSWALK","No","SUSPECTED MINOR INJURY","N/A","39.174405","-77.20391833","    (39.174405, -77.20391833)"
"MCP2714001K","200007572","Montgomery County Police","Injury Crash","02/16/2020 05:10:00 PM",,,,"THE PARKING LOT CROSSWALK OF 12207 VEIRS MILL RD",,"PEDESTRIAN","OTHER","CLEAR",,"DAYLIGHT","NO CONTROLS","N/A","N/A","97FDB327-7C7A-40E4-9F16-3E2307152BC1","PEDESTRIAN","Standing","NO IMPROPER ACTIONS","DRIVEWAY ACCESS MARKED CROSSWALK","No","POSSIBLE INJURY","NONE","39.05697181","-77.08218147","    (39.05697181, -77.08218147)"
"MCP30570027","20007797","Montgomery County Police","Property Damage Crash","02/16/2020 09:21:00 AM","County","CENTURY BLVD","CENTURY BLVD (BACK)",,"N/A","PEDESTRIAN","OTHER","CLOUDY","DRY","DAYLIGHT","N/A","NONE DETECTED","NONE DETECTED","8F0031B0-CF78-4D91-8C1A-A7AFC56330ED","PEDESTRIAN","Cross/Enter at Intersection","INATTENTIVE","AT INTERSECTION BUT NO CROSSWALK","No","NO APPARENT INJURY","N/A","39.18456052","-77.25964105","    (39.18456052, -77.25964105)"
"MCP31380025","200007705","Montgomery County Police","Injury Crash","02/15/2020 03:56:00 PM",,,,"DRIVEWAY OF 16227 BATCHELLORS FOREST RD",,"PEDESTRIAN","SINGLE VEHICLE","CLEAR",,"DAYLIGHT","N/A",,"N/A","06356F8E-6254-4D6A-BF1D-9C80D75B7C03","PEDESTRIAN","Getting off/on Vehicle","NO IMPROPER ACTIONS","CURB","Unknown","SUSPECTED MINOR INJURY","NONE","39.12212911","-77.06900082","    (39.12212911, -77.06900082)"
"MCP32010015","200007676","Montgomery County Police","Injury Crash","02/15/2020 07:55:00 AM",,,,"ON A SERVICE ROAD IN BETWEEN POST OFFICE AND PARKING LOT OF POST OFFICE LOCATED AT 10079 STEDWICK RD",,"PEDESTRIAN","SINGLE VEHICLE","CLEAR",,"DAYLIGHT","N/A","N/A","N/A","D30CF38F-FD3D-4B4A-AF2E-E0A340C092D0","PEDESTRIAN","Cross/Enter not at Intersection","NO IMPROPER ACTIONS","OTHER","No","SUSPECTED MINOR INJURY","NONE","39.1710561","-77.20813914","    (39.1710561, -77.20813914)"
"MCP2291004G","200007548","Montgomery County Police","Injury Crash","02/14/2020 02:30:00 PM","County","WILLARD AVE","FRIENDSHIP BLVD",,"FRIENDSHIP HEIGHTS","PEDESTRIAN","SINGLE VEHICLE","CLEAR","DRY","DAYLIGHT","NO CONTROLS","UNKNOWN","NONE DETECTED","195A20B6-760F-4667-9B53-0BA8DCF3C8D1","PEDESTRIAN","Cross/Enter not at Intersection","IN ROADWAY IMPROPERLY","ON ROADWAY NOT AT CROSSWALK","Yes","SUSPECTED SERIOUS INJURY","N/A","38.9620898","-77.0888077","    (38.9620898, -77.0888077)"
"MCP3174001S","20007404","Montgomery County Police","Injury Crash","02/13/2020 06:27:00 PM","County","SNOUFFERS SCHOOL RD","FLOWER HILL WAY",,"N/A","PEDESTRIAN","SINGLE VEHICLE","CLEAR","DRY","DARK LIGHTS ON","NO CONTROLS","NONE DETECTED","NONE DETECTED","9C59DA74-4BAE-4938-9372-93C7FBAC7DE2","PEDESTRIAN","Cross/Enter not at Intersection","FAILURE TO YIELD RIGHT OF WAY","ON ROADWAY NOT AT CROSSWALK","Yes","SUSPECTED SERIOUS INJURY","NONE","39.16728541","-77.17316182","    (39.16728541, -77.17316182)"
"EJ7870002F","200007376","Gaithersburg Police Depar","Injury Crash","02/13/2020 04:38:00 PM","Maryland (State)","FREDERICK RD","BROOKS AVE",,"GAITHERSBURG","PEDESTRIAN","SINGLE VEHICLE","CLOUDY","WET","DAYLIGHT","NO CONTROLS","NONE DETECTED","NONE DETECTED","F09BC689-2F71-4DB4-83E3-357082466BF2","PEDESTRIAN","Cross/Enter not at Intersection","DART DASH","ON ROADWAY NOT AT CROSSWALK","Yes","POSSIBLE INJURY","NONE","39.14320358","-77.2005593","    (39.14320358, -77.2005593)"
"MCP2891008Y","200007244","Montgomery County Police","Injury Crash","02/13/2020 06:06:00 AM","County","DENNIS AVE","GEORGIA AVE",,"N/A","PEDESTRIAN","SINGLE VEHICLE","RAINING","WET","DARK LIGHTS ON","TRAFFIC SIGNAL","NONE DETECTED","NONE DETECTED","8C1876F4-F07E-4AF7-B854-FC90A4EDAB2D","PEDESTRIAN","Cross/Enter at Intersection","NO IMPROPER ACTIONS","ON ROADWAY AT CROSSWALK","No","SUSPECTED MINOR INJURY","N/A","39.02510167","-77.04468333","    (39.02510167, -77.04468333)"
"MCP93120017","200007232","Montgomery County Police","Injury Crash","02/12/2020 08:30:00 PM","Maryland (State)","HUNGERFORD DR","ENT TO PARK & RIDE",,"N/A","PEDESTRIAN","SINGLE VEHICLE","CLEAR","WET","DARK LIGHTS ON","TRAFFIC SIGNAL","NONE DETECTED","NONE DETECTED","77A3BD25-413E-4485-A831-43CB0D800F7D","PEDESTRIAN","Cross/Enter at Intersection","NO IMPROPER ACTIONS","AT INTERSECTION MARKED CROSSWALK","No","POSSIBLE INJURY","N/A","39.083535","-77.14691141","    (39.083535, -77.14691141)"
"MCP12270013","200007223","Montgomery County Police","Fatal Crash","02/12/2020 07:05:00 PM","Maryland (State)","MIDCOUNTY HWY","PIER POINT PL",,"N/A","PEDESTRIAN","SINGLE VEHICLE","RAINING","WET","DARK LIGHTS ON","NO CONTROLS","NONE DETECTED","ALCOHOL CONTRIBUTED","CAA22B2B-9962-49BA-B144-2C6BD1724E13","PEDESTRIAN","Cross/Enter at Intersection","FAILURE TO YIELD RIGHT OF WAY","AT INTERSECTION BUT NO CROSSWALK","Yes","FATAL INJURY","NONE","39.15924546","-77.19848265","    (39.15924546, -77.19848265)"
"MCP2723004X","200007089","Montgomery County Police","Injury Crash","02/12/2020 12:10:00 PM","Maryland (State)","OLNEY SANDY SPRING RD","GEORGIA AVE",,"N/A","PEDESTRIAN","SINGLE VEHICLE","CLEAR","DRY","DAYLIGHT","TRAFFIC SIGNAL","NONE DETECTED","NONE DETECTED","91CE6B2E-A4DA-4E64-B4C8-7B4D64981853","PEDESTRIAN","Cross/Enter at Intersection","NO IMPROPER ACTIONS","AT INTERSECTION MARKED CROSSWALK","No","SUSPECTED MINOR INJURY","N/A","39.15296","-77.06694167","    (39.15296, -77.06694167)"
"MCP209400G4","200006910","Montgomery County Police","Injury Crash","02/11/2020 11:06:00 AM","County","NEBEL ST","MARINELLI RD",,"N/A","PEDESTRIAN","OTHER","RAINING","WET","DAYLIGHT","STOP SIGN","NONE DETECTED","NONE DETECTED","63ED7A4A-C86F-4049-896F-B7F1A6EAD2DD","PEDESTRIAN","Cross/Enter at Intersection","NO IMPROPER ACTIONS","ON ROADWAY AT CROSSWALK","No","SUSPECTED SERIOUS INJURY","NONE","39.047995","-77.10563167","    (39.047995, -77.10563167)"
"MCP3200001F","200006881","Montgomery County Police","Property Damage Crash","02/11/2020 07:36:00 AM","Maryland (State)","ROCKVILLE PIKE","MARINELLI RD",,"N/A","PEDESTRIAN","OTHER","RAINING","WET","DAWN","NO CONTROLS","NONE DETECTED","NONE DETECTED","41185652-81EC-4A3F-939A-6C7E4865D542","PEDESTRIAN","Walking/Cycling on Sidewalk","NO IMPROPER ACTIONS","SIDEWALK","No","NO APPARENT INJURY","NONE","39.04611433","-77.11285967","    (39.04611433, -77.11285967)"
"MCP2952009P","200006872","Montgomery County Police","Injury Crash","02/11/2020 05:54:00 AM","Maryland (State)","GEORGIA AVE","COLESVILLE RD",,"N/A","PEDESTRIAN","SINGLE VEHICLE","RAINING","WET","DARK LIGHTS ON","TRAFFIC SIGNAL","NONE DETECTED","NONE DETECTED","9861A590-5980-47A7-ADB2-C4CF06A23C32","PEDESTRIAN","Cross/Enter at Intersection","NO IMPROPER ACTIONS","ON ROADWAY AT CROSSWALK","No","POSSIBLE INJURY","NONE","38.99589428","-77.02813661","    (38.99589428, -77.02813661)"
"MCP2372002V","200006789","Montgomery County Police","Injury Crash","02/10/2020 02:37:00 PM","County","LOCUST AVE","CEDAR LA",,"N/A","BICYCLIST","STRAIGHT MOVEMENT ANGLE","RAINING","WET","DAYLIGHT","TRAFFIC SIGNAL","NONE DETECTED","NONE DETECTED","092524CD-80E8-4F06-A4B9-6AC97CFFB69F","BICYCLIST","Cross/Enter at Intersection","FAILURE TO OBEY TRAFFIC SIGNS SIGNALS OR OFFICER","OTHER","Yes","SUSPECTED MINOR INJURY","MC/BIKE HELMET","39.00535717","-77.10445467","    (39.00535717, -77.10445467)"
"MCP24960013","200007811","Montgomery County Police","Injury Crash","02/10/2020 11:00:00 AM",,,,"PARKING LOT OF 1400 FORESST GLEN RD, SILVER SPRING, MD, 20910",,"PEDESTRIAN","SINGLE VEHICLE","N/A",,"DAYLIGHT","NO CONTROLS","UNKNOWN","NONE DETECTED","2630AE04-1E20-4DCD-AD88-5808991854FA","PEDESTRIAN","Other","UNKNOWN","OTHER","Unknown","POSSIBLE INJURY","NONE","39.01525056","-77.03437571","    (39.01525056, -77.03437571)"
"MCP24960011","200006722","Montgomery County Police","Injury Crash","02/10/2020 08:30:00 AM","County","ARCOLA AVE","OREBAUGH AVE",,"N/A","PEDESTRIAN","SINGLE VEHICLE","RAINING","WET","DAYLIGHT","NO CONTROLS","NONE DETECTED","NONE DETECTED","3ED6AE77-1549-4EFE-B331-34959FC3733A","PEDESTRIAN","Cross/Enter at Intersection","NO IMPROPER ACTIONS","ON ROADWAY AT CROSSWALK","No","SUSPECTED MINOR INJURY","NONE","39.04700702","-77.03655548","    (39.04700702, -77.03655548)"
"MCP0685005D","200006712","Montgomery County Police","Injury Crash","02/10/2020 06:41:00 AM","County","SHADY GROVE RD","CRABBS BRANCH WAY",,"N/A","PEDESTRIAN","SINGLE VEHICLE","RAINING","WET","DARK LIGHTS ON","TRAFFIC SIGNAL","NONE DETECTED","NONE DETECTED","DE093DAD-8B8E-4114-B632-0EDB16D8162A","PEDESTRIAN","Cross/Enter at Intersection","N/A","ON ROADWAY AT CROSSWALK","No","POSSIBLE INJURY","N/A","39.12878014","-77.16754976","    (39.12878014, -77.16754976)"
"MCP3197001B","200006682","Montgomery County Police","Injury Crash","02/09/2020 09:07:00 PM","Maryland (State)","VEIRS MILL RD","CLARIDGE RD",,"N/A","PEDESTRIAN","OTHER","CLEAR","DRY","DARK LIGHTS ON","TRAFFIC SIGNAL","NONE DETECTED","NONE DETECTED","99940A9A-8E21-49B1-8ACA-6A306B186D27","PEDESTRIAN","Cross/Enter at Intersection","NO IMPROPER ACTIONS","ON ROADWAY AT CROSSWALK","No","SUSPECTED MINOR INJURY","NONE","39.04881333","-77.06892383","    (39.04881333, -77.06892383)"
"MCP1305003Z","200006511","Montgomery County Police","Property Damage Crash","02/08/2020 02:52:00 PM",,,,"PARKING LOT AT 22 TINDALL SRPINGS CT",,"OTHER","OTHER","CLEAR",,"DAYLIGHT","NO CONTROLS","NONE DETECTED","N/A","C29B8ED9-C74D-4F71-8804-6A0CE6219D80","OTHER","N/A","NO IMPROPER ACTIONS","INSIDE BUILDING","No","NO APPARENT INJURY","N/A","39.18515167","-77.17692833","    (39.18515167, -77.17692833)"
"MCP1305003Z","200006511","Montgomery County Police","Property Damage Crash","02/08/2020 02:52:00 PM",,,,"PARKING LOT AT 22 TINDALL SRPINGS CT",,"OTHER","OTHER","CLEAR",,"DAYLIGHT","NO CONTROLS","NONE DETECTED","N/A","1047418A-2B9B-4FBB-854C-C411F1445B52","OTHER","N/A","NO IMPROPER ACTIONS","INSIDE BUILDING","No","NO APPARENT INJURY","N/A","39.18515167","-77.17692833","    (39.18515167, -77.17692833)"
"EJ78760021","200006389","Gaithersburg Police Depar","Injury Crash","02/07/2020 06:45:00 PM",,,,"323 COPLEY PL. PARKING LOT",,"PEDESTRIAN","OTHER","CLEAR",,"DARK LIGHTS ON","NO CONTROLS","NONE DETECTED","NONE DETECTED","7A1FA551-C781-460D-BC91-B193CD18ADB4","PEDESTRIAN","Cross/Enter not at Intersection","NOT VISIBLE","ON ROADWAY NOT AT CROSSWALK","Unknown","POSSIBLE INJURY","NONE","39.11559167","-77.20670833","    (39.11559167, -77.20670833)"
"MCP9379002X","200006303","Montgomery County Police","Injury Crash","02/07/2020 11:30:00 AM",,,,"PARKING LOT OF 903 W EDMONSTON DR",,"PEDESTRIAN","STRAIGHT MOVEMENT ANGLE","CLEAR",,"DAYLIGHT","NO CONTROLS","NONE DETECTED","NONE DETECTED","58808274-094F-434D-A0D2-679192DBA9AE","PEDESTRIAN","Walking/Riding against Traffic","NO IMPROPER ACTIONS","SIDEWALK","No","SUSPECTED MINOR INJURY","N/A","39.07406667","-77.13548167","    (39.07406667, -77.13548167)"
"MCP2952009N","200006280","Montgomery County Police","Injury Crash","02/07/2020 08:55:00 AM","US (State)","GEORGIA AVE","SILVER SPRING AVE",,"N/A","PEDESTRIAN","SINGLE VEHICLE","RAINING","WET","DAYLIGHT","TRAFFIC SIGNAL","NONE DETECTED","NONE DETECTED","4D2C9C34-A8D5-4727-9181-73B93F9970A0","PEDESTRIAN","Cross/Enter at Intersection","NO IMPROPER ACTIONS","AT INTERSECTION MARKED CROSSWALK","No","POSSIBLE INJURY","N/A","38.99152275","-77.02669976","    (38.99152275, -77.02669976)"
"MCP27390034","200006250","Montgomery County Police","Injury Crash","02/06/2020 10:02:00 PM","Maryland (State)","UNIVERSITY BLVD W","SUTHERLAND RD",,"N/A","PEDESTRIAN","SINGLE VEHICLE","RAINING","WET","DARK LIGHTS ON","N/A","NONE DETECTED","ALCOHOL CONTRIBUTED","161D89ED-46F9-4EFB-BC29-17B9C933FEDE","PEDESTRIAN","Cross/Enter not at Intersection","IN ROADWAY IMPROPERLY","ON ROADWAY NOT AT CROSSWALK","Yes","POSSIBLE INJURY","NONE","39.02032667","-77.014","    (39.02032667, -77.014)"
"MCP3126001W","200006220","Montgomery County Police","Injury Crash","02/06/2020 06:30:00 PM","Maryland (State)","RIDGE RD","OAK DR",,"N/A","PEDESTRIAN","OTHER","RAINING","WET","DARK LIGHTS ON","TRAFFIC SIGNAL","NONE DETECTED","NONE DETECTED","0F87E570-9F0D-48B8-BF32-E436ED4FA1D2","PEDESTRIAN","Cross/Enter at Intersection","NO IMPROPER ACTIONS","ON ROADWAY AT CROSSWALK","Yes","SUSPECTED SERIOUS INJURY","NONE","39.27527333","-77.21474","    (39.27527333, -77.21474)"
"MCP3198001H","200006211","Montgomery County Police","Injury Crash","02/06/2020 06:10:00 PM","County","LUND CT","LUND PL",,"N/A","PEDESTRIAN","OTHER","RAINING","WET","DARK NO LIGHTS","N/A","NONE DETECTED","NONE DETECTED","BEDA0A2D-E11C-455D-9198-7759324F052D","PEDESTRIAN","Cross/Enter at Intersection","NO IMPROPER ACTIONS","ON ROADWAY AT CROSSWALK","No","SUSPECTED MINOR INJURY","NONE","39.04133866","-77.07194293","    (39.04133866, -77.07194293)"
"MCP2513001X","200005932","Montgomery County Police","Injury Crash","02/05/2020 07:15:00 AM","County","CALVERTON BLVD","SHANANDALE DR",,"N/A","PEDESTRIAN","OTHER","CLEAR","DRY","DAWN","NO CONTROLS","N/A","NONE DETECTED","23C5B533-9AA8-4F37-AF19-855AF0FE6B83","PEDESTRIAN","Cross/Enter at Intersection","NO IMPROPER ACTIONS","ON ROADWAY AT CROSSWALK","No","POSSIBLE INJURY","N/A","39.05682402","-76.94832537","    (39.05682402, -76.94832537)"
"MCP2801002N","200005898","Montgomery County Police","Injury Crash","02/04/2020 11:50:00 PM","Maryland (State)","NEW HAMPSHIRE AVE","RAMP 4 FR MD 650 NB TO IS 495 EB",,"N/A","PEDESTRIAN","STRAIGHT MOVEMENT ANGLE","RAINING","WET","DARK LIGHTS ON","N/A","UNKNOWN","N/A","BAC69C35-134A-4C57-8112-DA0CEEB23C44","PEDESTRIAN","Cross/Enter at Intersection","NO IMPROPER ACTIONS","ON ROADWAY AT CROSSWALK","No","SUSPECTED MINOR INJURY","NONE","39.01597923","-76.97748942","    (39.01597923, -76.97748942)"
"MCP3114001T","200005694","Montgomery County Police","Injury Crash","02/03/2020 06:45:00 PM",,,,"1220 TECH ROAD/DRIVEWAY ENTRANCE OF WESTECH VILLAGE CENTER",,"PEDESTRIAN","OTHER","CLEAR",,"DARK LIGHTS ON","NO CONTROLS","NONE DETECTED","NONE DETECTED","1BC4042D-40F6-4F24-A953-C2E2DC8C747C","PEDESTRIAN","Cross/Enter at Intersection","NO IMPROPER ACTIONS","DRIVEWAY ACCESS MARKED CROSSWALK","No","SUSPECTED SERIOUS INJURY","NONE","39.05643922","-76.96700331","    (39.05643922, -76.96700331)"
"MCP14650050","200005554","Montgomery County Police","Injury Crash","02/03/2020 08:49:00 AM","Maryland (State)","RIVER RD","SPRINGRIDGE RD",,"N/A","PEDESTRIAN","SAME DIR REAR END","CLEAR","DRY","DAYLIGHT","NO CONTROLS","NONE DETECTED","NONE DETECTED","E70CC12A-C171-4A71-993E-BA7A9ED5E5A7","PEDESTRIAN","Push/Work on Vehicle","DISABLED VEHICLE RELATED","SHOULDER","No","SUSPECTED MINOR INJURY","N/A","39.04788667","-77.26563667","    (39.04788667, -77.26563667)"
"MCP3090003V","200005455","Montgomery County Police","Injury Crash","02/02/2020 11:15:00 AM","County","OLD STAGE RD","OLD BRIDGE RD",,"N/A","PEDESTRIAN","SINGLE VEHICLE","CLEAR","DRY","DAYLIGHT","STOP SIGN","N/A","N/A","54E8D089-5D28-427A-A40F-191AC6D17463","PEDESTRIAN","Cross/Enter at Intersection","NO IMPROPER ACTIONS","ON ROADWAY AT CROSSWALK","No","POSSIBLE INJURY","NONE","39.05181675","-77.1456672","    (39.05181675, -77.1456672)"
"MCP31250024","200005379","Montgomery County Police","Injury Crash","02/01/2020 07:20:00 PM","Municipality","N WASHINGTON ST","BEALL AVE #2",,"ROCKVILLE","PEDESTRIAN","SINGLE VEHICLE","RAINING","WET","DARK LIGHTS ON","TRAFFIC SIGNAL","NONE DETECTED","NONE DETECTED","C432B282-2454-4986-9FFD-38B85532E723","PEDESTRIAN","Cross/Enter at Intersection","NO IMPROPER ACTIONS","ON ROADWAY AT CROSSWALK","No","POSSIBLE INJURY","NONE","39.08684167","-77.15327","    (39.08684167, -77.15327)"