"Report Number","Local Case Number","Agency Name","ACRS Report Type","Crash Date/Time","Route Type","Road Name","Cross-Street Name","Off-Road Description","Municipality","Related Non-Motorist","Collision Type","Weather","Surface Condition","Light","Traffic Control","Driver Substance Abuse","Non-Motorist Substance Abuse","Person ID","Pedestrian Type","Pedestrian Movement","Pedestrian Actions","Pedestrian Location","At Fault","Injury Severity","Safety Equipment","Latitude","Longitude","Location"
"MCP0942002J","190050694","Montgomery County Police","Injury Crash","10/22/2019 02:19:00 PM","County","WOODMONT AVE","ELM ST",,"N/A","PEDESTRIAN","OTHER","RAINING","WET","DAYLIGHT","TRAFFIC SIGNAL","NONE DETECTED","NONE DETECTED","EED7CCD5-117A-4B62-8963-0864A6C36611","PEDESTRIAN","Cross/Enter at Intersection","NO IMPROPER ACTIONS","AT INTERSECTION MARKED CROSSWALK","No","POSSIBLE INJURY","NONE","38.98168833","-77.09616167","    (38.98168833, -77.09616167)"
"MCP1174003Y","190050635","Montgomery County Police","Injury Crash","10/22/2019 07:35:00 AM",,,,"PARKING LOT OF 10400 OLD GEORGETOWN RD. GIANT FOOD",,"BICYCLIST","SINGLE VEHICLE","CLOUDY",,"DAWN","NO CONTROLS","N/A","NONE DETECTED","BB4A11CC-B724-4E54-8A43-56C84120E4A2","BICYCLIST","Walking/Cycling on Sidewalk","NO IMPROPER ACTIONS","SIDEWALK","No","SUSPECTED MINOR INJURY","MC/BIKE HELMET","39.02632698","-77.12785589","    (39.02632698, -77.12785589)"
"DM8479000C","190050537","Takoma Park Police Depart","Injury Crash","10/21/2019 06:01:00 PM","Maryland (State)","NEW HAMPSHIRE AVE","EAST WEST HWY (PG CO)",,"N/A","PEDESTRIAN","N/A","CLEAR","DRY","DAYLIGHT","N/A","NONE DETECTED","N/A","3C32052F-6239-4BCF-BE71-B75A94BF3C11","PEDESTRIAN","Cross/Enter not at Intersection","IN ROADWAY IMPROPERLY","ON ROADWAY NOT AT CROSSWALK","Yes","SUSPECTED MINOR INJURY","NONE","38.97544311","-76.99317964","    (38.97544311, -76.99317964)"
"MCP30900039","190050499","Montgomery County Police","Injury Crash","10/21/2019 02:10:00 PM","Maryland (State)","GREAT SENECA HWY","SAM EIG HWY",,"N/A","BICYCLIST","SINGLE VEHICLE","CLEAR","DRY","DAYLIGHT","N/A","N/A","N/A","71DBD9CC-AAA9-4415-83FC-1A96D0F6F76E","BICYCLIST","Cross/Enter not at Intersection","INATTENTIVE","ON ROADWAY AT CROSSWALK","Yes","SUSPECTED MINOR INJURY","MC/BIKE HELMET","39.10767767","-77.20985694","    (39.10767767, -77.20985694)"
"MCP3169001Z","190050430","Montgomery County Police","Property Damage Crash","10/21/2019 07:30:00 AM","County","SLIGO AVE","MAYOR LA",,"N/A","BICYCLIST","OTHER","CLEAR","DRY","DAYLIGHT","NO CONTROLS","N/A","N/A","5404E375-DE94-4A7D-A285-B5EC48C09356","BICYCLIST","Walking/Riding against Traffic","NO IMPROPER ACTIONS","AT INTERSECTION BUT NO CROSSWALK","No","NO APPARENT INJURY","MC/BIKE HELMET","38.9902735","-77.02578916","    (38.9902735, -77.02578916)"
"MCP30730049","190050370","Montgomery County Police","Injury Crash","10/20/2019 05:30:00 PM","Maryland (State)","CONNECTICUT AVE","INDEPENDENCE ST",,"N/A","PEDESTRIAN","OTHER","N/A","WET","DAYLIGHT","TRAFFIC SIGNAL","NONE DETECTED","NONE DETECTED","9859D317-D018-40FD-A4EE-FC840B748BE0","PEDESTRIAN","Cross/Enter at Intersection","N/A","AT INTERSECTION MARKED CROSSWALK","No","SUSPECTED MINOR INJURY","NONE","39.07645167","-77.08045167","    (39.07645167, -77.08045167)"
"MCP2739002Q","190050111","Montgomery County Police","Injury Crash","10/18/2019 11:30:00 PM","Maryland (State)","UNIVERSITY BLVD W","LORAIN AVE",,"N/A","PEDESTRIAN","OTHER","CLEAR","DRY","DARK LIGHTS ON","N/A","NONE DETECTED","ALCOHOL CONTRIBUTED","B5B4E8E3-EE20-4795-A421-476FA0669F31","PEDESTRIAN","Cross/Enter not at Intersection","FAILURE TO YIELD RIGHT OF WAY","ON ROADWAY NOT AT CROSSWALK","Yes","SUSPECTED MINOR INJURY","NONE","39.02178333","-77.01490167","    (39.02178333, -77.01490167)"
"MCP30590044","190050076","Montgomery County Police","Injury Crash","10/18/2019 07:55:00 PM",,,,"DRIVEWAY OF 12801 FLACK ST",,"OTHER","OTHER","CLEAR",,"DARK LIGHTS ON","N/A","NONE DETECTED","NONE DETECTED","4D15B5A6-C8E9-4819-964A-B726F6FC802C","OTHER","Other","NO IMPROPER ACTIONS","OTHER","No","SUSPECTED MINOR INJURY","N/A","39.06451886","-77.05872728","    (39.06451886, -77.05872728)"
"MCP31630022","190050048","Montgomery County Police","Injury Crash","10/18/2019 05:14:00 PM","Maryland (State)","WISCONSIN AVE","SOMERSET TERRACE",,"N/A","BICYCLIST","SAME DIR REAR END","CLEAR","DRY","DAYLIGHT","NO CONTROLS","NONE DETECTED","NONE DETECTED","50A7629E-A908-4C9C-9B50-AD1FBB2CDEAA","BICYCLIST","Walking/Riding w/Traffic","NO IMPROPER ACTIONS","SHOULDER","No","POSSIBLE INJURY","MC/BIKE HELMET","38.96543198","-77.08796832","    (38.96543198, -77.08796832)"
"MCP27260045","190049980","Montgomery County Police","Injury Crash","10/18/2019 12:05:00 PM",,,,"PARKING LOT OF 12030 CHASE CROSSING CIRCLE",,"PEDESTRIAN","OTHER","N/A",,"DAYLIGHT","NO CONTROLS","N/A","N/A","3324E0CF-C8ED-4F4C-BDB9-520143099A6D","PEDESTRIAN","Other","INATTENTIVE","OTHER","Unknown","SUSPECTED MINOR INJURY","NONE","39.05404121","-77.12227364","    (39.05404121, -77.12227364)"
"MCP3154001D","190049938","Montgomery County Police","Injury Crash","10/18/2019 07:37:00 AM","Maryland (State)","GREAT SENECA HWY","DAIRYMAID DR",,"N/A","PEDESTRIAN","SINGLE VEHICLE","N/A","DRY","DAYLIGHT","STOP SIGN","UNKNOWN","NONE DETECTED","D1B5EF6C-BAEB-49F6-BC9B-E790F724EE06","PEDESTRIAN","Cross/Enter at Intersection","IN ROADWAY IMPROPERLY","AT INTERSECTION BUT NO CROSSWALK","Yes","POSSIBLE INJURY","NONE","39.157263","-77.27576536","    (39.157263, -77.27576536)"
"MCP2866005S","190049843","Montgomery County Police","Injury Crash","10/17/2019 04:19:00 PM","County","MONTROSE AVE","WEYMOUTH ST",,"N/A","PEDESTRIAN","SINGLE VEHICLE","CLEAR","DRY","DAYLIGHT","NO CONTROLS","NONE DETECTED","NONE DETECTED","4620236A-EB75-4841-BA12-0EC10A11833C","PEDESTRIAN","Cross/Enter not at Intersection","DART DASH","ON ROADWAY NOT AT CROSSWALK","Yes","SUSPECTED MINOR INJURY","NONE","39.02835348","-77.09771704","    (39.02835348, -77.09771704)"
"MCP2286002R","190049826","Montgomery County Police","Injury Crash","10/17/2019 03:05:00 PM","Maryland (State)","ROCKVILLE PIKE","TWINBROOK PKWY",,"ROCKVILLE","BICYCLIST","ANGLE MEETS RIGHT TURN","CLEAR","DRY","DAYLIGHT","TRAFFIC SIGNAL","NONE DETECTED","NONE DETECTED","F0BBEC2A-B3F1-4080-B838-8490FE8DAAD2","BICYCLIST","Cross/Enter at Intersection","NO IMPROPER ACTIONS","ON ROADWAY AT CROSSWALK","No","SUSPECTED MINOR INJURY","NONE","39.05912167","-77.12124667","    (39.05912167, -77.12124667)"
"MCP2372002C","190049760","Montgomery County Police","Injury Crash","10/17/2019 09:31:00 AM",,,,"PARKING LOT OF 5214 RIVER ROAD",,"PEDESTRIAN","SINGLE VEHICLE","CLEAR",,"DAYLIGHT","N/A","NONE DETECTED","NONE DETECTED","B97021D4-97A1-4429-A5F1-A276D73D6D58","PEDESTRIAN","Other","NO IMPROPER ACTIONS","OTHER","No","POSSIBLE INJURY","NONE","38.964625","-77.10461667","    (38.964625, -77.10461667)"
"EJ7877000M","190049728","Gaithersburg Police Depar","Injury Crash","10/16/2019 10:20:00 PM","County","GOSHEN RD","ODENDHAL AVE",,"GAITHERSBURG","PEDESTRIAN","SINGLE VEHICLE","N/A","N/A","DARK LIGHTS ON","TRAFFIC SIGNAL","UNKNOWN","N/A","88D5D53E-F4BC-4220-8BC5-FCBFE99927FB","PEDESTRIAN","Cross/Enter at Intersection","UNKNOWN","ON ROADWAY AT CROSSWALK","Unknown","POSSIBLE INJURY","N/A","39.15242605","-77.19234343","    (39.15242605, -77.19234343)"
"MCP30580033","190049692","Montgomery County Police","Injury Crash","10/16/2019 07:00:00 PM","County","SEVEN LOCKS RD","GOYA DR",,"N/A","PEDESTRIAN","OTHER","CLOUDY","WET","DARK LIGHTS ON","NO CONTROLS","NONE DETECTED","NONE DETECTED","882D6A32-BCD3-45EA-8091-E46CD8267E77","PEDESTRIAN","Cross/Enter at Intersection","INATTENTIVE","ON ROADWAY AT CROSSWALK","Yes","SUSPECTED MINOR INJURY","NONE","39.05513667","-77.16234833","    (39.05513667, -77.16234833)"
"MCP3206000T","190049500","Montgomery County Police","Injury Crash","10/16/2019 05:30:00 PM","Maryland (State)","PINEY BRANCH RD","GARLAND AVE",,"N/A","PEDESTRIAN","OTHER","CLEAR","DRY","DAYLIGHT","WARNING SIGN","NONE DETECTED","NONE DETECTED","324B5CC4-4E4F-47C5-80B6-6E074483C8B4","PEDESTRIAN","Cross/Enter not at Intersection","NO IMPROPER ACTIONS","ON ROADWAY AT CROSSWALK","No","SUSPECTED SERIOUS INJURY","N/A","38.99871335","-76.99901076","    (38.99871335, -76.99901076)"
"MCP3206000T","190049500","Montgomery County Police","Injury Crash","10/16/2019 05:30:00 PM","Maryland (State)","PINEY BRANCH RD","GARLAND AVE",,"N/A","PEDESTRIAN","OTHER","CLEAR","DRY","DAYLIGHT","WARNING SIGN","NONE DETECTED","N/A","FB9AE5C9-C304-4AFF-86C2-75B956174417","PEDESTRIAN","Cross/Enter not at Intersection","NO IMPROPER ACTIONS","ON ROADWAY AT CROSSWALK","No","SUSPECTED MINOR INJURY","N/A","38.99871335","-76.99901076","    (38.99871335, -76.99901076)"
"DD5615007W","190049636","Rockville Police Departme","Injury Crash","10/16/2019 02:57:00 PM","Municipality","HALPINE RD","E JEFFERSON ST",,"ROCKVILLE","PEDESTRIAN","OTHER","RAINING","WET","DAYLIGHT","TRAFFIC SIGNAL","NONE DETECTED","NONE DETECTED","D56ED7A6-F922-46C8-840B-79335D4EC9ED","PEDESTRIAN","Cross/Enter at Intersection","NO IMPROPER ACTIONS","DRIVEWAY ACCESS MARKED CROSSWALK","No","SUSPECTED MINOR INJURY","NONE","39.09323","-77.15333167","    (39.09323, -77.15333167)"
"DD5620004P","190049453","Rockville Police Departme","Property Damage Crash","10/15/2019 01:50:00 PM","Municipality","ANDERSON AVE","MANNAKEE ST",,"ROCKVILLE","OTHER","STRAIGHT MOVEMENT ANGLE","CLEAR","DRY","DAYLIGHT","STOP SIGN","NONE DETECTED","N/A","0AF2C8E9-A24F-4BC4-B42A-913071C6B817","OTHER","N/A","N/A","INSIDE BUILDING","No","NO APPARENT INJURY","N/A","39.08694417","-77.1672065","    (39.08694417, -77.1672065)"
"MCP1334008M","190049413","Montgomery County Police","Injury Crash","10/15/2019 10:05:00 AM","County","STEDWICK RD","WATKINS MILL RD",,"N/A","BICYCLIST","SINGLE VEHICLE","CLEAR","DRY","DAYLIGHT","TRAFFIC SIGNAL","NONE DETECTED","NONE DETECTED","1B58421D-F511-457B-A8AF-FE04EDF0561C","BICYCLIST","Cross/Enter at Intersection","FAILURE TO OBEY TRAFFIC SIGNS SIGNALS OR OFFICER","ON ROADWAY AT CROSSWALK","Yes","SUSPECTED MINOR INJURY","NONE","39.17055666","-77.20888418","    (39.17055666, -77.20888418)"
"DM83880036","190049396","Takoma Park Police Depart","Injury Crash","10/15/2019 08:30:00 AM","Municipality","MAPLE AVE","SLIGO CREEK PKWY",,"N/A","BICYCLIST","STRAIGHT MOVEMENT ANGLE","CLEAR","DRY","DAYLIGHT","STOP SIGN","NONE DETECTED","NONE DETECTED","421F4BA9-8CB0-4AAE-83D2-BB6414FA581E","BICYCLIST","Walking/Riding w/Traffic","FAILURE TO OBEY TRAFFIC SIGNS SIGNALS OR OFFICER","ON ROADWAY NOT AT CROSSWALK","Yes","POSSIBLE INJURY","MC/BIKE HELMET","38.98772","-77.00354","    (38.98772, -77.00354)"
"MCP3112003J","190049350","Montgomery County Police","Injury Crash","10/14/2019 07:38:00 PM",,,,"REAR ENTRANCE TO 7620 OLD GEORGETOWN ROAD, BETHESDA MD-- ENTRANCE ON WOODMONT AVE",,"PEDESTRIAN","SINGLE VEHICLE","CLEAR",,"DARK NO LIGHTS","N/A","NONE DETECTED","NONE DETECTED","8ACD8093-00B1-4017-937D-4F8E7B0729EF","PEDESTRIAN","Walking/Cycling on Sidewalk","NO IMPROPER ACTIONS","SIDEWALK","No","POSSIBLE INJURY","N/A","38.98563933","-77.09691383","    (38.98563933, -77.09691383)"
"DD56050073","190049295","Rockville Police Departme","Injury Crash","10/14/2019 02:00:00 PM","Maryland (State)","ROCKVILLE PIKE","EDMONSTON DR",,"ROCKVILLE","PEDESTRIAN","STRAIGHT MOVEMENT ANGLE","CLEAR","DRY","DAYLIGHT","TRAFFIC SIGNAL","NONE DETECTED","NONE DETECTED","13DF6548-8ACA-48EA-8075-35A1F3D056B2","PEDESTRIAN","Standing","NO IMPROPER ACTIONS","SIDEWALK","No","SUSPECTED SERIOUS INJURY","N/A","39.07450917","-77.13577483","    (39.07450917, -77.13577483)"
"MCP24920017","190049226","Montgomery County Police","Fatal Crash","10/13/2019 07:40:00 PM","Maryland (State)","UNIVERSITY BLVD E","SEEK LA",,"N/A","PEDESTRIAN","OTHER","CLEAR","DRY","DARK LIGHTS ON","NO CONTROLS","COMBINED SUBSTANCE PRESENT, NONE DETECTED","ALCOHOL PRESENT","0546D6C8-ADB1-4234-A0BE-03E925DF03D1","PEDESTRIAN","Cross/Enter not at Intersection","UNKNOWN","N/A","No","FATAL INJURY","NONE","38.99723","-76.99353667","    (38.99723, -76.99353667)"
"MCP2450002X","190049073","Montgomery County Police","Injury Crash","10/12/2019 05:49:00 PM","US (State)","GEORGIA AVE","13TH ST",,"N/A","PEDESTRIAN","OTHER","N/A","N/A","DAYLIGHT","OTHER","NONE DETECTED","NONE DETECTED","3C03F820-6078-41AA-9F35-5CA3B2B52AA3","PEDESTRIAN","Getting off/on Vehicle","NO IMPROPER ACTIONS","SIDEWALK","No","POSSIBLE INJURY","N/A","38.98692833","-77.02664","    (38.98692833, -77.02664)"
"MCP1389002J","190049063","Montgomery County Police","Injury Crash","10/12/2019 04:30:00 PM","County","LOST KNIFE RD","ODENDHAL AVE",,"N/A","OTHER CONVEYANCE","STRAIGHT MOVEMENT ANGLE","CLEAR","DRY","DAYLIGHT","OTHER","NONE DETECTED","NONE DETECTED","14B5B731-26B4-4E57-800C-50E3D84E4131","OTHER CONVEYANCE","Other","NO IMPROPER ACTIONS","MIDBLOCK MARKED CROSSWALK","No","SUSPECTED SERIOUS INJURY","N/A","39.15281153","-77.1985404","    (39.15281153, -77.1985404)"
"MCP31560011","190048989","Montgomery County Police","Injury Crash","10/12/2019 01:03:00 AM","Maryland (State)","16TH ST","EAST WEST HWY",,"N/A","PEDESTRIAN","SINGLE VEHICLE","CLEAR","DRY","DARK LIGHTS ON","TRAFFIC SIGNAL","UNKNOWN","NONE DETECTED","2BA8C315-B7A3-49EE-8C45-FA01C96C839F","PEDESTRIAN","Cross/Enter at Intersection","FAILURE TO OBEY TRAFFIC SIGNS SIGNALS OR OFFICER","ON ROADWAY AT CROSSWALK","Yes","SUSPECTED MINOR INJURY","NONE","38.99460544","-77.03637746","    (38.99460544, -77.03637746)"
"MCP31560011","190048989","Montgomery County Police","Injury Crash","10/12/2019 01:03:00 AM","Maryland (State)","16TH ST","EAST WEST HWY",,"N/A","PEDESTRIAN","SINGLE VEHICLE","CLEAR","DRY","DARK LIGHTS ON","TRAFFIC SIGNAL","UNKNOWN","NONE DETECTED","40BDAFA1-6BFD-481E-AD3F-19D51C03673E","PEDESTRIAN","Cross/Enter at Intersection","IN ROADWAY IMPROPERLY","ON ROADWAY AT CROSSWALK","Yes","NO APPARENT INJURY","N/A","38.99460544","-77.03637746","    (38.99460544, -77.03637746)"
"MCP3121002G","190048939","Montgomery County Police","Property Damage Crash","10/11/2019 07:50:00 PM","County","WALKERS CHOICE RD","LAKE LANDING RD",,"N/A","PEDESTRIAN","SINGLE VEHICLE","CLEAR","DRY","DARK LIGHTS ON","TRAFFIC SIGNAL","UNKNOWN","NONE DETECTED","1AE34311-0563-4631-A417-BA827EDBD59A","PEDESTRIAN","Cross/Enter at Intersection","NO IMPROPER ACTIONS","ON ROADWAY AT CROSSWALK","No","NO APPARENT INJURY","NONE","39.16144578","-77.20209489","    (39.16144578, -77.20209489)"
"DM8374002K","190048900","Takoma Park Police Depart","Injury Crash","10/11/2019 03:09:00 PM",,,,"PARKING LOT 1159 UNIVERSITY BLVD",,"PEDESTRIAN","OTHER","CLEAR",,"DAYLIGHT","N/A","N/A","N/A","2B08D966-0BAA-4EF0-AEB1-CBF36734F82D","PEDESTRIAN","Other","IN ROADWAY IMPROPERLY","ON ROADWAY NOT AT CROSSWALK","Yes","POSSIBLE INJURY","NONE","38.98876","-76.98915833","    (38.98876, -76.98915833)"
"MCP12330039","190048743","Montgomery County Police","Injury Crash","10/10/2019 07:26:00 PM",,,,"10526 CONNECTICUT AVE. (PARKING LOT) KENSINGTON",,"PEDESTRIAN","HEAD ON LEFT TURN","CLEAR",,"DARK NO LIGHTS","NO CONTROLS","NONE DETECTED","NONE DETECTED","5A8F3038-3484-44BD-BC2E-D6734078D5BE","PEDESTRIAN","Other","NO IMPROPER ACTIONS","OTHER","No","SUSPECTED MINOR INJURY","N/A","39.02790167","-77.07686167","    (39.02790167, -77.07686167)"
"MCP31810015","190048656","Montgomery County Police","Injury Crash","10/10/2019 12:18:00 PM","County","ARCOLA AVE","CHANNING DR",,"N/A","BICYCLIST","STRAIGHT MOVEMENT ANGLE","CLEAR","DRY","DAYLIGHT","OTHER","N/A","N/A","9AC9E812-E25C-4CDC-A670-67EA2C4E0C3E","BICYCLIST","Cross/Enter at Intersection","NO IMPROPER ACTIONS","ON ROADWAY AT CROSSWALK","No","SUSPECTED MINOR INJURY","MC/BIKE HELMET","39.04758833","-77.040925","    (39.04758833, -77.040925)"
"MCP3105002M","190048654","Montgomery County Police","Injury Crash","10/10/2019 11:56:00 AM",,,,"PARKING LOT OF 19945 CENTURY BLVD (CHICK FIL A)",,"PEDESTRIAN","SINGLE VEHICLE","CLEAR",,"DAYLIGHT","N/A","UNKNOWN","NONE DETECTED","68C3AE05-4B66-4B62-87E3-98D422E3E26B","PEDESTRIAN","Other","UNKNOWN","OTHER","No","POSSIBLE INJURY","N/A","39.18241917","-77.261541","    (39.18241917, -77.261541)"
"MCP2667006J","190048595","Montgomery County Police","Injury Crash","10/10/2019 05:30:00 AM","County","OAKMONT AVE","RAILROAD ST",,"N/A","PEDESTRIAN","OTHER","CLEAR","DRY","DARK NO LIGHTS","N/A","NONE DETECTED","NONE DETECTED","0A39FED6-93C6-4BED-BE1F-33D8E18D9C0C","PEDESTRIAN","Standing","IN ROADWAY IMPROPERLY","ON ROADWAY NOT AT CROSSWALK","Yes","SUSPECTED SERIOUS INJURY","NONE","39.13180626","-77.17504441","    (39.13180626, -77.17504441)"
"MCP2722003D","190048511","Montgomery County Police","Injury Crash","10/09/2019 04:18:00 PM",,"N LEISURE WORLD BLV","ROSSMOOR BLV",,"N/A","PEDESTRIAN","SINGLE VEHICLE","CLEAR","DRY","DAYLIGHT","STOP SIGN","NONE DETECTED","NONE DETECTED","DE091680-ED7E-47F6-BC3A-A3A09B3D563E","PEDESTRIAN","Cross/Enter at Intersection","IN ROADWAY IMPROPERLY","ON ROADWAY NOT AT CROSSWALK","Yes","SUSPECTED MINOR INJURY","NONE","39.10100167","-77.07414667","    (39.10100167, -77.07414667)"
"MCP2513001S","190048430","Montgomery County Police","Injury Crash","10/09/2019 08:36:00 AM","County","ADELPHI RD","NEW HAMPSHIRE AVE",,"N/A","PEDESTRIAN","OTHER","CLEAR","DRY","DAYLIGHT","TRAFFIC SIGNAL","NONE DETECTED","NONE DETECTED","56EE9F67-3317-4A5B-91C4-E56EFE074622","PEDESTRIAN","Cross/Enter at Intersection","UNKNOWN","AT INTERSECTION MARKED CROSSWALK","Unknown","SUSPECTED SERIOUS INJURY","N/A","39.01142465","-76.97904552","    (39.01142465, -76.97904552)"
"MCP2845005M","190048420","Montgomery County Police","Injury Crash","10/09/2019 06:45:00 AM","County","DENNIS AVE","UNIVERSITY BLVD W",,"N/A","BICYCLIST","SINGLE VEHICLE","CLEAR","WET","DARK LIGHTS ON","TRAFFIC SIGNAL","NONE DETECTED","NONE DETECTED","A7BBBAF5-0DFE-4272-BCE1-B9DFAE7E39B4","BICYCLIST","Cross/Enter at Intersection","NO IMPROPER ACTIONS","AT INTERSECTION MARKED CROSSWALK","No","POSSIBLE INJURY","NONE","39.02594927","-77.02031117","    (39.02594927, -77.02031117)"
"MCP3111001P","190048267","Montgomery County Police","Property Damage Crash","10/08/2019 10:11:00 AM","Maryland (State)","ROCKVILLE PIKE","CENTER DR",,"N/A","PEDESTRIAN","SAME DIR REAR END","CLEAR","DRY","DAYLIGHT","TRAFFIC SIGNAL","NONE DETECTED","NONE DETECTED","1562C393-14B9-44AA-BB7B-6C8309B641FB","PEDESTRIAN","Cross/Enter at Intersection","NO IMPROPER ACTIONS","AT INTERSECTION MARKED CROSSWALK","No","NO APPARENT INJURY","NONE","38.99693893","-77.09671783","    (38.99693893, -77.09671783)"
"MCP3004003C","190048190","Montgomery County Police","Injury Crash","10/07/2019 08:00:00 PM","County","COLSTON DR","GRUBB RD",,"N/A","PEDESTRIAN","OTHER","CLEAR","DRY","DARK LIGHTS ON","N/A","NONE DETECTED","NONE DETECTED","80B4F5E8-86E3-4159-A902-A37E02E9865C","PEDESTRIAN","Cross/Enter at Intersection","NO IMPROPER ACTIONS","OTHER","No","POSSIBLE INJURY","NONE","38.99326167","-77.05107167","    (38.99326167, -77.05107167)"
"MCP137800SJ","190048178","Montgomery County Police","Injury Crash","10/07/2019 06:51:00 PM","County","SNOUFFERS SCHOOL RD","WOODFIELD RD",,"N/A","PEDESTRIAN","SINGLE VEHICLE","CLOUDY","DRY","DARK LIGHTS ON","WARNING SIGN","NONE DETECTED","ALCOHOL PRESENT","A571EEEA-6D0C-4E05-9971-F9CCFE06EE58","PEDESTRIAN","Cross/Enter not at Intersection","DART DASH","ISLAND","Yes","SUSPECTED SERIOUS INJURY","NONE","39.16084","-77.16312333","    (39.16084, -77.16312333)"
"MCP3161001S","190048151","Montgomery County Police","Injury Crash","10/07/2019 03:39:00 PM","Maryland (State)","UNIVERSITY BLVD W","PERRY AVE",,"KENSINGTON","PEDESTRIAN","SAME DIR REAR END","CLEAR","DRY","DAYLIGHT","N/A","NONE DETECTED","NONE DETECTED","EBEEDCC1-4C2C-4A6A-B12E-126804D64FFC","PEDESTRIAN","Cross/Enter at Intersection","UNKNOWN","ON ROADWAY AT CROSSWALK","No","POSSIBLE INJURY","NONE","39.03274833","-77.07378833","    (39.03274833, -77.07378833)"
"MCP3161001S","190048151","Montgomery County Police","Injury Crash","10/07/2019 03:39:00 PM","Maryland (State)","UNIVERSITY BLVD W","PERRY AVE",,"KENSINGTON","PEDESTRIAN","SAME DIR REAR END","CLEAR","DRY","DAYLIGHT","N/A","NONE DETECTED","NONE DETECTED","7B8D538E-C5E5-4982-8B40-5AD24E079F91","PEDESTRIAN","Cross/Enter at Intersection","UNKNOWN","ON ROADWAY AT CROSSWALK","No","NO APPARENT INJURY","NONE","39.03274833","-77.07378833","    (39.03274833, -77.07378833)"
"MCP3161001S","190048151","Montgomery County Police","Injury Crash","10/07/2019 03:39:00 PM","Maryland (State)","UNIVERSITY BLVD W","PERRY AVE",,"KENSINGTON","PEDESTRIAN","SAME DIR REAR END","CLEAR","DRY","DAYLIGHT","N/A","NONE DETECTED","NONE DETECTED","10E8645F-28F0-47A3-9F86-1967E2B03C01","PEDESTRIAN","Cross/Enter at Intersection","UNKNOWN","ON ROADWAY AT CROSSWALK","No","POSSIBLE INJURY","NONE","39.03274833","-77.07378833","    (39.03274833, -77.07378833)"
"DD56300026","190049187","Rockville Police Departme","Property Damage Crash","10/07/2019 07:55:00 AM","Municipality","MARYLAND AVE","NEW MARK ESPLANADE",,"ROCKVILLE","BICYCLIST","OTHER","CLEAR","DRY","DAYLIGHT","NO CONTROLS","UNKNOWN","NONE DETECTED","33E91FB8-8469-44E0-ADC4-67F645112AB3","BICYCLIST","Other","NO IMPROPER ACTIONS","ON ROADWAY AT CROSSWALK","No","NO APPARENT INJURY","NONE","39.08654","-77.13022","    (39.08654, -77.13022)"
"MCP1575009K","190048063","Montgomery County Police","Injury Crash","10/07/2019 07:41:00 AM","County","CRABBS BRANCH WAY","REDLAND RD",,"N/A","BICYCLIST","OTHER","CLOUDY","DRY","DAYLIGHT","TRAFFIC SIGNAL","NONE DETECTED","NONE DETECTED","43E22780-ED05-47D4-8D23-1702A0B9AD8C","BICYCLIST","Cross/Enter at Intersection","IN ROADWAY IMPROPERLY","ON ROADWAY NOT AT CROSSWALK","No","POSSIBLE INJURY","MC/BIKE HELMET","39.12108167","-77.15834833","    (39.12108167, -77.15834833)"
"MCP1433002P","190048012","Montgomery County Police","Injury Crash","10/06/2019 07:30:00 PM",,,,"ENTRANCE TO FEDERAL PLAZA SHOPPING CENTER",,"PEDESTRIAN","OTHER","CLOUDY",,"DARK LIGHTS ON","TRAFFIC SIGNAL","NONE DETECTED","NONE DETECTED","B3B59870-6E5C-4F19-931F-C313B7AFE458","PEDESTRIAN","Cross/Enter at Intersection","NO IMPROPER ACTIONS","ON ROADWAY AT CROSSWALK","No","POSSIBLE INJURY","NONE","39.05744564","-77.12036467","    (39.05744564, -77.12036467)"
"MCP3050003X","190047996","Montgomery County Police","Injury Crash","10/06/2019 06:17:00 PM","County","GRENOBLE CT","GRENOBLE DR",,"N/A","BICYCLIST","SINGLE VEHICLE","CLEAR","DRY","DAYLIGHT","NO CONTROLS","NONE DETECTED","NONE DETECTED","FE8A870F-390C-485F-99ED-77C3D0B40ED6","BICYCLIST","Other","DART DASH","AT INTERSECTION BUT NO CROSSWALK","No","SUSPECTED MINOR INJURY","MC/BIKE HELMET","39.07023734","-77.08879965","    (39.07023734, -77.08879965)"
"EJ7851004R","190047966","Gaithersburg Police Depar","Injury Crash","10/06/2019 02:51:00 PM","Maryland (State)","FREDERICK RD","MARYLAND AVE",,"GAITHERSBURG","PEDESTRIAN","SINGLE VEHICLE","CLOUDY","DRY","DAYLIGHT","NO CONTROLS","NONE DETECTED","NONE DETECTED","257DF127-10F0-4697-B21E-2CE00D0F737D","PEDESTRIAN","Standing","N/A","ON ROADWAY NOT AT CROSSWALK","Yes","POSSIBLE INJURY","NONE","39.14538076","-77.20329128","    (39.14538076, -77.20329128)"
"DD56420002","190047941","Rockville Police Departme","Injury Crash","10/06/2019 11:52:00 AM",,,,"PARKING LOT OF 344 MARTINS LN.",,"PEDESTRIAN","OTHER","CLEAR",,"DAYLIGHT","NO CONTROLS","NONE DETECTED","N/A","506213E0-BF1D-4FF9-89CD-872860B4D3BE","PEDESTRIAN","N/A","NO IMPROPER ACTIONS","OTHER","No","SUSPECTED MINOR INJURY","N/A","39.09104914","-77.16127881","    (39.09104914, -77.16127881)"
"DD56420002","190047941","Rockville Police Departme","Injury Crash","10/06/2019 11:52:00 AM",,,,"PARKING LOT OF 344 MARTINS LN.",,"PEDESTRIAN","OTHER","CLEAR",,"DAYLIGHT","NO CONTROLS","NONE DETECTED","N/A","D57D2673-A95D-4E3F-BC3E-880E0478096B","PEDESTRIAN","N/A","NO IMPROPER ACTIONS","OTHER","No","SUSPECTED MINOR INJURY","N/A","39.09104914","-77.16127881","    (39.09104914, -77.16127881)"
"MCP3201000F","190047924","Montgomery County Police","Injury Crash","10/06/2019 09:17:00 AM",,,,"PARKING LOT OF 13114 BRIARCLIFF TERRACE.",,"PEDESTRIAN","OTHER","CLOUDY",,"DAYLIGHT","NO CONTROLS","N/A","N/A","6DE63A68-117D-49A8-9BEC-1DE40C9DDC69","PEDESTRIAN","Playing","IN ROADWAY IMPROPERLY","OTHER","Yes","SUSPECTED SERIOUS INJURY","NONE","39.18211656","-77.27417256","    (39.18211656, -77.27417256)"