"Report Number","Local Case Number","Agency Name","ACRS Report Type","Crash Date/Time","Route Type","Road Name","Cross-Street Name","Off-Road Description","Municipality","Related Non-Motorist","Collision Type","Weather","Surface Condition","Light","Traffic Control","Driver Substance Abuse","Non-Motorist Substance Abuse","Person ID","Pedestrian Type","Pedestrian Movement","Pedestrian Actions","Pedestrian Location","At Fault","Injury Severity","Safety Equipment","Latitude","Longitude","Location"
"MCP26150037","190047703","Montgomery County Police","Property Damage Crash","10/04/2019 06:38:00 PM",,,,"13855 OUTLET DRIVE,
SILVER SPRING, MD, 20904",,"PEDESTRIAN","OTHER","CLEAR",,"DAYLIGHT","NO CONTROLS","UNKNOWN","NONE DETECTED","383B9F92-7FE7-4BAE-AAD2-84450AC7095A","PEDESTRIAN","Standing","N/A","OTHER","No","NO APPARENT INJURY","N/A","39.08240609","-76.94673901","    (39.08240609, -76.94673901)"
"MCP3141001C","190047569","Montgomery County Police","Injury Crash","10/04/2019 08:11:00 AM",,,,"12289 TECH ROAD, SILVER SPRING, MONTGOMERY COUNTY MD.",,"PEDESTRIAN","SINGLE VEHICLE","N/A",,"DAYLIGHT","NO CONTROLS","UNKNOWN","NONE DETECTED","A5387573-2B50-4DAB-A4D2-5A871CACD313","PEDESTRIAN","Cross/Enter at Intersection","NO IMPROPER ACTIONS","ON ROADWAY AT CROSSWALK","No","POSSIBLE INJURY","NONE","39.05628324","-76.96821265","    (39.05628324, -76.96821265)"
"MCP29950055","190047077","Montgomery County Police","Injury Crash","10/02/2019 04:35:00 PM",,,,"PARKING LOT OF 4101 RANDOLPH RD. SILVER SPRING, MD 20906. (SHELL GAS STATION)",,"PEDESTRIAN","N/A","CLEAR",,"DAYLIGHT","NO CONTROLS","NONE DETECTED","NONE DETECTED","3ACB19FD-9E19-4DE0-9820-391345037DA0","PEDESTRIAN","Standing","OTHER","OTHER","No","POSSIBLE INJURY","N/A","39.09205","-77.06954167","    (39.09205, -77.06954167)"
"MCP2869003W","190047272","Montgomery County Police","Injury Crash","10/02/2019 02:40:00 PM","County","KERWIN RD","UNIVERSITY BLVD W",,"N/A","BICYCLIST","OTHER","N/A","DRY","DAYLIGHT","STOP SIGN","UNKNOWN","NONE DETECTED","FFEC9862-6481-4B52-A6AD-31537C818010","BICYCLIST","Cross/Enter at Intersection","NO IMPROPER ACTIONS","AT INTERSECTION BUT NO CROSSWALK","No","SUSPECTED MINOR INJURY","MC/BIKE HELMET","39.02979358","-77.02100592","    (39.02979358, -77.02100592)"
"MCP2917005K","190047266","Montgomery County Police","Injury Crash","10/02/2019 02:34:00 PM","Maryland (State)","NEW HAMPSHIRE AVE","BRIGHTON DAM RD",,"N/A","BICYCLIST","SAME DIR REAR END","CLEAR","DRY","DAYLIGHT","NO CONTROLS","NONE DETECTED","NONE DETECTED","23BE9A5F-3A32-4A9B-B987-31CD58DECAFC","BICYCLIST","Walking/Riding w/Traffic","IN ROADWAY IMPROPERLY","SHOULDER","Unknown","SUSPECTED MINOR INJURY","NONE","39.19523661","-77.02560639","    (39.19523661, -77.02560639)"
"MCP30030047","190047192","Montgomery County Police","Injury Crash","10/02/2019 08:26:00 AM","Maryland (State)","WISCONSIN AVE","BRADLEY LA",,"N/A","BICYCLIST","OTHER","CLEAR","DRY","DAYLIGHT","TRAFFIC SIGNAL","NONE DETECTED","NONE DETECTED","0F8B5B6F-D2BE-4011-9FFF-F41CDF7C99D2","BICYCLIST","Cross/Enter at Intersection","UNKNOWN","ON ROADWAY AT CROSSWALK","Unknown","SUSPECTED MINOR INJURY","MC/BIKE HELMET","38.97714917","-77.0908033","    (38.97714917, -77.0908033)"
"MCP31090039","190046689","Montgomery County Police","Injury Crash","09/29/2019 02:50:00 PM","County","FENTON ST","SILVER SPRING AVE",,"N/A","BICYCLIST","SAME DIRECTION LEFT TURN","CLEAR","DRY","DAYLIGHT","NO CONTROLS","NONE DETECTED","NONE DETECTED","73BB0070-8867-478B-A1FC-3CF519878D27","BICYCLIST","Walking/Riding w/Traffic","OTHER","ON ROADWAY NOT AT CROSSWALK","Unknown","SUSPECTED MINOR INJURY","MC/BIKE HELMET","38.99094767","-77.02418567","    (38.99094767, -77.02418567)"
"MCP2039005P","190046658","Montgomery County Police","Injury Crash","09/29/2019 10:45:00 AM","Maryland (State)","CONNECTICUT AVE","ASPEN HILL RD",,"N/A","BICYCLIST","HEAD ON LEFT TURN","CLEAR","DRY","DAYLIGHT","TRAFFIC SIGNAL","N/A","N/A","3BC7DC7E-F6FB-4AB2-99DE-2EB1B9C35E57","BICYCLIST","Other","UNKNOWN","ON ROADWAY NOT AT CROSSWALK","Unknown","SUSPECTED MINOR INJURY","N/A","39.08048","-77.08027833","    (39.08048, -77.08027833)"
"MCP3057001W","190049143","Montgomery County Police","Injury Crash","09/29/2019 02:30:00 AM",,,,"PARKING LOT OF SENECA VALLEY H.S. 19401 CRYSTAL ROCK DR",,"PEDESTRIAN","OTHER","CLEAR",,"N/A","N/A",,"NONE DETECTED","6F572B7F-C122-4DD3-8386-818CC414C1AE","PEDESTRIAN","Push/Work on Vehicle","UNKNOWN","OTHER","Unknown","POSSIBLE INJURY","N/A","39.17633667","-77.26390167","    (39.17633667, -77.26390167)"
"MCP30630020","190046416","Montgomery County Police","Injury Crash","09/27/2019 06:51:00 PM","County","HOLLYWOOD AVE","NEW HAMPSHIRE AVE",,"N/A","BICYCLIST","N/A","CLEAR","DRY","DAYLIGHT","N/A","N/A","N/A","899B3E60-58D1-4E3B-87D4-4061520D4804","BICYCLIST","Playing","INATTENTIVE","OTHER","Yes","POSSIBLE INJURY","NONE","39.06412222","-76.99740345","    (39.06412222, -76.99740345)"
"MCP137800S9","190046402","Montgomery County Police","Injury Crash","09/27/2019 05:31:00 PM","Municipality","ODENDHAL AVE","FREDERICK RD",,"N/A","PEDESTRIAN","SINGLE VEHICLE","CLEAR","DRY","DAYLIGHT","NO CONTROLS","NONE DETECTED","NONE DETECTED","7A588CBC-E0F0-4103-BA5B-A612F4C7D9C9","PEDESTRIAN","Cross/Enter at Intersection","NO IMPROPER ACTIONS","SIDEWALK","No","POSSIBLE INJURY","N/A","39.14905667","-77.20646333","    (39.14905667, -77.20646333)"
"DD5631002S","190046191","Rockville Police Departme","Property Damage Crash","09/26/2019 03:26:00 PM","Municipality","FALLSGROVE DR","OAK KNOLL DR",,"ROCKVILLE","BICYCLIST","OTHER","CLEAR","DRY","DAYLIGHT","STOP SIGN","NONE DETECTED","NONE DETECTED","FED53CBD-78E8-4BE4-A765-31D0BA8E3DAC","BICYCLIST","Cross/Enter at Intersection","NO IMPROPER ACTIONS","N/A","No","NO APPARENT INJURY","NONE","39.09560167","-77.19220333","    (39.09560167, -77.19220333)"
"MCP242500FG","190046147","Montgomery County Police","Injury Crash","09/26/2019 11:34:00 AM","Maryland (State)","COLESVILLE RD","SECOND AVE",,"N/A","PEDESTRIAN","SINGLE VEHICLE","N/A","DRY","DAYLIGHT","TRAFFIC SIGNAL","NONE DETECTED","NONE DETECTED","3A26A2EE-2B62-488E-8BF2-A6AD83C4A6C9","PEDESTRIAN","Cross/Enter at Intersection","NO IMPROPER ACTIONS","AT INTERSECTION MARKED CROSSWALK","No","SUSPECTED MINOR INJURY","NONE","38.99455167","-77.03069833","    (38.99455167, -77.03069833)"
"MCP102200D3","190046149","Montgomery County Police","Injury Crash","09/26/2019 11:33:00 AM","Other Public Roadway","HILLCREST DR","FREDERICK RD",,"N/A","PEDESTRIAN","SINGLE VEHICLE","CLOUDY","DRY","DAYLIGHT","NO CONTROLS","NONE DETECTED","NONE DETECTED","6336FB31-6329-4765-8F1D-10DAAEF8ADB8","PEDESTRIAN","Cross/Enter not at Intersection","NO IMPROPER ACTIONS","ON ROADWAY NOT AT CROSSWALK","No","SUSPECTED SERIOUS INJURY","NONE","39.17669667","-77.23792167","    (39.17669667, -77.23792167)"
"DD5636000H","190046115","Rockville Police Departme","Injury Crash","09/26/2019 08:10:00 AM","Municipality","PICCARD DR","W GUDE DR",,"ROCKVILLE","BICYCLIST","OTHER","CLEAR","DRY","DAYLIGHT","NO CONTROLS","NONE DETECTED","NONE DETECTED","5160D481-97A8-478B-90D6-3788C33AC0B5","BICYCLIST","N/A","NO IMPROPER ACTIONS","SIDEWALK","No","SUSPECTED MINOR INJURY","MC/BIKE HELMET","39.10320783","-77.17794864","    (39.10320783, -77.17794864)"
"MCP102200D2","190046106","Montgomery County Police","Injury Crash","09/26/2019 07:04:00 AM","County","STEEPLE RD","HIGHSTREAM DR",,"N/A","PEDESTRIAN","SINGLE VEHICLE","CLEAR","DRY","DAWN","NO CONTROLS","NONE DETECTED","NONE DETECTED","0E4F7E30-E915-4419-BE7A-5E20646AC01A","PEDESTRIAN","Cross/Enter at Intersection","NO IMPROPER ACTIONS","AT INTERSECTION BUT NO CROSSWALK","No","SUSPECTED SERIOUS INJURY","NONE","39.17207833","-77.28908833","    (39.17207833, -77.28908833)"
"MCP2720003Y","190046096","Montgomery County Police","Injury Crash","09/26/2019 03:01:00 AM","Maryland (State)","GEORGIA AVE","VERONA DR",,"N/A","PEDESTRIAN","SINGLE VEHICLE","CLEAR","DRY","DARK -- UNKNOWN LIGHTING","NO CONTROLS","UNKNOWN","ALCOHOL PRESENT","C09EC55D-5D5B-49F1-A804-B1CF0E8EF76D","PEDESTRIAN","Cross/Enter not at Intersection","IN ROADWAY IMPROPERLY","ON ROADWAY NOT AT CROSSWALK","Yes","SUSPECTED SERIOUS INJURY","NONE","39.07491918","-77.06742952","    (39.07491918, -77.06742952)"
"MCP2853006P","190046041","Montgomery County Police","Injury Crash","09/25/2019 06:15:00 PM","Maryland (State)","UNIVERSITY BLVD E","COLESVILLE RD",,"N/A","BICYCLIST","OTHER","N/A","DRY","DAYLIGHT","TRAFFIC SIGNAL","N/A","N/A","051670A4-779E-4DAB-852B-653FD54BF76A","BICYCLIST","Cross/Enter at Intersection","NO IMPROPER ACTIONS","AT INTERSECTION MARKED CROSSWALK","No","SUSPECTED MINOR INJURY","MC/BIKE HELMET","39.01966077","-77.01314944","    (39.01966077, -77.01314944)"
"MCP3077001C","190046017","Montgomery County Police","Injury Crash","09/25/2019 04:36:00 PM","Maryland (State)","GREAT SENECA HWY","MATENY RD",,"N/A","BICYCLIST","OTHER","CLEAR","DRY","DAYLIGHT","NO CONTROLS","N/A","N/A","2463397E-4B02-4D31-8863-951E5486BB04","BICYCLIST","Cross/Enter at Intersection","OTHER","ON ROADWAY AT CROSSWALK","Yes","POSSIBLE INJURY","NONE","39.16442333","-77.27305167","    (39.16442333, -77.27305167)"
"MCP3205000B","190045884","Montgomery County Police","Injury Crash","09/24/2019 10:27:00 PM","Other Public Roadway","GEORGIAN WAY","GEORGIAN WOODS PL",,"N/A","PEDESTRIAN","OTHER","N/A","DRY","DARK LIGHTS ON","N/A","ALCOHOL PRESENT","NONE DETECTED","26D24FA1-26C6-41D3-AC0F-ABF7CEBDB268","PEDESTRIAN","Other Working","OTHER","OTHER","No","SUSPECTED MINOR INJURY","N/A","39.05460802","-77.04683717","    (39.05460802, -77.04683717)"
"MCP3019002L","190045835","Montgomery County Police","Injury Crash","09/24/2019 06:30:00 PM","County","GROSVENOR LA","FLEMING AVE",,"N/A","PEDESTRIAN","SAME DIRECTION SIDESWIPE","CLEAR","DRY","DAYLIGHT","NO CONTROLS","NONE DETECTED","NONE DETECTED","98D48BA2-CABD-41F3-8C88-073F53DDC744","PEDESTRIAN","Getting off/on Vehicle","NO IMPROPER ACTIONS","ON ROADWAY NOT AT CROSSWALK","No","POSSIBLE INJURY","NONE","39.02273833","-77.11221833","    (39.02273833, -77.11221833)"
"MCP29820030","190045820","Montgomery County Police","Injury Crash","09/24/2019 05:40:00 PM","County","FRANKLIN AVE","EVERGREEN ST",,"N/A","PEDESTRIAN","OTHER","CLEAR","DRY","DAYLIGHT","NO CONTROLS","NONE DETECTED","NONE DETECTED","7B6CD99E-C69A-4735-BD73-748972275F9E","PEDESTRIAN","Cross/Enter not at Intersection","DART DASH","OTHER","Yes","SUSPECTED MINOR INJURY","N/A","39.01076333","-77.00657667","    (39.01076333, -77.00657667)"
"MCP271700QJ","190045681","Montgomery County Police","Injury Crash","09/24/2019 07:55:00 AM","Maryland (State)","ROCKVILLE PIKE","NICHOLSON LA",,"N/A","PEDESTRIAN","OTHER","CLEAR","DRY","DAYLIGHT","TRAFFIC SIGNAL","NONE DETECTED","NONE DETECTED","9336540B-2A30-449B-BA97-82238310B209","PEDESTRIAN","Cross/Enter at Intersection","NO IMPROPER ACTIONS","ON ROADWAY AT CROSSWALK","No","SUSPECTED MINOR INJURY","NONE","39.04454217","-77.11185467","    (39.04454217, -77.11185467)"
"EJ78700020","190045638","Gaithersburg Police Depar","Injury Crash","09/23/2019 08:02:00 PM","County","FIELDS RD","RIO BLVD",,"GAITHERSBURG","OTHER CONVEYANCE","STRAIGHT MOVEMENT ANGLE","CLEAR","DRY","DARK LIGHTS ON","NO CONTROLS","NONE DETECTED","NONE DETECTED","AFA9DE77-1C2F-4ABE-8055-0046E48913B4","OTHER CONVEYANCE","Cross/Enter not at Intersection","FAILURE TO YIELD RIGHT OF WAY","ON ROADWAY AT CROSSWALK","Yes","POSSIBLE INJURY","NONE","39.11428548","-77.20563496","    (39.11428548, -77.20563496)"
"MCP3039004G","190045636","Montgomery County Police","Injury Crash","09/23/2019 07:30:00 PM",,,,"SIDEWALK AT 8100 BLOCK OF GEORGIA AVENUE",,"BICYCLIST, PEDESTRIAN","SAME DIR REAR END","CLEAR",,"DARK LIGHTS ON","NO CONTROLS",,"UNKNOWN","075977C3-F02E-4A01-84A8-8370C7E5F3CC","BICYCLIST","Walking/Cycling on Sidewalk","INATTENTIVE","SIDEWALK","Yes","NO APPARENT INJURY","NONE","38.99117","-77.02694","    (38.99117, -77.02694)"
"MCP3039004G","190045636","Montgomery County Police","Injury Crash","09/23/2019 07:30:00 PM",,,,"SIDEWALK AT 8100 BLOCK OF GEORGIA AVENUE",,"BICYCLIST, PEDESTRIAN","SAME DIR REAR END","CLEAR",,"DARK LIGHTS ON","NO CONTROLS",,"NONE DETECTED","3D3BE0F3-D1F6-4781-87E9-DC7B4A5C7597","PEDESTRIAN","Walking/Cycling on Sidewalk","NO IMPROPER ACTIONS","SIDEWALK","No","SUSPECTED MINOR INJURY","N/A","38.99117","-77.02694","    (38.99117, -77.02694)"
"HA23050008","19002576","Maryland-National Capital","Property Damage Crash","09/23/2019 03:00:00 PM",,,,"18228 MUNCASTER ROAD",,"OTHER","SINGLE VEHICLE","CLOUDY",,"DAYLIGHT","NO CONTROLS",,"NONE DETECTED","CE1DD708-83F1-4FBF-90BC-5FFBB0E57ADE","OTHER","Other","OTHER","OTHER","Yes","NO APPARENT INJURY","NONE","39.15427045","-77.13279312","    (39.15427045, -77.13279312)"
"MCP2559003K","190045569","Montgomery County Police","Injury Crash","09/23/2019 01:41:00 PM",,,,"PARKING LOT OF 12197 DARNESTOWN RD",,"PEDESTRIAN","OTHER","CLEAR",,"DAYLIGHT","N/A","N/A","N/A","7ED8FCA8-B471-435B-9CF0-287EB6CA785B","PEDESTRIAN","Other","NO IMPROPER ACTIONS","OTHER","No","POSSIBLE INJURY","NONE","39.11773333","-77.25130167","    (39.11773333, -77.25130167)"
"MCP26710023","190045440","Montgomery County Police","Property Damage Crash","09/22/2019 03:20:00 PM","County","DEXTER AVE","GEORGIA AVE",,"N/A","BICYCLIST","SINGLE VEHICLE","CLEAR","DRY","DAYLIGHT","STOP SIGN","NONE DETECTED","NONE DETECTED","C881FC78-E916-4F09-9245-9D55A61F7EEC","BICYCLIST","Cross/Enter at Intersection","NO IMPROPER ACTIONS","AT INTERSECTION BUT NO CROSSWALK","No","NO APPARENT INJURY","NONE","39.02221348","-77.04513091","    (39.02221348, -77.04513091)"
"MCP1174003T","190045056","Montgomery County Police","Injury Crash","09/20/2019 10:09:00 AM","Maryland (State)","WISCONSIN AVE","MIDDLETON LA",,"N/A","PEDESTRIAN","SINGLE VEHICLE","CLEAR","DRY","DAYLIGHT","PERSON","UNKNOWN","NONE DETECTED","49FA17D4-6FE9-43F1-AA2E-054D7A78EF04","PEDESTRIAN","Standing","NO IMPROPER ACTIONS","ON ROADWAY NOT AT CROSSWALK","No","POSSIBLE INJURY","REFLECTIVE CLOTHING","38.98695093","-77.09486145","    (38.98695093, -77.09486145)"
"MCP9404002C","190045043","Montgomery County Police","Injury Crash","09/20/2019 09:12:00 AM","Municipality","GIRARD ST","GOSHEN RD",,"N/A","PEDESTRIAN","OTHER","N/A","DRY","DAYLIGHT","TRAFFIC SIGNAL","NONE DETECTED","N/A","B6A9695D-20C6-4783-BEAC-ABDC1FC7E852","PEDESTRIAN","Cross/Enter at Intersection","N/A","AT INTERSECTION MARKED CROSSWALK","No","POSSIBLE INJURY","NONE","39.15070167","-77.19223333","    (39.15070167, -77.19223333)"
"MCP1151009Y","190045030","Montgomery County Police","Injury Crash","09/20/2019 06:25:00 AM","County","CLARKSBURG RD","MOXLEY RD",,"N/A","PEDESTRIAN","SAME DIRECTION SIDESWIPE","CLEAR","DRY","DARK NO LIGHTS","N/A","UNKNOWN","NONE DETECTED","C909767E-8F52-42CA-9D0A-A157AB00603E","PEDESTRIAN","Walking/Riding w/Traffic","NOT VISIBLE","ON ROADWAY NOT AT CROSSWALK","Yes","SUSPECTED SERIOUS INJURY","N/A","39.31167578","-77.23862919","    (39.31167578, -77.23862919)"
"MCP2931003V","190044970","Montgomery County Police","Injury Crash","09/19/2019 07:39:00 PM","County","E JEFFERSON ST","ENT TO FEDERAL PLAZA SC",,"N/A","BICYCLIST","OTHER","CLEAR","N/A","DARK NO LIGHTS","N/A","N/A","N/A","2E3A7F28-83C1-43BF-9CA8-482444F60184","BICYCLIST","Cross/Enter at Intersection","NO IMPROPER ACTIONS","AT INTERSECTION MARKED CROSSWALK","No","POSSIBLE INJURY","MC/BIKE HELMET","39.05649333","-77.12632","    (39.05649333, -77.12632)"
"MCP2728006F","190044758","Montgomery County Police","Injury Crash","09/18/2019 05:47:00 PM","Maryland (State)","EAST WEST HWY","BLAIR MILL WAY",,"N/A","PEDESTRIAN","OTHER","CLEAR","DRY","DAYLIGHT","STOP SIGN","NONE DETECTED","NONE DETECTED","D47A6140-C340-4FC4-B570-20C7BDC5A07E","PEDESTRIAN","Cross/Enter at Intersection","NO IMPROPER ACTIONS","AT INTERSECTION MARKED CROSSWALK","No","POSSIBLE INJURY","NONE","38.98890167","-77.02780167","    (38.98890167, -77.02780167)"
"MCP3010004F","190044523","Montgomery County Police","Injury Crash","09/17/2019 01:23:00 PM","Maryland (State)","ROCKVILLE PIKE","ENT TO WHITE FLINT MALL",,"N/A","OTHER CONVEYANCE","OTHER","CLEAR","DRY","DAYLIGHT","YIELD SIGN","N/A","N/A","93BC58B3-7CA2-4056-8584-515B2E15946C","OTHER CONVEYANCE","Cross/Enter at Intersection","NO IMPROPER ACTIONS","AT INTERSECTION BUT NO CROSSWALK","No","SUSPECTED MINOR INJURY","NONE","39.043295","-77.11060167","    (39.043295, -77.11060167)"
"HA24510007","19002496","Maryland-National Capital","Injury Crash","09/15/2019 03:35:00 PM","Government","BEACH DR","WEXFORD DR",,"N/A","BICYCLIST","OTHER","CLEAR","DRY","DAYLIGHT","N/A","NONE DETECTED","N/A","2307DF7E-2A41-45D4-B9EE-6C32D0AA1804","BICYCLIST","Walking/Riding w/Traffic","NO IMPROPER ACTIONS","SHOULDER","No","SUSPECTED MINOR INJURY","MC/BIKE HELMET","39.03754636","-77.08591912","    (39.03754636, -77.08591912)"
"MCP3050003P","190044137","Montgomery County Police","Injury Crash","09/15/2019 01:55:00 AM","Maryland (State)","CONNECTICUT AVE","CONNECTICUT AVE SERVICE RD",,"N/A","PEDESTRIAN","SINGLE VEHICLE","CLEAR","DRY","DARK NO LIGHTS","NO CONTROLS","NONE DETECTED","UNKNOWN","4D11B2ED-1843-4E87-8F94-372BC1AFB707","PEDESTRIAN","Cross/Enter not at Intersection","IN ROADWAY IMPROPERLY","ON ROADWAY NOT AT CROSSWALK","Yes","SUSPECTED SERIOUS INJURY","NONE","39.07078","-77.07627167","    (39.07078, -77.07627167)"
"MCP3059003X","190044082","Montgomery County Police","Injury Crash","09/14/2019 07:26:00 PM","Maryland (State)","GEORGIA AVE","ASPEN HILL RD",,"N/A","BICYCLIST, PEDESTRIAN","OTHER","CLEAR","DRY","DARK LIGHTS ON","N/A","NONE DETECTED","NONE DETECTED","8FBEFCD7-2747-450B-9F2E-61BC38071B95","BICYCLIST","Walking/Cycling on Sidewalk","IN ROADWAY IMPROPERLY","SIDEWALK","Yes","SUSPECTED MINOR INJURY","NONE","39.080315","-77.07443833","    (39.080315, -77.07443833)"
"MCP3059003X","190044082","Montgomery County Police","Injury Crash","09/14/2019 07:26:00 PM","Maryland (State)","GEORGIA AVE","ASPEN HILL RD",,"N/A","BICYCLIST, PEDESTRIAN","OTHER","CLEAR","DRY","DARK LIGHTS ON","N/A","NONE DETECTED","UNKNOWN","66C35216-EEFC-4E73-89D4-B93BCF8D546A","PEDESTRIAN","Walking/Cycling on Sidewalk","NO IMPROPER ACTIONS","SIDEWALK","No","NO APPARENT INJURY","UNKNOWN","39.080315","-77.07443833","    (39.080315, -77.07443833)"
"MCP0942002C","190044036","Montgomery County Police","Injury Crash","09/14/2019 01:00:00 PM","County","WOODMONT AVE","MILLER AVE",,"N/A","PEDESTRIAN","OTHER","CLEAR","DRY","DAYLIGHT","NO CONTROLS","NONE DETECTED","NONE DETECTED","4D1B03B8-E34F-4FD8-969C-06491F449A5B","PEDESTRIAN","Cross/Enter not at Intersection","NO IMPROPER ACTIONS","ON ROADWAY NOT AT CROSSWALK","No","POSSIBLE INJURY","NONE","38.98062167","-77.094625","    (38.98062167, -77.094625)"
"MCP1334008D","190043816","Montgomery County Police","Injury Crash","09/13/2019 06:55:00 AM","County","WIGHTMAN RD","PLEASANT RIDGE DR",,"N/A","PEDESTRIAN","SINGLE VEHICLE","CLOUDY","DRY","DAYLIGHT","TRAFFIC SIGNAL","UNKNOWN","NONE DETECTED","DD0CE177-E4B0-44D1-A7B0-256A712173F1","PEDESTRIAN","Cross/Enter at Intersection","IN ROADWAY IMPROPERLY","ON ROADWAY AT CROSSWALK","Yes","SUSPECTED MINOR INJURY","NONE","39.19060996","-77.19192752","    (39.19060996, -77.19192752)"
"MCP31920008","190043756","Montgomery County Police","Injury Crash","09/12/2019 07:22:00 PM",,,,"11277 NEW HAMPSHIRE AVE.AT THE BACK PARKING LOT",,"PEDESTRIAN","OTHER","CLEAR",,"DARK LIGHTS ON","NO CONTROLS","NONE DETECTED","NONE DETECTED","3D9EF021-ECA0-4347-924F-83AFE4D1A5C9","PEDESTRIAN","Cross/Enter not at Intersection","IN ROADWAY IMPROPERLY","OTHER","Unknown","SUSPECTED MINOR INJURY","NONE","39.04081011","-76.99101255","    (39.04081011, -76.99101255)"
"MCP0685004P","190043686","Montgomery County Police","Injury Crash","09/12/2019 12:07:00 PM",,,,"PARKING LOT 16101 FREDERICK RD",,"PEDESTRIAN","OTHER","CLEAR",,"DAYLIGHT","NO CONTROLS","NONE DETECTED","NONE DETECTED","98112BBA-6A17-44FA-AE30-870562F6A865","PEDESTRIAN","Push/Work on Vehicle","OTHER","OTHER","No","SUSPECTED MINOR INJURY","N/A","39.122935","-77.17353","    (39.122935, -77.17353)"
"MCP24920016","190043484","Montgomery County Police","Fatal Crash","09/11/2019 10:20:00 AM",,"COPLEY PLACE","ENTRANCE TO HARRIS TEETER PARKING LOT",,"N/A","PEDESTRIAN","OTHER","CLEAR","DRY","DAYLIGHT","STOP SIGN","NONE DETECTED","NONE DETECTED","AA12FD97-FA1C-49C9-9713-48179F3DA673","PEDESTRIAN","Cross/Enter at Intersection","IN ROADWAY IMPROPERLY","ON ROADWAY NOT AT CROSSWALK","Yes","FATAL INJURY","N/A","39.11481531","-77.20692953","    (39.11481531, -77.20692953)"
"MCP271700QC","190043472","Montgomery County Police","Injury Crash","09/11/2019 09:30:00 AM","County","NEBEL ST","MARINELLI RD",,"N/A","PEDESTRIAN","SINGLE VEHICLE","CLEAR","DRY","DAYLIGHT","STOP SIGN","NONE DETECTED","NONE DETECTED","00F98930-4730-40C9-AFBE-FF87469D822F","PEDESTRIAN","Cross/Enter at Intersection","NO IMPROPER ACTIONS","ON ROADWAY AT CROSSWALK","No","SUSPECTED MINOR INJURY","N/A","39.04783133","-77.1055885","    (39.04783133, -77.1055885)"
"MCP3153001G","190043200","Montgomery County Police","Injury Crash","09/09/2019 03:56:00 PM","Maryland (State)","VEIRS MILL RD","CLARIDGE RD",,"N/A","OTHER","SINGLE VEHICLE","CLOUDY","DRY","DAYLIGHT","TRAFFIC SIGNAL","ALCOHOL CONTRIBUTED","N/A","DB031711-6D0C-424F-8219-299034775A14","OTHER","N/A","NO IMPROPER ACTIONS","INSIDE BUILDING","No","NO APPARENT INJURY","N/A","39.04872","-77.06927","    (39.04872, -77.06927)"
"MCP158000BX","190043197","Montgomery County Police","Injury Crash","09/09/2019 03:45:00 PM","County","DIAMONDBACK DR","KEY WEST AVE",,"N/A","PEDESTRIAN","STRAIGHT MOVEMENT ANGLE","CLOUDY","DRY","DAYLIGHT","TRAFFIC SIGNAL","NONE DETECTED","NONE DETECTED","BD4DDE2F-1195-4CA6-878F-C1537CE618CF","PEDESTRIAN","Cross/Enter at Intersection","NO IMPROPER ACTIONS","ON ROADWAY AT CROSSWALK","No","SUSPECTED MINOR INJURY","OTHER","39.10530833","-77.20160667","    (39.10530833, -77.20160667)"
"MCP1174003S","190043113","Montgomery County Police","Injury Crash","09/09/2019 07:42:00 AM",,,,"THE DRIVEWAY TO 9101 CEDAR LA. THE STONE RIDGE SCHOOL OF THE SACRED HEART.",,"PEDESTRIAN","SINGLE VEHICLE","CLEAR",,"DAYLIGHT","PERSON","NONE DETECTED","NONE DETECTED","AE3B8D6F-EDF8-4094-8C45-0DD45DAAD190","PEDESTRIAN","Other Working","NO IMPROPER ACTIONS","N/A","No","SUSPECTED MINOR INJURY","REFLECTIVE CLOTHING","39.00662868","-77.09501721","    (39.00662868, -77.09501721)"
"MCP2846005D","190042940","Montgomery County Police","Injury Crash","09/07/2019 05:45:00 PM","County","ELKIN ST","UNIVERSITY BLVD W",,"N/A","BICYCLIST","STRAIGHT MOVEMENT ANGLE","CLEAR","DRY","DAYLIGHT","NO CONTROLS","NONE DETECTED","ALCOHOL PRESENT","B70E668B-1935-4369-A279-44E3CA96E92A","BICYCLIST","Cross/Enter at Intersection","FAILURE TO YIELD RIGHT OF WAY","ON ROADWAY AT CROSSWALK","Yes","POSSIBLE INJURY","NONE","39.041375","-77.05042333","    (39.041375, -77.05042333)"
"MCP31910015","190042816","Montgomery County Police","Injury Crash","09/06/2019 09:00:00 PM",,,,"16041 FREDERICK RD PRIVATE DRIVEWAY/SIDEWALK",,"BICYCLIST","SINGLE VEHICLE","CLEAR",,"DARK LIGHTS ON","NO CONTROLS","NONE DETECTED","NONE DETECTED","C040F5E4-C1A9-45A2-86D2-6FAA6830CCDC","BICYCLIST","Cross/Enter not at Intersection","NO IMPROPER ACTIONS","SIDEWALK","No","POSSIBLE INJURY","NONE","39.11830333","-77.17052667","    (39.11830333, -77.17052667)"
"MCP2625000D","190042692","Montgomery County Police","Injury Crash","09/06/2019 09:21:00 AM","Maryland (State)","GEORGIA AVE","CAMERON ST",,"N/A","PEDESTRIAN","OTHER","CLOUDY","DRY","DAYLIGHT","NO CONTROLS","N/A","NONE DETECTED","6CD03309-48FC-461F-80DE-83C16C2D7E9D","PEDESTRIAN","Cross/Enter not at Intersection","IN ROADWAY IMPROPERLY","ON ROADWAY NOT AT CROSSWALK","Yes","SUSPECTED SERIOUS INJURY","N/A","39.00551333","-77.03712167","    (39.00551333, -77.03712167)"
"DD56230023","190042665","Rockville Police Departme","Injury Crash","09/05/2019 11:35:00 PM",,,,"PARKING LOT OF 888 ROCKVILLE PIKE",,"PEDESTRIAN","OTHER","CLEAR",,"DARK LIGHTS ON","N/A","UNKNOWN","NONE DETECTED","F9A3DE05-76AE-492E-8C61-62A6981B8BAB","PEDESTRIAN","Standing","NO IMPROPER ACTIONS","OTHER","No","POSSIBLE INJURY","N/A","39.07493983","-77.13598367","    (39.07493983, -77.13598367)"