"Report Number","Local Case Number","Agency Name","ACRS Report Type","Crash Date/Time","Route Type","Road Name","Cross-Street Name","Off-Road Description","Municipality","Related Non-Motorist","Collision Type","Weather","Surface Condition","Light","Traffic Control","Driver Substance Abuse","Non-Motorist Substance Abuse","Person ID","Pedestrian Type","Pedestrian Movement","Pedestrian Actions","Pedestrian Location","At Fault","Injury Severity","Safety Equipment","Latitude","Longitude","Location"
"MCP20990004","180004560","Montgomery County Police","Injury Crash","01/26/2018 10:37:00 PM","Maryland (State)","GEORGIA AVE","PRICE AVE",,"N/A","PEDESTRIAN","SINGLE VEHICLE","CLEAR","DRY","DARK LIGHTS ON","N/A","ALCOHOL PRESENT","N/A","D6E30DE0-BA38-426F-97C4-1232D7F5A03E","PEDESTRIAN","Cross/Enter at Intersection","NO IMPROPER ACTIONS","ON ROADWAY AT CROSSWALK","No","SUSPECTED SERIOUS INJURY","N/A","39.04011833","-77.05133833","    (39.04011833, -77.05133833)"
"MCP2966003R","180004324","Montgomery County Police","Injury Crash","01/25/2018 06:39:00 PM","Maryland (State)","VEIRS MILL RD","ARBUTUS AVE",,"N/A","PEDESTRIAN","OTHER","CLEAR","DRY","DARK NO LIGHTS","NO CONTROLS","N/A","NONE DETECTED","45D1C1A4-5365-40C0-AE6C-C10AB6084446","PEDESTRIAN","Cross/Enter not at Intersection","OTHER","OTHER","No","POSSIBLE INJURY","NONE","39.06672131","-77.10066877","    (39.06672131, -77.10066877)"
"MCP2818003F","180004247","Montgomery County Police","Injury Crash","01/25/2018 12:40:00 PM","County","FENTON ST","CAMERON ST",,"N/A","BICYCLIST","OTHER","CLEAR","DRY","DAYLIGHT","N/A","NONE DETECTED","NONE DETECTED","25215552-59BB-4434-A407-945FE0EB9473","BICYCLIST","Other","NO IMPROPER ACTIONS","SIDEWALK","No","POSSIBLE INJURY","N/A","38.99934333","-77.03268","    (38.99934333, -77.03268)"
"MCP3078000S","180004198","Montgomery County Police","Injury Crash","01/25/2018 08:26:00 AM","County","BLUERIDGE AVE","GEORGIA AVE",,"N/A","PEDESTRIAN","N/A","CLEAR","DRY","DAYLIGHT","TRAFFIC SIGNAL","NONE DETECTED","N/A","D241F68D-9157-4759-B4DB-12C4761B93D0","PEDESTRIAN","Cross/Enter at Intersection","IN ROADWAY IMPROPERLY","ON ROADWAY NOT AT CROSSWALK","Yes","SUSPECTED MINOR INJURY","N/A","39.04313667","-77.05172167","    (39.04313667, -77.05172167)"
"MCP13970012","180004072","Montgomery County Police","Injury Crash","01/24/2018 02:58:00 PM","Maryland (State)","FREDERICK RD","SHAKESPEARE BLVD",,"N/A","PEDESTRIAN","SAME DIRECTION LEFT TURN","CLOUDY","DRY","DAYLIGHT","OTHER","NONE DETECTED","NONE DETECTED","3C7D1894-F0F4-42C2-8EFE-BE72BD8558DD","PEDESTRIAN","Cross/Enter at Intersection","INATTENTIVE","AT INTERSECTION MARKED CROSSWALK","No","POSSIBLE INJURY","N/A","39.19812948","-77.24464372","    (39.19812948, -77.24464372)"
"MCP2799003L","180003872","Montgomery County Police","Injury Crash","01/23/2018 04:00:00 PM","Maryland (State)","NEW HAMPSHIRE AVE","NORWOOD RD",,"N/A","BICYCLIST","SAME DIRECTION RIGHT TURN","CLEAR","DRY","DAYLIGHT","NO CONTROLS","UNKNOWN","NONE DETECTED","64C25598-4B73-4B4D-8224-1AC390D7DDC9","BICYCLIST","Walking/Riding w/Traffic","N/A","IN BIKEWAY","No","SUSPECTED MINOR INJURY","MC/BIKE HELMET","39.10604167","-77.001445","    (39.10604167, -77.001445)"
"MCP2016002K","180003811","Montgomery County Police","Injury Crash","01/23/2018 11:12:00 AM","Maryland (State)","ROCKVILLE PIKE","ENT TO FEDERAL PLAZA S.C.",,"N/A","PEDESTRIAN","OTHER","CLEAR","DRY","DAYLIGHT","TRAFFIC SIGNAL","N/A","N/A","DF80F6BE-CBCF-482B-8C4D-5CFF5792D210","PEDESTRIAN","Cross/Enter at Intersection","NO IMPROPER ACTIONS","AT INTERSECTION MARKED CROSSWALK","No","SUSPECTED MINOR INJURY","N/A","39.057675","-77.12007333","    (39.057675, -77.12007333)"
"MCP13660071","180003770","Montgomery County Police","Injury Crash","01/23/2018 06:36:00 AM","County","TWINBROOK PKWY","FISHERS LA",,"N/A","PEDESTRIAN","SINGLE VEHICLE","RAINING","WET","DARK LIGHTS ON","TRAFFIC SIGNAL","NONE DETECTED","NONE DETECTED","EDDF6A52-2099-4CC5-8003-D0ED74E58B37","PEDESTRIAN","Cross/Enter at Intersection","INATTENTIVE","ON ROADWAY AT CROSSWALK","Yes","SUSPECTED MINOR INJURY","NONE","39.06279361","-77.11637244","    (39.06279361, -77.11637244)"
"MCP2348003H","180003730","Montgomery County Police","Injury Crash","01/22/2018 05:36:00 PM","County","RANDOLPH RD","LIVINGSTON ST",,"N/A","PEDESTRIAN","SINGLE VEHICLE","CLEAR","DRY","DARK LIGHTS ON","NO CONTROLS","NONE DETECTED","UNKNOWN","D491837F-4066-46AC-822C-29DE03673908","PEDESTRIAN","Cross/Enter at Intersection","NO IMPROPER ACTIONS","ON ROADWAY AT CROSSWALK","No","SUSPECTED SERIOUS INJURY","NONE","39.05841833","-77.05581167","    (39.05841833, -77.05581167)"
"DM8451001K","180003504","Takoma Park Police Depart","Injury Crash","01/21/2018 05:35:00 PM","Maryland (State)","PINEY BRANCH RD","PHILADELPHIA AVE",,"N/A","BICYCLIST","HEAD ON LEFT TURN","CLEAR","DRY","DUSK","TRAFFIC SIGNAL","ILLEGAL DRUG PRESENT","N/A","4C48BD67-8AB3-415F-ADA8-362EA285A052","BICYCLIST","Walking/Riding w/Traffic","NO IMPROPER ACTIONS","ON ROADWAY NOT AT CROSSWALK","No","SUSPECTED SERIOUS INJURY","UNKNOWN","38.98332433","-77.01475383","    (38.98332433, -77.01475383)"
"MCP1121003L","180003360","Montgomery County Police","Injury Crash","01/20/2018 07:25:00 PM","Maryland (State)","MUNCASTER MILL RD","REDLAND RD",,"N/A","PEDESTRIAN","SINGLE VEHICLE","CLEAR","DRY","DARK LIGHTS ON","TRAFFIC SIGNAL","NONE DETECTED","NONE DETECTED","022045FD-765B-488E-B0B8-20ADAE64215B","PEDESTRIAN","Cross/Enter at Intersection","DART DASH","AT INTERSECTION MARKED CROSSWALK","Yes","POSSIBLE INJURY","NONE","39.14544","-77.14410167","    (39.14544, -77.14410167)"
"MCP1342001Y","180003303","Montgomery County Police","Injury Crash","01/20/2018 02:10:00 PM","County","CARRY BACK DR","NATIVE DANCER RD",,"N/A","BICYCLIST","SAME DIRECTION RIGHT TURN","CLEAR","DRY","DAYLIGHT","NO CONTROLS","MEDICATION PRESENT","NONE DETECTED","E843508C-1B39-4BD8-BE2A-4812D5B7BFC2","BICYCLIST","Walking/Riding w/Traffic","NO IMPROPER ACTIONS","OTHER","No","SUSPECTED MINOR INJURY","MC/BIKE HELMET","39.10126333","-77.26250333","    (39.10126333, -77.26250333)"
"MCP23530051","180003044","Montgomery County Police","Injury Crash","01/19/2018 07:32:00 AM","County","WESTLAKE TERR","ROCKLEDGE DR",,"N/A","BICYCLIST","STRAIGHT MOVEMENT ANGLE","CLOUDY","DRY","DAYLIGHT","PERSON","NONE DETECTED","NONE DETECTED","183130D5-88F6-4492-9466-7F1E0FFCDFC1","BICYCLIST","Cross/Enter at Intersection","FAILURE TO OBEY TRAFFIC SIGNS SIGNALS OR OFFICER","AT INTERSECTION MARKED CROSSWALK","Yes","SUSPECTED MINOR INJURY","MC/BIKE HELMET","39.02642071","-77.13919133","    (39.02642071, -77.13919133)"
"MCP2612002P","180002973","Montgomery County Police","Property Damage Crash","01/18/2018 08:00:00 PM","Maryland (State)","GEORGIA AVE","BEL PRE RD",,"N/A","OTHER","OTHER","CLEAR","DRY","DARK LIGHTS ON","N/A","N/A","N/A","BE73EBA2-F3C8-4433-AFB4-D3F8AB4D9BF8","OTHER","Other Working","OTHER","OTHER","Yes","NO APPARENT INJURY","N/A","39.09332333","-77.07959","    (39.09332333, -77.07959)"
"MCP2436004L","180002889","Montgomery County Police","Injury Crash","01/18/2018 01:38:00 PM","Maryland (State)","UNIVERSITY BLVD W","SUTHERLAND RD",,"N/A","PEDESTRIAN","HEAD ON","CLEAR","DRY","DAYLIGHT","NO CONTROLS","NONE DETECTED","NONE DETECTED","9F12C361-A22C-44CA-B851-6FCB2DBD629C","PEDESTRIAN","Cross/Enter not at Intersection","IN ROADWAY IMPROPERLY","ON ROADWAY NOT AT CROSSWALK","Yes","POSSIBLE INJURY","OTHER","39.020995","-77.01330667","    (39.020995, -77.01330667)"
"DM83390013","180002657","Takoma Park Police Depart","Injury Crash","01/17/2018 09:33:00 AM",,,,"PARKING LOT OF 7676 NEW HAMPSHIRE AVE",,"PEDESTRIAN","OTHER","CLOUDY",,"DAYLIGHT","NO CONTROLS","NONE DETECTED","NONE DETECTED","68376CD2-980B-4267-94CB-DEBCB914D5D2","PEDESTRIAN","Getting off/on Vehicle","ENTERING EXITING PARKED STANDING VEHICLE","N/A","Unknown","POSSIBLE INJURY","N/A","38.98684667","-76.98909333","    (38.98684667, -76.98909333)"
"DM83390013","180002657","Takoma Park Police Depart","Injury Crash","01/17/2018 09:33:00 AM",,,,"PARKING LOT OF 7676 NEW HAMPSHIRE AVE",,"PEDESTRIAN","OTHER","CLOUDY",,"DAYLIGHT","NO CONTROLS","NONE DETECTED","N/A","F7B6235F-EE38-46E8-8318-ACE69119CF2F","PEDESTRIAN","Getting off/on Vehicle","ENTERING EXITING PARKED STANDING VEHICLE","N/A","Unknown","POSSIBLE INJURY","N/A","38.98684667","-76.98909333","    (38.98684667, -76.98909333)"
"MCP1563004J","180002560","Montgomery County Police","Injury Crash","01/16/2018 06:46:00 PM","Municipality","ASPEN ST","CONNECTICUT AVE",,"N/A","PEDESTRIAN","OTHER","CLEAR","DRY","DARK LIGHTS ON","NO CONTROLS","NONE DETECTED","NONE DETECTED","7EC7D670-8885-478D-87B2-2B6A229534F9","PEDESTRIAN","Cross/Enter at Intersection","NO IMPROPER ACTIONS","ON ROADWAY AT CROSSWALK","No","SUSPECTED SERIOUS INJURY","NONE","38.986285","-77.07734333","    (38.986285, -77.07734333)"
"MCP3059001D","180002551","Montgomery County Police","Injury Crash","01/16/2018 06:30:00 PM","County","RANDOLPH RD","DALEWOOD DR",,"N/A","PEDESTRIAN","OTHER","CLEAR","DRY","DARK LIGHTS ON","TRAFFIC SIGNAL","NONE DETECTED","NONE DETECTED","5611F368-8854-40C2-9F9C-D8467E7C70F8","PEDESTRIAN","Cross/Enter at Intersection","NO IMPROPER ACTIONS","ON ROADWAY AT CROSSWALK","No","POSSIBLE INJURY","N/A","39.05900333","-77.069125","    (39.05900333, -77.069125)"
"MCP2362002S","180002423","Montgomery County Police","Injury Crash","01/16/2018 07:56:00 AM","US (State)","COLESVILLE RD","CRESTMOOR DR",,"N/A","PEDESTRIAN","STRAIGHT MOVEMENT ANGLE","CLEAR","DRY","DAYLIGHT","NO CONTROLS","N/A","N/A","B98F326E-EE7F-4B9C-9C45-1B6B946C3EBF","PEDESTRIAN","Cross/Enter at Intersection","NO IMPROPER ACTIONS","AT INTERSECTION BUT NO CROSSWALK","No","POSSIBLE INJURY","N/A","39.02814967","-77.00925817","    (39.02814967, -77.00925817)"
"MCP2991002C","180002185","Montgomery County Police","Injury Crash","01/14/2018 12:15:00 PM",,,,"DRIVEWAY OF 2311 NORBECK ROAD",,"PEDESTRIAN","SINGLE VEHICLE","CLEAR",,"DAYLIGHT","NO CONTROLS","NONE DETECTED","NONE DETECTED","1E21EBB8-1E87-4616-9B91-D7B2410E6B4B","PEDESTRIAN","Other","NO IMPROPER ACTIONS","N/A","No","SUSPECTED SERIOUS INJURY","N/A","39.11856833","-77.04991167","    (39.11856833, -77.04991167)"
"MCP2974001L","180002145","Montgomery County Police","Injury Crash","01/14/2018 02:05:00 AM","Maryland (State)","PINEY BRANCH RD","ARLISS ST",,"N/A","PEDESTRIAN","OTHER","CLEAR","N/A","DARK LIGHTS ON","FLASHING TRAFFIC SIGNAL","ILLEGAL DRUG PRESENT","ALCOHOL PRESENT","ABC4C28D-5D11-4895-9DAE-050142ACFE7D","PEDESTRIAN","Cross/Enter not at Intersection","IN ROADWAY IMPROPERLY","ON ROADWAY NOT AT CROSSWALK","Yes","SUSPECTED MINOR INJURY","N/A","38.99842602","-77.0010978","    (38.99842602, -77.0010978)"
"MCP27890041","180001945","Montgomery County Police","Injury Crash","01/12/2018 08:35:00 PM","Maryland (State)","EAST WEST HWY","COLESVILLE RD",,"N/A","PEDESTRIAN","SINGLE VEHICLE","RAINING","WET","DARK LIGHTS ON","NO CONTROLS","N/A","N/A","DCBEF241-EC2A-4A91-83E1-7A7F0B3F0BBC","PEDESTRIAN","Cross/Enter at Intersection","NO IMPROPER ACTIONS","AT INTERSECTION MARKED CROSSWALK","No","POSSIBLE INJURY","NONE","38.99199","-77.03059","    (38.99199, -77.03059)"
"DM83520001","180001817","Takoma Park Police Depart","Property Damage Crash","01/12/2018 09:45:00 AM","Municipality","HOLLY AVE","DARWIN AVE",,"TAKOMA PARK","PEDESTRIAN","SINGLE VEHICLE","RAINING","WET","DAYLIGHT","NO CONTROLS","NONE DETECTED","NONE DETECTED","7E4F8011-9690-4305-B9D5-341724F2990F","PEDESTRIAN","Standing","NOT VISIBLE","SHOULDER","No","NO APPARENT INJURY","N/A","38.981464","-77.014067","    (38.981464, -77.014067)"
"MCP3057000T","180001790","Montgomery County Police","Injury Crash","01/12/2018 07:30:00 AM","County","MIDDLEBROOK RD","CRYSTAL ROCK DR",,"N/A","PEDESTRIAN","OTHER","RAINING","WET","DARK LIGHTS ON","TRAFFIC SIGNAL","UNKNOWN","NONE DETECTED","0B7B4A82-CF36-4B67-9D2F-FF98BB6CCEC3","PEDESTRIAN","Cross/Enter at Intersection","NO IMPROPER ACTIONS","AT INTERSECTION MARKED CROSSWALK","No","POSSIBLE INJURY","NONE","39.17682167","-77.26458333","    (39.17682167, -77.26458333)"
"MCP11480023","180006406","Montgomery County Police","Injury Crash","01/12/2018 07:00:00 AM","County","WAVERLY ST","EAST WEST HWY (W/B COUPLET)",,"N/A","PEDESTRIAN","SINGLE VEHICLE","RAINING","WET","DARK LIGHTS ON","TRAFFIC SIGNAL","NONE DETECTED","NONE DETECTED","261C4681-5B7D-4DEA-B513-075167C53861","PEDESTRIAN","Cross/Enter at Intersection","NO IMPROPER ACTIONS","ON ROADWAY AT CROSSWALK","No","SUSPECTED MINOR INJURY","N/A","38.98368833","-77.09304667","    (38.98368833, -77.09304667)"
"DM84530018","180001530","Takoma Park Police Depart","Injury Crash","01/10/2018 05:28:00 PM","Maryland (State)","PHILADELPHIA AVE","CEDAR AVE",,"TAKOMA PARK","PEDESTRIAN","OTHER","CLEAR","DRY","DARK LIGHTS ON","N/A","NONE DETECTED","NONE DETECTED","5DE3B58E-2342-40F5-B28E-41E8607699DB","PEDESTRIAN","Cross/Enter at Intersection","UNKNOWN","ON ROADWAY AT CROSSWALK","Unknown","SUSPECTED MINOR INJURY","N/A","38.9811485","-77.01110378","    (38.9811485, -77.01110378)"
"MCP27190024","180001211","Montgomery County Police","Injury Crash","01/08/2018 11:00:00 PM","Maryland (State)","VEIRS MILL RD","ENNALLS AVE",,"N/A","PEDESTRIAN","OTHER","WINTRY MIX","ICE","DARK LIGHTS ON","NO CONTROLS","N/A","ALCOHOL PRESENT","0166E0A8-0C15-498D-A5D5-8842AECE151F","PEDESTRIAN","Cross/Enter not at Intersection","FAILURE TO YIELD RIGHT OF WAY","ON ROADWAY NOT AT CROSSWALK","Yes","SUSPECTED SERIOUS INJURY","NONE","39.03912167","-77.05435167","    (39.03912167, -77.05435167)"
"MCP26800027","180001167","Montgomery County Police","Injury Crash","01/08/2018 06:13:00 PM","Maryland (State)","GEORGIA AVE","FENWICK LA",,"N/A","PEDESTRIAN","STRAIGHT MOVEMENT ANGLE","SLEET","WET","DARK LIGHTS ON","OTHER","NONE DETECTED","NONE DETECTED","2DC8E4D5-B083-4D0C-B0B0-8E6CDB993541","PEDESTRIAN","Cross/Enter at Intersection","NO IMPROPER ACTIONS","AT INTERSECTION MARKED CROSSWALK","No","SUSPECTED MINOR INJURY","NONE","38.99821548","-77.03073889","    (38.99821548, -77.03073889)"
"DD55080046","180001084","Rockville Police Departme","Injury Crash","01/08/2018 08:56:00 AM",,,,"PARKING LOT OF 1514 DUNSTER RD",,"PEDESTRIAN","OTHER","CLOUDY",,"DAYLIGHT","N/A","NONE DETECTED","NONE DETECTED","7FEEB997-092F-413E-8FDD-6DD20501B724","PEDESTRIAN","Standing","NO IMPROPER ACTIONS","OTHER","No","SUSPECTED MINOR INJURY","NONE","39.06250667","-77.17491","    (39.06250667, -77.17491)"
"MCP28890030","180001031","Montgomery County Police","Injury Crash","01/07/2018 06:50:00 PM","County","ANDREW ST","VEIRS MILL RD",,"N/A","PEDESTRIAN","SINGLE VEHICLE","N/A","DRY","DARK LIGHTS ON","N/A","NONE DETECTED","NONE DETECTED","C8211FC8-607A-486B-A1B0-7AE6C9AED9A9","PEDESTRIAN","Cross/Enter not at Intersection","ENTERING EXITING PARKED STANDING VEHICLE","ON ROADWAY NOT AT CROSSWALK","No","POSSIBLE INJURY","N/A","39.05079333","-77.07105","    (39.05079333, -77.07105)"
"DM8336001G","180000956","Takoma Park Police Depart","Property Damage Crash","01/07/2018 07:30:00 AM","Municipality","RITCHIE AVE","MAPLE AVE",,"TAKOMA PARK","OTHER","SINGLE VEHICLE","CLEAR","DRY","DAYLIGHT","N/A","NONE DETECTED","N/A","351D97BC-392B-4A74-982A-938DC1438D47","OTHER","Other","NO IMPROPER ACTIONS","SIDEWALK","No","NO APPARENT INJURY","N/A","38.98356833","-77.00642","    (38.98356833, -77.00642)"
"MCP2789003Z","180000883","Montgomery County Police","Injury Crash","01/06/2018 03:30:00 PM",,,,"PARKING LOT OF 8315 GEORGIA AVE",,"PEDESTRIAN","SINGLE VEHICLE","N/A",,"DAYLIGHT","NO CONTROLS","N/A","N/A","7F3C9432-0EF3-46F0-9A43-A6A4F4EF7938","PEDESTRIAN","Other","IN ROADWAY IMPROPERLY","OTHER","Yes","POSSIBLE INJURY","N/A","39.01437333","-77.03431667","    (39.01437333, -77.03431667)"
"MCP2728004X","180000764","Montgomery County Police","Injury Crash","01/05/2018 05:07:00 PM",,,,"PARKING LOT OF 7996 GEORGIA AVE",,"PEDESTRIAN","OTHER","N/A",,"DARK LIGHTS ON","PERSON","UNKNOWN","NONE DETECTED","3620A268-60B3-47A5-A01C-B9DBAD6A33C7","PEDESTRIAN","Other","NO IMPROPER ACTIONS","OTHER","No","SUSPECTED MINOR INJURY","NONE","38.9871677","-77.02673435","    (38.9871677, -77.02673435)"
"MCP27550015","180000043","Montgomery County Police","Injury Crash","01/05/2018 05:26:00 AM","County","ARCOLA AVE","NAIRN RD",,"N/A","PEDESTRIAN","SINGLE VEHICLE","N/A","DRY","DARK -- UNKNOWN LIGHTING","N/A","UNKNOWN","UNKNOWN","38A814BB-1425-49C4-9B46-48CE617C9561","PEDESTRIAN","Unknown","IN ROADWAY IMPROPERLY","ON ROADWAY NOT AT CROSSWALK","Yes","POSSIBLE INJURY","N/A","39.04717746","-77.04195857","    (39.04717746, -77.04195857)"
"MCP2116007V","180000627","Montgomery County Police","Injury Crash","01/04/2018 06:27:00 PM","Municipality","DUNDEE RD","GUY CT",,"ROCKVILLE","PEDESTRIAN","STRAIGHT MOVEMENT ANGLE","CLEAR","DRY","DARK LIGHTS ON","NO CONTROLS","NONE DETECTED","NONE DETECTED","E7014161-D4A9-4475-928E-F03BC3E391EA","PEDESTRIAN","Cross/Enter at Intersection","NO IMPROPER ACTIONS","ON ROADWAY AT CROSSWALK","No","SUSPECTED MINOR INJURY","NONE","39.08753167","-77.18211167","    (39.08753167, -77.18211167)"
"DD5595005F","180000288","Rockville Police Departme","Injury Crash","01/02/2018 07:23:00 PM","Other Public Roadway","ELMCROFT BLVD","MARSH HOLLOW PL",,"N/A","PEDESTRIAN","SINGLE VEHICLE","CLEAR","DRY","DARK LIGHTS ON","NO CONTROLS","NONE DETECTED","NONE DETECTED","AB5560A5-4451-41F4-96D9-4825F133B8FE","PEDESTRIAN","Cross/Enter at Intersection","DART DASH","ON ROADWAY NOT AT CROSSWALK","Yes","POSSIBLE INJURY","N/A","39.112825","-77.16445933","    (39.112825, -77.16445933)"
"MCP25520028","180000091","Montgomery County Police","Injury Crash","01/01/2018 03:25:00 PM",,,,"PARKING LOT OF 12051 ROCKVILLE PIKE, ROCKVILLE, MD 20851.",,"PEDESTRIAN","OTHER","CLEAR",,"DAYLIGHT","N/A","N/A","N/A","C4345F08-F201-4AAF-BA22-1B3482F5B76C","PEDESTRIAN","Cross/Enter not at Intersection","NO IMPROPER ACTIONS","ON ROADWAY AT CROSSWALK","No","SUSPECTED MINOR INJURY","N/A","39.05494275","-77.11521506","    (39.05494275, -77.11521506)"
"MCP1121003J","170551486","Montgomery County Police","Injury Crash","12/31/2017 04:59:00 PM","Municipality","ODENDHAL AVE","FREDERICK RD",,"N/A","PEDESTRIAN","OTHER","CLEAR","DRY","DARK LIGHTS ON","TRAFFIC SIGNAL","UNKNOWN","NONE DETECTED","616491BA-C21E-4B11-8D37-27802B30029C","PEDESTRIAN","Cross/Enter at Intersection","NO IMPROPER ACTIONS","AT INTERSECTION MARKED CROSSWALK","No","SUSPECTED MINOR INJURY","NONE","39.14855","-77.20680833","    (39.14855, -77.20680833)"
"MCP2727001X","170551332","Montgomery County Police","Injury Crash","12/30/2017 11:42:00 AM","County","KINGSVIEW VILLAGE AVE","CLOPPER RD",,"N/A","PEDESTRIAN","OTHER","N/A","SNOW","DAYLIGHT","TRAFFIC SIGNAL","NONE DETECTED","N/A","6E701576-F87F-4ED1-8334-7CBDC62A7243","PEDESTRIAN","Cross/Enter at Intersection","NO IMPROPER ACTIONS","ON ROADWAY AT CROSSWALK","No","SUSPECTED MINOR INJURY","NONE","39.16058833","-77.27899","    (39.16058833, -77.27899)"
"MCP2952005H","170551030","Montgomery County Police","Injury Crash","12/28/2017 11:25:00 AM","County","FENTON ST","SILVER SPRING AVE",,"N/A","PEDESTRIAN","OTHER","CLEAR","DRY","DAYLIGHT","NO CONTROLS","NONE DETECTED","NONE DETECTED","B7AB03EB-C456-4C50-A174-7F4706B6A96A","PEDESTRIAN","Cross/Enter not at Intersection","IN ROADWAY IMPROPERLY","ON ROADWAY NOT AT CROSSWALK","Yes","POSSIBLE INJURY","NONE","38.99180667","-77.02403","    (38.99180667, -77.02403)"
"MCP3080000F","170550933","Montgomery County Police","Injury Crash","12/27/2017 07:14:00 PM","Other Public Roadway","CRYSTAL ROCK DR","BLACK SADDLE LA",,"N/A","PEDESTRIAN","OTHER","CLEAR","DRY","DUSK","N/A","NONE DETECTED","NONE DETECTED","96C2CD7F-A002-4CA3-82F4-26D6E054898F","PEDESTRIAN","Cross/Enter not at Intersection","N/A","ON ROADWAY AT CROSSWALK","No","SUSPECTED MINOR INJURY","NONE","39.17730019","-77.26318918","    (39.17730019, -77.26318918)"
"MCP1512001C","170550918","Montgomery County Police","Injury Crash","12/27/2017 05:46:00 PM","Maryland (State)","CLOPPER RD","METROPOLITAN GROVE RD",,"GAITHERSBURG","PEDESTRIAN","SINGLE VEHICLE","CLEAR","DRY","DARK LIGHTS ON","NO CONTROLS","NONE DETECTED","NONE DETECTED","5524EE95-046C-493B-9130-132A1E0E1E67","PEDESTRIAN","Cross/Enter not at Intersection","FAILURE TO YIELD RIGHT OF WAY","ON ROADWAY NOT AT CROSSWALK","Yes","SUSPECTED MINOR INJURY","NONE","39.14486","-77.22616167","    (39.14486, -77.22616167)"
"MCP30380015","17055073","Montgomery County Police","Injury Crash","12/24/2017 05:52:00 PM","Maryland (State)","CONNECTICUT AVE","NEWLANDS ST",,"CHEVY CHASE VILLAGE","PEDESTRIAN","OTHER","RAINING","WET","DARK LIGHTS ON","OTHER","N/A","N/A","D024CC40-B355-4BAE-AF63-EF1D4F34D4C3","PEDESTRIAN","Cross/Enter at Intersection","NO IMPROPER ACTIONS","AT INTERSECTION MARKED CROSSWALK","No","SUSPECTED MINOR INJURY","N/A","38.97367","-77.07696","    (38.97367, -77.07696)"
"MCP2722002S","170550433","Montgomery County Police","Injury Crash","12/23/2017 08:08:00 PM","Maryland (State)","GEORGIA AVE","ENT TO APTS",,"N/A","PEDESTRIAN","SINGLE VEHICLE","N/A","WET","DARK LIGHTS ON","STOP SIGN","N/A","N/A","04D3E27F-2A9F-4A12-9B9A-2E1DF1C1BB34","PEDESTRIAN","Cross/Enter at Intersection","NO IMPROPER ACTIONS","AT INTERSECTION BUT NO CROSSWALK","No","POSSIBLE INJURY","NONE","39.09050167","-77.07965","    (39.09050167, -77.07965)"
"MCP2612002L","170550218","Montgomery County Police","Injury Crash","12/22/2017 06:10:00 PM","County","CONNECTICUT AVE","GRAND PRE RD",,"N/A","PEDESTRIAN","SINGLE VEHICLE","RAINING","WET","DARK LIGHTS ON","NO CONTROLS","NONE DETECTED","NONE DETECTED","36392CD9-257E-48A1-947C-8E99E4C2ABBA","PEDESTRIAN","Walking/Riding against Traffic","NO IMPROPER ACTIONS","ON ROADWAY AT CROSSWALK","No","SUSPECTED MINOR INJURY","NONE","39.08701333","-77.07411667","    (39.08701333, -77.07411667)"
"MCP30110021","170550221","Montgomery County Police","Injury Crash","12/22/2017 05:49:00 PM","Maryland (State)","OLD GEORGETOWN RD","BEECH AVE",,"N/A","PEDESTRIAN","SINGLE VEHICLE","RAINING","WET","DARK LIGHTS ON","TRAFFIC SIGNAL","NONE DETECTED","NONE DETECTED","E847391A-5087-485E-BE33-1D227D6CB979","PEDESTRIAN","Cross/Enter at Intersection","FAILURE TO OBEY TRAFFIC SIGNS SIGNALS OR OFFICER","ON ROADWAY AT CROSSWALK","Yes","SUSPECTED MINOR INJURY","NONE","39.00971833","-77.11476667","    (39.00971833, -77.11476667)"
"DD5623000Q","170550182","Rockville Police Departme","Injury Crash","12/22/2017 02:40:00 PM","Municipality","BURGUNDY DR","PINEWOOD RD",,"ROCKVILLE","BICYCLIST","STRAIGHT MOVEMENT ANGLE","CLEAR","DRY","DAYLIGHT","STOP SIGN","NONE DETECTED","ALCOHOL PRESENT","9F83C7AB-991C-40F7-8A15-D25E8238A930","BICYCLIST","Walking/Riding w/Traffic","NO IMPROPER ACTIONS","ON ROADWAY NOT AT CROSSWALK","No","SUSPECTED MINOR INJURY","NONE","39.09032283","-77.14256267","    (39.09032283, -77.14256267)"
"MCP2848005W","170550147","Montgomery County Police","Injury Crash","12/22/2017 01:03:00 PM",,,,"NORDSTORM PARKING GARAGE-7111 DEMOCRACY BLVD",,"PEDESTRIAN","OTHER","CLEAR",,"DAYLIGHT","NO CONTROLS","NONE DETECTED","NONE DETECTED","150D3CCB-B772-420B-AC69-D563B65446E2","PEDESTRIAN","Cross/Enter at Intersection","NO IMPROPER ACTIONS","OTHER","No","POSSIBLE INJURY","NONE","39.02394667","-77.14436667","    (39.02394667, -77.14436667)"
"DD5583003M","170550116","Rockville Police Departme","Injury Crash","12/22/2017 10:37:00 AM","Maryland (State)","ROCKVILLE PIKE","SPUR TO MONROE PL",,"N/A","PEDESTRIAN","SINGLE VEHICLE","CLEAR","DRY","DAYLIGHT","TRAFFIC SIGNAL","NONE DETECTED","N/A","D967854E-A8FA-4BBA-B457-319882FFEE41","PEDESTRIAN","Cross/Enter at Intersection","NO IMPROPER ACTIONS","AT INTERSECTION MARKED CROSSWALK","No","SUSPECTED MINOR INJURY","N/A","39.0835152","-77.14699253","    (39.0835152, -77.14699253)"
"MCP27070014","170549959","Montgomery County Police","Injury Crash","12/21/2017 03:02:00 PM","County","MONTGOMERY VILLAGE AVE","WHETSTONE DR",,"N/A","PEDESTRIAN","STRAIGHT MOVEMENT ANGLE","CLEAR","DRY","DAYLIGHT","STOP SIGN","NONE DETECTED","NONE DETECTED","DD133C23-CB05-4353-BDCD-AA864D8EBF2F","PEDESTRIAN","Cross/Enter at Intersection","NO IMPROPER ACTIONS","ON ROADWAY AT CROSSWALK","No","SUSPECTED MINOR INJURY","NONE","39.17114833","-77.205195","    (39.17114833, -77.205195)"