"Report Number","Local Case Number","Agency Name","ACRS Report Type","Crash Date/Time","Route Type","Road Name","Cross-Street Name","Off-Road Description","Municipality","Related Non-Motorist","Collision Type","Weather","Surface Condition","Light","Traffic Control","Driver Substance Abuse","Non-Motorist Substance Abuse","Person ID","Pedestrian Type","Pedestrian Movement","Pedestrian Actions","Pedestrian Location","At Fault","Injury Severity","Safety Equipment","Latitude","Longitude","Location"
"DD5595005D","170549956","Rockville Police Departme","Injury Crash","12/21/2017 03:00:00 PM","Municipality","N WASHINGTON ST","DAWSON AVE",,"ROCKVILLE","OTHER, PEDESTRIAN","SINGLE VEHICLE","CLEAR","DRY","DAYLIGHT","TRAFFIC SIGNAL","NONE DETECTED","N/A","B7503504-6DC0-438B-A7EB-D0EC65D99554","PEDESTRIAN","Cross/Enter at Intersection","NO IMPROPER ACTIONS","ON ROADWAY AT CROSSWALK","No","SUSPECTED MINOR INJURY","N/A","39.08864917","-77.15325567","    (39.08864917, -77.15325567)"
"DD5595005D","170549956","Rockville Police Departme","Injury Crash","12/21/2017 03:00:00 PM","Municipality","N WASHINGTON ST","DAWSON AVE",,"ROCKVILLE","OTHER, PEDESTRIAN","SINGLE VEHICLE","CLEAR","DRY","DAYLIGHT","TRAFFIC SIGNAL","NONE DETECTED","N/A","20EA0515-1E47-4934-884F-AA636B10283B","OTHER","Cross/Enter at Intersection","OTHER","AT INTERSECTION MARKED CROSSWALK","No","NO APPARENT INJURY","N/A","39.08864917","-77.15325567","    (39.08864917, -77.15325567)"
"MCP2848005V","170549876","Montgomery County Police","Injury Crash","12/21/2017 09:52:00 AM","Maryland (State)","EAST WEST HWY","SUNDALE DR",,"N/A","PEDESTRIAN","OTHER","N/A","DRY","DAYLIGHT","NO CONTROLS","UNKNOWN","NONE DETECTED","0F4151EB-E9CA-47FD-826B-BBFF8179E67C","PEDESTRIAN","Cross/Enter at Intersection","NO IMPROPER ACTIONS","ON ROADWAY AT CROSSWALK","No","SUSPECTED SERIOUS INJURY","NONE","38.99553995","-77.04221606","    (38.99553995, -77.04221606)"
"DD5606004N","170549667","Rockville Police Departme","Property Damage Crash","12/19/2017 06:56:00 PM",,,,"38 MARYLAND AVE PARKING GARAGE B ROCKVILLE MD 20850",,"OTHER","SINGLE VEHICLE","N/A",,"DARK LIGHTS ON","NO CONTROLS","UNKNOWN","N/A","8DF01AAC-727B-4C19-8901-2FE90A7F10DA","OTHER","N/A","N/A","MEDIAN","No","NO APPARENT INJURY","N/A","39.08609833","-77.15098333","    (39.08609833, -77.15098333)"
"MCP2059004P","170549514","Montgomery County Police","Injury Crash","12/19/2017 02:01:00 PM","Maryland (State)","CONNECTICUT AVE","MANOR RD",,"N/A","PEDESTRIAN","HEAD ON LEFT TURN","CLEAR","DRY","DAYLIGHT","TRAFFIC SIGNAL","NONE DETECTED","NONE DETECTED","4D240233-CF7D-4807-BCFA-DE0894F8CB66","PEDESTRIAN","Cross/Enter at Intersection","NO IMPROPER ACTIONS","ON ROADWAY AT CROSSWALK","No","POSSIBLE INJURY","N/A","38.99609445","-77.07726851","    (38.99609445, -77.07726851)"
"MCP22030029","170549506","Montgomery County Police","Injury Crash","12/19/2017 01:35:00 PM","County","AMHERST AVE","UNIVERSITY BLVD W",,"N/A","PEDESTRIAN","ANGLE MEETS RIGHT TURN","CLEAR","DRY","DAYLIGHT","TRAFFIC SIGNAL","NONE DETECTED","NONE DETECTED","8121C4DF-8D1F-4E59-B879-5A66EE8A587D","PEDESTRIAN","Cross/Enter at Intersection","NO IMPROPER ACTIONS","ON ROADWAY AT CROSSWALK","No","SUSPECTED MINOR INJURY","NONE","39.04075833","-77.04814833","    (39.04075833, -77.04814833)"
"MCP2848005S","170549495","Montgomery County Police","Injury Crash","12/19/2017 12:39:00 PM","Municipality","FRIENDSHIP BLVD","S PARK AVE",,"FRIENDSHIP HEIGHTS","PEDESTRIAN","OTHER","CLEAR","DRY","DAYLIGHT","STOP SIGN","NONE DETECTED","NONE DETECTED","5872F59C-D61E-476A-8862-B97A111979A8","PEDESTRIAN","Cross/Enter at Intersection","NO IMPROPER ACTIONS","AT INTERSECTION MARKED CROSSWALK","No","POSSIBLE INJURY","NONE","38.96318","-77.08932167","    (38.96318, -77.08932167)"
"MCP9422000X","170549438","Montgomery County Police","Injury Crash","12/19/2017 08:40:00 AM","County","ROBEY RD","BRIGGS CHANEY RD",,"N/A","PEDESTRIAN","SINGLE VEHICLE","CLEAR","DRY","DAYLIGHT","STOP SIGN","NONE DETECTED","NONE DETECTED","B497AD2F-FD8D-421E-B949-944BEAA903EB","PEDESTRIAN","Cross/Enter at Intersection","NO IMPROPER ACTIONS","AT INTERSECTION MARKED CROSSWALK","No","SUSPECTED SERIOUS INJURY","N/A","39.079325","-76.94485667","    (39.079325, -76.94485667)"
"MCP271700FB","170549278","Montgomery County Police","Injury Crash","12/18/2017 01:00:00 PM","County","JONES BRIDGE RD","GLENBROOK PKWY",,"N/A","PEDESTRIAN","OTHER","CLEAR","DRY","DAYLIGHT","TRAFFIC SIGNAL","NONE DETECTED","NONE DETECTED","8448EBC1-B649-4441-91D0-6DFED6E0F30B","PEDESTRIAN","Cross/Enter at Intersection","UNKNOWN","ON ROADWAY AT CROSSWALK","Unknown","SUSPECTED MINOR INJURY","NONE","38.99687533","-77.093677","    (38.99687533, -77.093677)"
"MCP1174002S","170549251","Montgomery County Police","Injury Crash","12/18/2017 11:02:00 AM","County","WOODMONT AVE","ELM ST",,"N/A","PEDESTRIAN","OTHER","CLOUDY","DRY","DAYLIGHT","TRAFFIC SIGNAL","NONE DETECTED","NONE DETECTED","B3CDF5CA-E82F-4957-B3AE-15A2F7D4646D","PEDESTRIAN","Cross/Enter at Intersection","NO IMPROPER ACTIONS","ON ROADWAY AT CROSSWALK","No","SUSPECTED MINOR INJURY","NONE","38.98259757","-77.09844589","    (38.98259757, -77.09844589)"
"MCP2664003X","170549210","Montgomery County Police","Injury Crash","12/18/2017 07:40:00 AM","County","VALLEYWOOD DR","VEIRS MILL RD",,"N/A","PEDESTRIAN","SINGLE VEHICLE","CLEAR","WET","DAYLIGHT","STOP SIGN","NONE DETECTED","NONE DETECTED","D2DC6816-E25D-43B4-96A5-A97D621C22F2","PEDESTRIAN","Cross/Enter at Intersection","NO IMPROPER ACTIONS","ON ROADWAY AT CROSSWALK","No","POSSIBLE INJURY","NONE","39.049585","-77.07058333","    (39.049585, -77.07058333)"
"MCP2664003X","170549210","Montgomery County Police","Injury Crash","12/18/2017 07:40:00 AM","County","VALLEYWOOD DR","VEIRS MILL RD",,"N/A","PEDESTRIAN","SINGLE VEHICLE","CLEAR","WET","DAYLIGHT","STOP SIGN","NONE DETECTED","NONE DETECTED","5FB785DC-9B76-4AE3-83D3-961D8AC14FB2","PEDESTRIAN","Cross/Enter at Intersection","NO IMPROPER ACTIONS","ON ROADWAY AT CROSSWALK","No","POSSIBLE INJURY","NONE","39.049585","-77.07058333","    (39.049585, -77.07058333)"
"MCP1174002Q","170548958","Montgomery County Police","Injury Crash","12/16/2017 12:49:00 PM",,,,"6930  ARLINGTON ROAD  BETHESDA, MD. 20814",,"PEDESTRIAN","OTHER","CLEAR",,"DAYLIGHT","NO CONTROLS","NONE DETECTED","NONE DETECTED","4D0D4DF1-24E8-418E-B668-54DB3E5AD88F","PEDESTRIAN","Other","NO IMPROPER ACTIONS","OTHER","No","POSSIBLE INJURY","NONE","38.9786777","-77.09883213","    (38.9786777, -77.09883213)"
"MCP2563000P","170548914","Montgomery County Police","Fatal Crash","12/16/2017 01:07:00 AM","Maryland (State)","PINEY BRANCH RD","GARLAND AVE",,"N/A","PEDESTRIAN","SINGLE VEHICLE","CLEAR","WET","DARK LIGHTS ON","NO CONTROLS","NONE DETECTED","UNKNOWN","D901E559-A7A5-4352-8023-841AF70373FA","PEDESTRIAN","Other","UNKNOWN","ON ROADWAY NOT AT CROSSWALK","Unknown","FATAL INJURY","NONE","38.99854692","-76.99953273","    (38.99854692, -76.99953273)"
"MCP3086000W","170548544","Montgomery County Police","Injury Crash","12/14/2017 12:45:00 PM","County","WIGHTMAN RD","GOSHEN RD",,"N/A","PEDESTRIAN","N/A","CLEAR","DRY","DAYLIGHT","NO CONTROLS","NONE DETECTED","NONE DETECTED","69227D70-DF2A-497B-95F8-01B393535E63","PEDESTRIAN","Cross/Enter at Intersection","NO IMPROPER ACTIONS","ON ROADWAY AT CROSSWALK","No","SUSPECTED MINOR INJURY","NONE","39.18797267","-77.18702867","    (39.18797267, -77.18702867)"
"MCP21340019","170548445","Montgomery County Police","Fatal Crash","12/13/2017 11:22:00 PM","Maryland (State)","ROCKVILLE PIKE","CHURCH ST",,"ROCKVILLE","PEDESTRIAN","OTHER","CLEAR","N/A","DARK LIGHTS ON","TRAFFIC SIGNAL","NONE DETECTED","UNKNOWN","1CB56293-D757-4746-A136-0880D061E4EB","PEDESTRIAN","Cross/Enter at Intersection","FAILURE TO OBEY TRAFFIC SIGNS SIGNALS OR OFFICER","ON ROADWAY AT CROSSWALK","Unknown","FATAL INJURY","N/A","39.08351729","-77.14680813","    (39.08351729, -77.14680813)"
"MCP26860027","170548353","Montgomery County Police","Injury Crash","12/13/2017 03:10:00 PM","County","WARING STATION RD","STONEY BOTTOM RD",,"N/A","PEDESTRIAN","SINGLE VEHICLE","CLEAR","DRY","DAYLIGHT","OTHER","N/A","N/A","9768BC9D-F4D2-4378-9F0D-00EF1399BE94","PEDESTRIAN","Getting off/on Vehicle","DART DASH","ON ROADWAY AT CROSSWALK","No","SUSPECTED MINOR INJURY","NONE","39.17321667","-77.253455","    (39.17321667, -77.253455)"
"MCP15800083","170548290","Montgomery County Police","Property Damage Crash","12/13/2017 10:02:00 AM",,,,"600 N FREDERICK AVE
 PARING LOT OF
 TOYS R US",,"OTHER","OTHER","N/A",,"DAYLIGHT","N/A","NONE DETECTED","NONE DETECTED","1496C300-DD2D-426E-8545-BBB554AD8CCF","OTHER","Other","N/A","OTHER","No","NO APPARENT INJURY","OTHER","39.14987","-77.21113167","    (39.14987, -77.21113167)"
"MCP3019001G","170548188","Montgomery County Police","Injury Crash","12/12/2017 05:18:00 PM","Maryland (State)","BROOKVILLE RD","E BRADLEY LA",,"MATINS ADDITION","PEDESTRIAN","N/A","N/A","N/A","DARK -- UNKNOWN LIGHTING","NO CONTROLS","NONE DETECTED","NONE DETECTED","F4C6C84C-C181-46A8-8163-A5ADECE9C667","PEDESTRIAN","Cross/Enter at Intersection","N/A","AT INTERSECTION BUT NO CROSSWALK","No","POSSIBLE INJURY","NONE","38.97672333","-77.071595","    (38.97672333, -77.071595)"
"MCP2831002G","170548149","Montgomery County Police","Injury Crash","12/12/2017 02:13:00 PM",,,,"PARKING LOT OF 20944 FREDERICK ROAD (GIANT SUPERMARKET)",,"PEDESTRIAN","SINGLE VEHICLE","CLEAR",,"DAYLIGHT","NO CONTROLS","N/A","NONE DETECTED","30A61293-C3B5-4DAB-9A14-ACE9F3CF94AF","PEDESTRIAN","Other","N/A","OTHER","No","POSSIBLE INJURY","NONE","39.18349833","-77.275365","    (39.18349833, -77.275365)"
"MCP2688002S","170548039","Montgomery County Police","Injury Crash","12/12/2017 05:44:00 AM","US (State)","COLUMBIA PIKE","OAK LEAF DR",,"N/A","PEDESTRIAN","SAME DIRECTION SIDESWIPE","CLEAR","DRY","DARK LIGHTS ON","NO CONTROLS","NONE DETECTED","NONE DETECTED","7CE3E55E-2203-48E4-83E7-7A732B58AAA8","PEDESTRIAN","Walking/Riding w/Traffic","NO IMPROPER ACTIONS","SIDEWALK","No","POSSIBLE INJURY","N/A","39.04104833","-76.99609667","    (39.04104833, -76.99609667)"
"MCP26100014","170547922","Montgomery County Police","Injury Crash","12/11/2017 03:17:00 PM","County","MUDDY BRANCH RD","HARMONY HALL RD",,"N/A","PEDESTRIAN","OTHER","CLEAR","DRY","DAYLIGHT","NO CONTROLS","NONE DETECTED","NONE DETECTED","D5A607F3-FA72-4E77-BC4C-ADA59367C476","PEDESTRIAN","Cross/Enter not at Intersection","DART DASH","ON ROADWAY NOT AT CROSSWALK","Yes","SUSPECTED MINOR INJURY","NONE","39.13700833","-77.20542833","    (39.13700833, -77.20542833)"
"MCP271700F8","170547868","Montgomery County Police","Injury Crash","12/11/2017 11:45:00 AM","County","ARLINGTON RD","ELM ST",,"N/A","BICYCLIST","SINGLE VEHICLE","CLEAR","DRY","DAYLIGHT","TRAFFIC SIGNAL","NONE DETECTED","NONE DETECTED","444838CC-1183-4E8E-B64E-00D6755026CE","BICYCLIST","Walking/Riding w/Traffic","NO IMPROPER ACTIONS","OTHER","No","SUSPECTED MINOR INJURY","MC/BIKE HELMET","38.98209717","-77.09799717","    (38.98209717, -77.09799717)"
"MCP2832003K","170547729","Montgomery County Police","Injury Crash","12/10/2017 01:54:00 PM","Maryland (State)","WISCONSIN AVE","SOMERSET TERRACE",,"N/A","PEDESTRIAN","OTHER","CLEAR","DRY","DAYLIGHT","NO CONTROLS","NONE DETECTED","NONE DETECTED","AA8741D3-E573-4EF8-B1D4-61D7F1267215","PEDESTRIAN","Standing","NO IMPROPER ACTIONS","ON ROADWAY NOT AT CROSSWALK","No","POSSIBLE INJURY","NONE","38.96183833","-77.08677333","    (38.96183833, -77.08677333)"
"MCP2016002G","170547724","Montgomery County Police","Injury Crash","12/10/2017 01:22:00 PM",,,,"KIELBASA FACTORY BUILDING AND PARKING LOT LOCATED AT 1065 ROCKVILLE PIKE",,"PEDESTRIAN","OTHER","CLEAR",,"DAYLIGHT","N/A","NONE DETECTED","N/A","3211E150-9986-4E0A-AFD2-E1D20D4ECDF7","PEDESTRIAN","Other","NO IMPROPER ACTIONS","INSIDE BUILDING","No","SUSPECTED MINOR INJURY","N/A","39.07099833","-77.13331833","    (39.07099833, -77.13331833)"
"MCP2835001M","170547655","Montgomery County Police","Injury Crash","12/09/2017 10:54:00 PM","Maryland (State)","EAST WEST HWY","GRUBB RD",,"N/A","PEDESTRIAN","OTHER","CLEAR","WET","DARK LIGHTS ON","TRAFFIC SIGNAL","NONE DETECTED","NONE DETECTED","BEE4A793-1EA4-480A-A8FE-E10000FD94F5","PEDESTRIAN","Cross/Enter at Intersection","NO IMPROPER ACTIONS","AT INTERSECTION MARKED CROSSWALK","No","POSSIBLE INJURY","NONE","38.99390167","-77.05192833","    (38.99390167, -77.05192833)"
"MCP2987002Q","170547567","Montgomery County Police","Injury Crash","12/09/2017 11:48:00 AM","Maryland (State)","NEW HAMPSHIRE AVE","POWDER MILL RD",,"N/A","PEDESTRIAN","OTHER","SNOW","WET","DAYLIGHT","TRAFFIC SIGNAL","NONE DETECTED","NONE DETECTED","0C25A266-2A41-4B76-97F1-03CB5B53E9B2","PEDESTRIAN","Cross/Enter at Intersection","FAILURE TO OBEY TRAFFIC SIGNS SIGNALS OR OFFICER","UNKNOWN","Yes","POSSIBLE INJURY","NONE","39.02230322","-76.97738037","    (39.02230322, -76.97738037)"
"MCP30210024","170547549","Montgomery County Police","Injury Crash","12/09/2017 10:10:00 AM",,,,"12000 CHERRY HILL ROAD     TARGET PARKING LOT",,"PEDESTRIAN","SINGLE VEHICLE","N/A",,"DAYLIGHT","N/A","NONE DETECTED","NONE DETECTED","EB2E13D2-636E-4F2F-A922-DF5D1FC90109","PEDESTRIAN","Other","NO IMPROPER ACTIONS","OTHER","No","SUSPECTED MINOR INJURY","NONE","39.051995","-76.956345","    (39.051995, -76.956345)"
"MCP29820026","170547437","Montgomery County Police","Injury Crash","12/08/2017 06:53:00 PM","US (State)","COLESVILLE RD","SPRING ST",,"N/A","PEDESTRIAN","OTHER","CLEAR","DRY","DARK LIGHTS ON","UNKNOWN","UNKNOWN","NONE DETECTED","1D617DB5-AEA5-49B6-9969-B0DEB24DD89C","PEDESTRIAN","Cross/Enter at Intersection","NO IMPROPER ACTIONS","AT INTERSECTION MARKED CROSSWALK","No","SUSPECTED MINOR INJURY","N/A","38.9990128","-77.02622473","    (38.9990128, -77.02622473)"
"MCP3073000R","170547006","Montgomery County Police","Injury Crash","12/06/2017 05:56:00 PM","County","GLENALLAN AVE","GEORGIA AVE",,"N/A","PEDESTRIAN","OTHER","CLEAR","DRY","DARK LIGHTS ON","TRAFFIC SIGNAL","UNKNOWN","UNKNOWN","7D395E48-27AF-40B8-B84B-58340D8764CC","PEDESTRIAN","Cross/Enter at Intersection","UNKNOWN","AT INTERSECTION MARKED CROSSWALK","No","SUSPECTED MINOR INJURY","NONE","39.06279167","-77.05495333","    (39.06279167, -77.05495333)"
"MCP2085000J","170546866","Montgomery County Police","Injury Crash","12/05/2017 08:00:00 PM","County","WILLARD AVE","FRIENDSHIP BLVD",,"N/A","PEDESTRIAN","OTHER","RAINING","WET","DARK LIGHTS ON","TRAFFIC SIGNAL","UNKNOWN","NONE DETECTED","271815A9-98E9-49CC-85E8-D2B3BBB2F85C","PEDESTRIAN","Other","IN ROADWAY IMPROPERLY","ON ROADWAY NOT AT CROSSWALK","Yes","SUSPECTED MINOR INJURY","N/A","38.96207526","-77.08902597","    (38.96207526, -77.08902597)"
"MCP2198003J","170546802","Montgomery County Police","Injury Crash","12/05/2017 06:57:00 PM","County","SHADY GROVE RD","RAMP 4 FR RAMP 1 TO SHADY GROVE RD",,"N/A","PEDESTRIAN","OTHER","N/A","WET","DARK LIGHTS ON","N/A","N/A","N/A","BC384F2E-128E-44A6-B220-E901C3B8B210","PEDESTRIAN","Standing","NO IMPROPER ACTIONS","OTHER","No","POSSIBLE INJURY","N/A","39.11376667","-77.18679833","    (39.11376667, -77.18679833)"
"MCP271700F6","170546798","Montgomery County Police","Injury Crash","12/05/2017 06:45:00 PM","Maryland (State)","OLD GEORGETOWN RD","OAKMONT AVE",,"N/A","PEDESTRIAN","OTHER","RAINING","WET","DARK LIGHTS ON","TRAFFIC SIGNAL","NONE DETECTED","NONE DETECTED","1F48AF99-4861-4615-A47D-41FF8C164723","PEDESTRIAN","Cross/Enter at Intersection","DART DASH","ON ROADWAY AT CROSSWALK","Yes","SUSPECTED MINOR INJURY","NONE","39.00464633","-77.11086233","    (39.00464633, -77.11086233)"
"MCP271700F6","170546798","Montgomery County Police","Injury Crash","12/05/2017 06:45:00 PM","Maryland (State)","OLD GEORGETOWN RD","OAKMONT AVE",,"N/A","PEDESTRIAN","OTHER","RAINING","WET","DARK LIGHTS ON","TRAFFIC SIGNAL","NONE DETECTED","NONE DETECTED","14704D84-6CA2-4986-849D-39D6AB2525BA","PEDESTRIAN","Cross/Enter at Intersection","DART DASH","ON ROADWAY AT CROSSWALK","Yes","SUSPECTED MINOR INJURY","NONE","39.00464633","-77.11086233","    (39.00464633, -77.11086233)"
"MCP30440024","170546801","Montgomery County Police","Injury Crash","12/05/2017 06:24:00 PM",,,,"PARKING LOT OF GIANT",,"PEDESTRIAN","OTHER","RAINING",,"DARK LIGHTS ON","NO CONTROLS","NONE DETECTED","NONE DETECTED","6260B6DB-BBC4-492F-96A6-2A343726AE7B","PEDESTRIAN","Other","OTHER","OTHER","No","POSSIBLE INJURY","NONE","39.04098628","-76.98896885","    (39.04098628, -76.98896885)"
"MCP2001000T","170546565","Montgomery County Police","Injury Crash","12/04/2017 03:50:00 PM","Maryland (State)","GEORGIA AVE","INTERNATIONAL DR",,"N/A","PEDESTRIAN","SINGLE VEHICLE","CLEAR","DRY","DAYLIGHT","NO CONTROLS","NONE DETECTED","UNKNOWN","D05EC724-C6F2-48F8-B770-9D3E4CF2CBF5","PEDESTRIAN","Cross/Enter not at Intersection","UNKNOWN","ON ROADWAY NOT AT CROSSWALK","Unknown","SUSPECTED SERIOUS INJURY","NONE","39.10367082","-77.07682192","    (39.10367082, -77.07682192)"
"MCP26100011","170546586","Montgomery County Police","Injury Crash","12/04/2017 05:59:00 AM","Maryland (State)","KEY WEST AVE","ENT TO BUSINESS",,"N/A","PEDESTRIAN","OTHER","CLEAR","DRY","DARK NO LIGHTS","STOP SIGN","NONE DETECTED","NONE DETECTED","619E1A47-3350-4175-8604-1F7CA9B056D1","PEDESTRIAN","Cross/Enter at Intersection","FAILURE TO YIELD RIGHT OF WAY","AT INTERSECTION BUT NO CROSSWALK","Yes","POSSIBLE INJURY","N/A","39.10569","-77.19907833","    (39.10569, -77.19907833)"
"MCP2357002Q","170546200","Montgomery County Police","Injury Crash","12/02/2017 11:00:00 AM",,,,"8120 GEORGIA AVE. DRIVEWAY",,"OTHER","OTHER","CLEAR",,"DAYLIGHT","NO CONTROLS","NONE DETECTED","NONE DETECTED","884AB4A0-9BA9-4BFA-9E81-17CB37493F5B","OTHER","Walking/Cycling on Sidewalk","N/A","SIDEWALK","No","SUSPECTED MINOR INJURY","OTHER","38.99149167","-77.02681667","    (38.99149167, -77.02681667)"
"MCP3057000R","170546170","Montgomery County Police","Injury Crash","12/02/2017 06:01:00 AM","Maryland (State)","GREAT SENECA HWY","MATENY RD",,"N/A","BICYCLIST","STRAIGHT MOVEMENT ANGLE","N/A","DRY","DARK LIGHTS ON","N/A","N/A","NONE DETECTED","48F9CA99-CF13-4452-94FD-906C9E0426D6","BICYCLIST","Cross/Enter at Intersection","NO IMPROPER ACTIONS","AT INTERSECTION MARKED CROSSWALK","No","SUSPECTED MINOR INJURY","REFLECTIVE CLOTHING","39.18409833","-77.26336833","    (39.18409833, -77.26336833)"
"MCP2556001M","170545616","Montgomery County Police","Injury Crash","12/01/2017 06:56:00 PM","Maryland (State)","FREDERICK RD","MONTGOMERY VILLAGE AVE",,"N/A","PEDESTRIAN","STRAIGHT MOVEMENT ANGLE","N/A","DRY","DARK NO LIGHTS","NO CONTROLS","NONE DETECTED","NONE DETECTED","1BC14C26-8291-4949-A6DC-F1D54F100005","PEDESTRIAN","Cross/Enter not at Intersection","UNKNOWN","N/A","Yes","POSSIBLE INJURY","N/A","39.15134675","-77.21046098","    (39.15134675, -77.21046098)"
"MCP2831002D","170546018","Montgomery County Police","Injury Crash","12/01/2017 02:31:00 PM","County","CRYSTAL ROCK DR","FATHER HURLEY BLVD",,"N/A","BICYCLIST","SINGLE VEHICLE","CLEAR","DRY","DAYLIGHT","TRAFFIC SIGNAL","N/A","N/A","449C0A49-AC16-4A8C-B2B3-3418C446FA0C","BICYCLIST","Cross/Enter at Intersection","FAILURE TO OBEY TRAFFIC SIGNS SIGNALS OR OFFICER","ON ROADWAY AT CROSSWALK","Yes","SUSPECTED MINOR INJURY","MC/BIKE HELMET","39.19357","-77.26988333","    (39.19357, -77.26988333)"
"DD5621001N","170545877","Rockville Police Departme","Injury Crash","11/30/2017 07:23:00 PM","Municipality","N WASHINGTON ST","W MONTGOMERY AVE",,"ROCKVILLE","PEDESTRIAN","SINGLE VEHICLE","CLEAR","DRY","DARK LIGHTS ON","TRAFFIC SIGNAL","N/A","NONE DETECTED","55F834D1-849B-46BB-9515-40E73E309836","PEDESTRIAN","Cross/Enter at Intersection","N/A","AT INTERSECTION MARKED CROSSWALK","No","POSSIBLE INJURY","N/A","39.08423818","-77.15292424","    (39.08423818, -77.15292424)"
"MCP30210023","170545809","Montgomery County Police","Injury Crash","11/30/2017 02:30:00 PM",,,,"12000 CHERRY HILL   IFO TARGET STORE",,"PEDESTRIAN","SINGLE VEHICLE","CLEAR",,"DAYLIGHT","N/A","N/A","NONE DETECTED","579DC028-890B-4CCD-A39A-872901ECFC12","PEDESTRIAN","Standing","NO IMPROPER ACTIONS","N/A","No","POSSIBLE INJURY","NONE","39.052325","-76.95627","    (39.052325, -76.95627)"
"MCP2968001V","170545631","Montgomery County Police","Property Damage Crash","11/29/2017 05:38:00 PM","County","TRAVILAH RD","STONEBRIDGE VIEW DR",,"N/A","PEDESTRIAN","OTHER","CLEAR","DRY","DARK LIGHTS ON","NO CONTROLS","N/A","N/A","7D75ABCF-A360-4375-953A-D9A94239E0CD","PEDESTRIAN","Cross/Enter at Intersection","N/A","AT INTERSECTION MARKED CROSSWALK","No","NO APPARENT INJURY","N/A","39.08924","-77.21421667","    (39.08924, -77.21421667)"
"MCP29910025","170545523","Montgomery County Police","Injury Crash","11/29/2017 07:50:00 AM","County","THORNHURST DR","BOWIE MILL RD",,"N/A","PEDESTRIAN","SINGLE VEHICLE","CLEAR","DRY","DAYLIGHT","N/A","UNKNOWN","NONE DETECTED","A7618B5A-395C-45C7-843E-9A5186DC1C3A","PEDESTRIAN","Walking/Riding w/Traffic","UNKNOWN","ON ROADWAY NOT AT CROSSWALK","Yes","POSSIBLE INJURY","N/A","39.15675333","-77.08854167","    (39.15675333, -77.08854167)"
"MCP2935001G","170545545","Montgomery County Police","Injury Crash","11/28/2017 08:18:00 PM","County","FENTON ST","COLESVILLE RD",,"N/A","PEDESTRIAN","SINGLE VEHICLE","CLEAR","DRY","DARK LIGHTS ON","TRAFFIC SIGNAL","NONE DETECTED","NONE DETECTED","A879CB6B-7134-4C1F-8EEF-1C8F17F2A833","PEDESTRIAN","Cross/Enter at Intersection","NO IMPROPER ACTIONS","AT INTERSECTION MARKED CROSSWALK","No","SUSPECTED MINOR INJURY","NONE","38.98209667","-77.02003833","    (38.98209667, -77.02003833)"
"MCP2851002M","170545426","Montgomery County Police","Injury Crash","11/28/2017 05:33:00 PM","County","FATHER HURLEY BLVD","BRIARCLIFF TERR",,"N/A","PEDESTRIAN","SINGLE VEHICLE","CLEAR","DRY","DARK LIGHTS ON","NO CONTROLS","UNKNOWN","NONE DETECTED","E9D76539-8572-450C-A00F-1FBE3D52C8A4","PEDESTRIAN","Cross/Enter at Intersection","NO IMPROPER ACTIONS","SIDEWALK","No","POSSIBLE INJURY","N/A","39.18559167","-77.26051167","    (39.18559167, -77.26051167)"
"MCP3054000Y","170545428","Montgomery County Police","Injury Crash","11/28/2017 05:29:00 PM","County","REDLAND RD","SOMERVILLE DR",,"N/A","PEDESTRIAN","SINGLE VEHICLE","CLEAR","DRY","DARK LIGHTS ON","TRAFFIC SIGNAL","NONE DETECTED","NONE DETECTED","0787032A-0216-4282-BE86-A0B5C7A6F7FE","PEDESTRIAN","Cross/Enter at Intersection","UNKNOWN","AT INTERSECTION MARKED CROSSWALK","Unknown","POSSIBLE INJURY","NONE","39.11684333","-77.16529667","    (39.11684333, -77.16529667)"
"MCP2805002K","170545411","Montgomery County Police","Injury Crash","11/28/2017 04:45:00 PM","County","CONTOUR RD","LOST KNIFE RD",,"N/A","PEDESTRIAN","OTHER","N/A","DRY","DUSK","NO CONTROLS","NONE DETECTED","NONE DETECTED","CD8F9766-9D41-4333-A423-44FD9116FF19","PEDESTRIAN","Cross/Enter not at Intersection","NO IMPROPER ACTIONS","ON ROADWAY NOT AT CROSSWALK","No","POSSIBLE INJURY","N/A","39.15446493","-77.1992071","    (39.15446493, -77.1992071)"
"MCP15750061","170545427","Montgomery County Police","Injury Crash","11/28/2017 03:45:00 PM","County","SHADY GROVE RD","DARNESTOWN RD",,"N/A","BICYCLIST","STRAIGHT MOVEMENT ANGLE","CLEAR","DRY","DAYLIGHT","TRAFFIC SIGNAL","NONE DETECTED","NONE DETECTED","DBFBE688-8FB5-4654-B195-829CBEE6B0FD","BICYCLIST","Cross/Enter at Intersection","NO IMPROPER ACTIONS","ON ROADWAY AT CROSSWALK","No","POSSIBLE INJURY","NONE","39.09298509","-77.19645984","    (39.09298509, -77.19645984)"
"MCP1182001X","170545378","Montgomery County Police","Injury Crash","11/28/2017 02:12:00 PM","County","LANDON LA","WHITTIER BLVD",,"N/A","PEDESTRIAN","SINGLE VEHICLE","CLEAR","DRY","DAYLIGHT","NO CONTROLS","NONE DETECTED","NONE DETECTED","88876C99-3A30-4351-AA83-9983F7EA3456","PEDESTRIAN","Cross/Enter not at Intersection","INATTENTIVE","ON ROADWAY NOT AT CROSSWALK","Yes","SUSPECTED MINOR INJURY","N/A","38.98545333","-77.126165","    (38.98545333, -77.126165)"
"MCP2059004J","170545341","Montgomery County Police","Injury Crash","11/28/2017 11:44:00 AM","Maryland (State)","WISCONSIN AVE","EAST WEST HWY (W/B COUPLET)",,"N/A","PEDESTRIAN","STRAIGHT MOVEMENT ANGLE","CLEAR","DRY","DAYLIGHT","TRAFFIC SIGNAL","NONE DETECTED","NONE DETECTED","1746507A-7EF9-443E-9A2D-96A2C34B4E10","PEDESTRIAN","Cross/Enter at Intersection","NO IMPROPER ACTIONS","ON ROADWAY AT CROSSWALK","No","POSSIBLE INJURY","N/A","38.98479928","-77.09416509","    (38.98479928, -77.09416509)"