"Report Number","Local Case Number","Agency Name","ACRS Report Type","Crash Date/Time","Route Type","Road Name","Cross-Street Name","Off-Road Description","Municipality","Related Non-Motorist","Collision Type","Weather","Surface Condition","Light","Traffic Control","Driver Substance Abuse","Non-Motorist Substance Abuse","Person ID","Pedestrian Type","Pedestrian Movement","Pedestrian Actions","Pedestrian Location","At Fault","Injury Severity","Safety Equipment","Latitude","Longitude","Location"
"DD56170011","170519620","Rockville Police Departme","Injury Crash","07/17/2017 07:01:00 PM",,,,"PARKING LOT OF 225 N WASHINGTON AVE",,"PEDESTRIAN","SINGLE VEHICLE","CLEAR",,"DUSK","NO CONTROLS","N/A","N/A","33F0F599-631D-449D-B4C2-27BF7A1087C9","PEDESTRIAN","Other","NO IMPROPER ACTIONS","OTHER","No","SUSPECTED MINOR INJURY","NONE","39.08618","-77.152725","    (39.08618, -77.152725)"
"MCP2588002W","170519407","Montgomery County Police","Property Damage Crash","07/16/2017 01:15:00 PM","County","RUSSETT RD","BAUER DR",,"N/A","BICYCLIST","OTHER","CLEAR","DRY","DAYLIGHT","STOP SIGN","NONE DETECTED","NONE DETECTED","CF5AF66F-5316-442F-994E-4ECF7BBD4596","BICYCLIST","Cross/Enter at Intersection","FAILURE TO YIELD RIGHT OF WAY","ON ROADWAY AT CROSSWALK","Yes","NO APPARENT INJURY","NONE","39.05841167","-77.04803833","    (39.05841167, -77.04803833)"
"MCP2274001J","170519122","Montgomery County Police","Injury Crash","07/14/2017 04:57:00 PM",,,,"PARKING LOT OF 455 N. FREDERICK AVE, GAITHERSBURG, MONTGOMERY COUTNY, MARYLAND",,"BICYCLIST","STRAIGHT MOVEMENT ANGLE","CLOUDY",,"DAYLIGHT","NO CONTROLS","NONE DETECTED","NONE DETECTED","79FA7296-98DD-4755-85CF-461003B40A90","BICYCLIST","Walking/Cycling on Sidewalk","NO IMPROPER ACTIONS","SIDEWALK","No","SUSPECTED MINOR INJURY","NONE","39.14836833","-77.206515","    (39.14836833, -77.206515)"
"MCP2845002Y","170518812","Montgomery County Police","Injury Crash","07/13/2017 08:20:00 AM","County","LORAIN AVE","UNIVERSITY BLVD W",,"N/A","BICYCLIST","STRAIGHT MOVEMENT ANGLE","CLEAR","DRY","DAYLIGHT","STOP SIGN","NONE DETECTED","NONE DETECTED","C9B522B3-9DD6-46C2-A517-0AFF5BCF3C02","BICYCLIST","Cross/Enter at Intersection","DART DASH","SIDEWALK","Yes","SUSPECTED MINOR INJURY","NONE","39.02186833","-77.01506333","    (39.02186833, -77.01506333)"
"MCP3004001P","170518567","Montgomery County Police","Property Damage Crash","07/11/2017 09:19:00 PM","Municipality","ROSEMARY ST #2","CONNECTICUT AVE",,"N/A","BICYCLIST","OTHER","CLEAR","DRY","DARK LIGHTS ON","TRAFFIC SIGNAL","UNKNOWN","NONE DETECTED","D72A766C-5E81-4AB6-B02D-3AF84C7106C9","BICYCLIST","Cross/Enter at Intersection","NO IMPROPER ACTIONS","AT INTERSECTION MARKED CROSSWALK","No","NO APPARENT INJURY","NONE","38.97785721","-77.07724303","    (38.97785721, -77.07724303)"
"DM8386000V","170518554","Takoma Park Police Depart","Injury Crash","07/11/2017 08:06:00 PM","Municipality","ROANOKE AVE","HOUSTON AVE",,"TAKOMA PARK","BICYCLIST","SAME DIRECTION SIDESWIPE","CLEAR","DRY","DAWN","N/A","NONE DETECTED","NONE DETECTED","EEF8BAE3-8779-4DAD-A9A2-BE5F15CC764C","BICYCLIST","Walking/Riding w/Traffic","N/A","ON ROADWAY NOT AT CROSSWALK","No","SUSPECTED MINOR INJURY","NONE","38.99124346","-77.00353593","    (38.99124346, -77.00353593)"
"MCP2260001R","170518519","Montgomery County Police","Injury Crash","07/11/2017 06:16:00 AM",,,,"SIDEWALK /DRIVEWAY OF 1911 ROCKVILLE PIKE",,"PEDESTRIAN","OTHER","CLEAR",,"DAYLIGHT","N/A","N/A","NONE DETECTED","9634C539-D7A4-44BC-8963-E0B0C0638C26","PEDESTRIAN","N/A","NO IMPROPER ACTIONS","OTHER","No","POSSIBLE INJURY","NONE","39.058555","-77.12148167","    (39.058555, -77.12148167)"
"DD5612000Y","170518304","Rockville Police Departme","Injury Crash","07/10/2017 03:10:00 PM",,,,"DRIVEWAY/EXIT OF 1560 ROCKVILLE PIKE",,"PEDESTRIAN","SINGLE VEHICLE","CLEAR",,"DAYLIGHT","N/A","UNKNOWN","NONE DETECTED","3DB1B9E6-F023-4D6F-9F07-23C3FFFCC350","PEDESTRIAN","Walking/Riding w/Traffic","NO IMPROPER ACTIONS","ON ROADWAY AT CROSSWALK","No","POSSIBLE INJURY","N/A","39.06480667","-77.12615333","    (39.06480667, -77.12615333)"
"DM83360010","170518092","Takoma Park Police Depart","Injury Crash","07/09/2017 02:47:00 AM","County","MERRIMAC DR","UNIVERSITY BLVD E",,"N/A","PEDESTRIAN","OTHER","CLEAR","DRY","DARK LIGHTS ON","N/A",,"ALCOHOL PRESENT","85673EDF-27DC-49E6-97C8-DE527E735354","PEDESTRIAN","Other","OTHER","OTHER","Yes","POSSIBLE INJURY","N/A","38.99255995","-76.99145928","    (38.99255995, -76.99145928)"
"DD56210017","170517971","Rockville Police Departme","Injury Crash","07/08/2017 12:16:00 PM","Municipality","PARK RD","GRANDIN AVE",,"ROCKVILLE","PEDESTRIAN","SAME DIR REAR END","CLEAR","DRY","DAYLIGHT","PERSON","NONE DETECTED","NONE DETECTED","60DD1533-6812-4933-8D4C-D85E0F016498","PEDESTRIAN","Cross/Enter at Intersection","NO IMPROPER ACTIONS","ON ROADWAY AT CROSSWALK","No","NO APPARENT INJURY","NONE","39.0865345","-77.14449583","    (39.0865345, -77.14449583)"
"MCP2656001Y","170517828","Montgomery County Police","Injury Crash","07/07/2017 01:00:00 PM","County","BRIGGS CHANEY RD","ENT TO BRIGGS CHANEY OUTLETS",,"N/A","BICYCLIST","STRAIGHT MOVEMENT ANGLE","N/A","DRY","DAYLIGHT","UNKNOWN","UNKNOWN","N/A","06ADDC19-CDD5-4437-9803-D2928712FE5D","BICYCLIST","Cross/Enter at Intersection","FAILURE TO YIELD RIGHT OF WAY","ON ROADWAY AT CROSSWALK","Unknown","POSSIBLE INJURY","MC/BIKE HELMET","39.08292167","-76.94823833","    (39.08292167, -76.94823833)"
"MCP24730011","170517780","Montgomery County Police","Injury Crash","07/07/2017 10:36:00 AM","County","CHERRY HILL RD","PLUM ORCHARD DR",,"N/A","BICYCLIST","STRAIGHT MOVEMENT ANGLE","CLOUDY","DRY","DAYLIGHT","TRAFFIC SIGNAL","N/A","N/A","E12695FC-1C67-4188-ADD9-F1E7F2426E20","BICYCLIST","Cross/Enter at Intersection","NO IMPROPER ACTIONS","ON ROADWAY AT CROSSWALK","Yes","POSSIBLE INJURY","NONE","39.05214833","-76.953245","    (39.05214833, -76.953245)"
"DD5595004D","170151767","Rockville Police Departme","Injury Crash","07/06/2017 05:25:00 PM","Other Public Roadway","IVY LEAGUE LA","HUNGERFORD DR",,"N/A","BICYCLIST","OTHER","CLOUDY","DRY","DAYLIGHT","STOP SIGN","NONE DETECTED","NONE DETECTED","43C50EF8-D9D7-41DD-B213-A62527CC8150","BICYCLIST","Cross/Enter at Intersection","NO IMPROPER ACTIONS","ON ROADWAY AT CROSSWALK","No","SUSPECTED MINOR INJURY","NONE","39.09494133","-77.15344183","    (39.09494133, -77.15344183)"
"MCP9113002P","170517604","Montgomery County Police","Injury Crash","07/06/2017 11:58:00 AM","County","ASPEN HILL RD","VEIRS MILL RD",,"N/A","PEDESTRIAN","OTHER","CLOUDY","DRY","DAYLIGHT","TRAFFIC SIGNAL","NONE DETECTED","NONE DETECTED","8C184ACE-14C6-44F4-9401-27B4CCDB6892","PEDESTRIAN","Cross/Enter at Intersection","NO IMPROPER ACTIONS","ON ROADWAY AT CROSSWALK","No","SUSPECTED SERIOUS INJURY","NONE","39.06949","-77.10465667","    (39.06949, -77.10465667)"
"MCP29640025","170517510","Montgomery County Police","Injury Crash","07/05/2017 08:11:00 PM","County","FATHER HURLEY BLVD","TRIMFIELD LA",,"N/A","BICYCLIST","STRAIGHT MOVEMENT ANGLE","RAINING","WET","DAWN","TRAFFIC SIGNAL","NONE DETECTED","NONE DETECTED","A63BFFB4-B388-428F-ABA9-AF55BF2D05D8","BICYCLIST","Walking/Cycling on Sidewalk","NOT VISIBLE","AT INTERSECTION MARKED CROSSWALK","Yes","SUSPECTED MINOR INJURY","NONE","39.18630738","-77.2735633","    (39.18630738, -77.2735633)"
"MCP1221003K","170517373","Montgomery County Police","Injury Crash","07/05/2017 09:28:00 AM","County","GAITHER RD","SHADY GROVE RD",,"N/A","BICYCLIST","SINGLE VEHICLE","CLOUDY","DRY","DAYLIGHT","TRAFFIC SIGNAL","NONE DETECTED","NONE DETECTED","EAB1E642-9ECF-4519-B15E-695764D71BD3","BICYCLIST","Cross/Enter at Intersection","NO IMPROPER ACTIONS","ON ROADWAY AT CROSSWALK","No","SUSPECTED MINOR INJURY","NONE","39.112435","-77.18808333","    (39.112435, -77.18808333)"
"MCP14750015","170517250","Montgomery County Police","Injury Crash","07/04/2017 12:12:00 PM","County","LOST KNIFE RD","CONTOUR RD",,"N/A","BICYCLIST","OTHER","CLEAR","DRY","DAYLIGHT","STOP SIGN","NONE DETECTED","NONE DETECTED","FF64A3F5-CB6A-4362-AAE4-D894AE003BDD","BICYCLIST","Walking/Riding against Traffic","WRONG WAY RIDING OR WALKING","ON ROADWAY NOT AT CROSSWALK","Yes","SUSPECTED MINOR INJURY","NONE","39.15500675","-77.20109403","    (39.15500675, -77.20109403)"
"MCP2976002M","170517191","Montgomery County Police","Injury Crash","07/04/2017 11:13:00 AM","Maryland (State)","GEORGIA AVE","FENWICK LA",,"N/A","PEDESTRIAN","SINGLE VEHICLE","N/A","DRY","DARK LIGHTS ON","NO CONTROLS","NONE DETECTED","N/A","43E53763-101B-4553-B1DB-9A49B178EEC5","PEDESTRIAN","Cross/Enter at Intersection","NO IMPROPER ACTIONS","ON ROADWAY AT CROSSWALK","No","SUSPECTED SERIOUS INJURY","N/A","38.99820818","-77.03061819","    (38.99820818, -77.03061819)"
"MCP30160018","170517188","Montgomery County Police","Injury Crash","07/03/2017 10:13:00 PM","Maryland (State)","GREAT SENECA HWY","CLOPPER RD",,"N/A","PEDESTRIAN","SINGLE VEHICLE","CLEAR","DRY","DARK LIGHTS ON","TRAFFIC SIGNAL","NONE DETECTED","NONE DETECTED","C735DF1B-EBE4-4BA6-95C5-524DC7105534","PEDESTRIAN","Cross/Enter at Intersection","NO IMPROPER ACTIONS","AT INTERSECTION MARKED CROSSWALK","No","SUSPECTED MINOR INJURY","N/A","39.15955467","-77.27509717","    (39.15955467, -77.27509717)"
"MCP30160018","170517188","Montgomery County Police","Injury Crash","07/03/2017 10:13:00 PM","Maryland (State)","GREAT SENECA HWY","CLOPPER RD",,"N/A","PEDESTRIAN","SINGLE VEHICLE","CLEAR","DRY","DARK LIGHTS ON","TRAFFIC SIGNAL","NONE DETECTED","NONE DETECTED","3262DC3E-59C0-4D01-BA21-E47EC366FDA3","PEDESTRIAN","Cross/Enter at Intersection","NO IMPROPER ACTIONS","AT INTERSECTION MARKED CROSSWALK","No","SUSPECTED SERIOUS INJURY","N/A","39.15955467","-77.27509717","    (39.15955467, -77.27509717)"
"MCP30310010","170517158","Montgomery County Police","Injury Crash","07/03/2017 06:24:00 PM","Maryland (State)","NEW HAMPSHIRE AVE","MIDLAND RD",,"N/A","PEDESTRIAN","SINGLE VEHICLE","CLEAR","DRY","DAYLIGHT","TRAFFIC SIGNAL","NONE DETECTED","NONE DETECTED","7D961E90-B12C-49F5-A422-A5DE2272E3B9","PEDESTRIAN","Cross/Enter at Intersection","NO IMPROPER ACTIONS","ON ROADWAY AT CROSSWALK","No","SUSPECTED MINOR INJURY","NONE","39.077535","-77.00173333","    (39.077535, -77.00173333)"
"MCP27980038","170517119","Montgomery County Police","Injury Crash","07/03/2017 03:43:00 PM","Maryland (State)","NEW HAMPSHIRE AVE","ENT TO WHITE OAK SHOPPING CENTER",,"N/A","BICYCLIST","OTHER","CLEAR","DRY","DAYLIGHT","NO CONTROLS","NONE DETECTED","NONE DETECTED","F1B24995-0268-4ECA-AE66-38536050D41F","BICYCLIST","Walking/Riding against Traffic","WRONG WAY RIDING OR WALKING","SIDEWALK","Yes","POSSIBLE INJURY","NONE","39.03917695","-76.99018523","    (39.03917695, -76.99018523)"
"MCP2588002R","170516788","Montgomery County Police","Injury Crash","07/01/2017 10:50:00 AM",,,,"PARKING LOT OF 14000 GEORGIA AVE (HOME DEPOT)",,"PEDESTRIAN","OTHER","CLEAR",,"DAYLIGHT","NO CONTROLS","NONE DETECTED","NONE DETECTED","92C62169-C7D5-4E0C-9142-CB2E230E3875","PEDESTRIAN","Other","INATTENTIVE","OTHER","Yes","POSSIBLE INJURY","N/A","39.084425","-77.07824333","    (39.084425, -77.07824333)"
"MCP3023000T","170516781","Montgomery County Police","Injury Crash","07/01/2017 10:15:00 AM","Maryland (State)","NORBECK RD","WINTERGATE DR",,"N/A","BICYCLIST","SAME DIRECTION SIDESWIPE","CLEAR","DRY","DAYLIGHT","TRAFFIC SIGNAL","NONE DETECTED","NONE DETECTED","1DF4569A-688B-435C-987E-A5732B0C5393","BICYCLIST","Cross/Enter at Intersection","N/A","IN BIKEWAY","No","POSSIBLE INJURY","MC/BIKE HELMET","39.112255","-77.05907","    (39.112255, -77.05907)"
"MCP2951002B","170516494","Montgomery County Police","Injury Crash","06/29/2017 07:20:00 PM","Maryland (State)","GEORGIA AVE","LOTTE PLAZA",,"N/A","BICYCLIST","SINGLE VEHICLE","CLEAR","DRY","DAYLIGHT","STOP SIGN","NONE DETECTED","NONE DETECTED","D423F8B6-EADD-45F2-8C5F-8D7266F96947","BICYCLIST","Walking/Cycling on Sidewalk","NO IMPROPER ACTIONS","CURB","No","POSSIBLE INJURY","NONE","39.07996167","-77.07373383","    (39.07996167, -77.07373383)"
"EJ78390025","170516483","Gaithersburg Police Depar","Injury Crash","06/29/2017 06:15:00 PM","County","GAME PRESERVE RD","ARROWSMITH CT",,"N/A","BICYCLIST","OTHER","CLEAR","DRY","DAYLIGHT","NO CONTROLS","NONE DETECTED","NONE DETECTED","85CEF4F4-67A2-46AA-A43A-ACEC40102C88","BICYCLIST","Cross/Enter at Intersection","IN ROADWAY IMPROPERLY","OUTSIDE RIGHT OF WAY","Yes","SUSPECTED MINOR INJURY","NONE","39.16404333","-77.22304167","    (39.16404333, -77.22304167)"
"MCP2565004G","170516450","Montgomery County Police","Injury Crash","06/29/2017 03:37:00 PM","Maryland (State)","MONTGOMERY AVE","PEARL ST",,"N/A","PEDESTRIAN","STRAIGHT MOVEMENT ANGLE","CLEAR","DRY","DAYLIGHT","NO CONTROLS","NONE DETECTED","NONE DETECTED","15886DF1-3371-4749-A017-CCFB6259BBE7","PEDESTRIAN","Walking/Cycling on Sidewalk","NO IMPROPER ACTIONS","OTHER","No","POSSIBLE INJURY","NONE","38.98397573","-77.09136084","    (38.98397573, -77.09136084)"
"MCP3027000T","170516426","Montgomery County Police","Injury Crash","06/29/2017 01:31:00 PM",,,,"8580 2ND AVE - DRIVEWAY",,"PEDESTRIAN","SINGLE VEHICLE","CLEAR",,"DAYLIGHT","NO CONTROLS","NONE DETECTED","NONE DETECTED","71F89BAE-0EC1-4EBD-B782-38F809161AC8","PEDESTRIAN","Cross/Enter not at Intersection","NO IMPROPER ACTIONS","SIDEWALK","No","POSSIBLE INJURY","NONE","38.99645333","-77.03272","    (38.99645333, -77.03272)"
"MCP2161000D","170516378","Montgomery County Police","Injury Crash","06/29/2017 08:50:00 AM","Ramp","RAMP 10 FR RAMP 5 TO OMEGA DR","RAMP 5 FR IS 270 SB TO SHADY GROVE RD",,"N/A","OTHER CONVEYANCE","STRAIGHT MOVEMENT ANGLE","CLEAR","DRY","DAYLIGHT","STOP SIGN","N/A","N/A","18F13A5A-AD14-41F8-B363-6D0F4711825D","OTHER CONVEYANCE","Cross/Enter at Intersection","NO IMPROPER ACTIONS","ON ROADWAY AT CROSSWALK","No","SUSPECTED MINOR INJURY","NONE","39.11172833","-77.191985","    (39.11172833, -77.191985)"
"MCP2997000T","170516335","Montgomery County Police","Injury Crash","06/28/2017 10:24:00 PM","County","MACDUFF AVE","GALLAGHER WAY",,"N/A","PEDESTRIAN","SAME DIRECTION LEFT TURN","CLEAR","DRY","DARK LIGHTS ON","NO CONTROLS","NONE DETECTED","ALCOHOL PRESENT","286F205A-D57F-49EE-8D29-9BC8BA4337B5","PEDESTRIAN","Cross/Enter at Intersection","NO IMPROPER ACTIONS","AT INTERSECTION BUT NO CROSSWALK","No","POSSIBLE INJURY","NONE","39.14389404","-77.08900586","    (39.14389404, -77.08900586)"
"MCP2348002R","170516329","Montgomery County Police","Injury Crash","06/28/2017 09:59:00 PM","Maryland (State)","VEIRS MILL RD","CROSSOVER",,"N/A","PEDESTRIAN","SINGLE VEHICLE","CLEAR","DRY","DARK LIGHTS ON","N/A","NONE DETECTED","NONE DETECTED","5510AFA1-27F9-4FA7-956F-28B73085F8A5","PEDESTRIAN","Walking/Cycling on Sidewalk","NO IMPROPER ACTIONS","SIDEWALK","No","POSSIBLE INJURY","N/A","39.041405","-77.058375","    (39.041405, -77.058375)"
"DD5595004C","170516151","Rockville Police Departme","Injury Crash","06/28/2017 07:48:00 AM","Municipality","E MIDDLE LA","MONROE ST",,"ROCKVILLE","PEDESTRIAN","SINGLE VEHICLE","CLEAR","DRY","DAYLIGHT","OTHER","NONE DETECTED","NONE DETECTED","E528197E-1AB6-48F5-8A0D-E59768D89E9E","PEDESTRIAN","Cross/Enter at Intersection","NO IMPROPER ACTIONS","ON ROADWAY AT CROSSWALK","No","SUSPECTED MINOR INJURY","NONE","39.0853365","-77.14972233","    (39.0853365, -77.14972233)"
"MCP2358003J","170516006","Montgomery County Police","Injury Crash","06/27/2017 12:32:00 PM","County","HARTMAN CT","CARMELITA DR",,"N/A","PEDESTRIAN","OTHER","CLEAR","DRY","DAYLIGHT","NO CONTROLS",,"NONE DETECTED","DF8103FC-A518-4EEF-9F2B-0DC77FA8ACD4","PEDESTRIAN","Getting off/on Vehicle","NO IMPROPER ACTIONS","OTHER","No","SUSPECTED MINOR INJURY","N/A","39.019355","-77.174371","    (39.019355, -77.174371)"
"MCP9130003B","170515983","Montgomery County Police","Injury Crash","06/27/2017 10:43:00 AM","County","WAYNE AVE","FENTON ST",,"N/A","PEDESTRIAN","SINGLE VEHICLE","CLEAR","DRY","N/A","N/A","NONE DETECTED","NONE DETECTED","54C76958-DF93-4C07-972A-59493E15DD81","PEDESTRIAN","Cross/Enter not at Intersection","IN ROADWAY IMPROPERLY","ON ROADWAY NOT AT CROSSWALK","Yes","SUSPECTED SERIOUS INJURY","NONE","38.99495626","-77.02523232","    (38.99495626, -77.02523232)"
"MCP12050032","170515959","Montgomery County Police","Injury Crash","06/27/2017 08:44:00 AM",,,,"PRIVATE DRIVEWAY OF 5610 WISCONSIN AVE.",,"PEDESTRIAN","OTHER","CLEAR",,"DAYLIGHT","NO CONTROLS","NONE DETECTED","NONE DETECTED","644136D2-9240-4F12-9EDA-656C6CD94569","PEDESTRIAN","Standing","OTHER","OTHER","Yes","SUSPECTED MINOR INJURY","NONE","38.96529012","-77.09059238","    (38.96529012, -77.09059238)"
"MCP2851002H","170515879","Montgomery County Police","Injury Crash","06/26/2017 06:25:00 PM","County","WATERS LANDING DR","FATHER HURLEY BLVD",,"N/A","PEDESTRIAN","OTHER","CLEAR","DRY","DAYLIGHT","TRAFFIC SIGNAL","NONE DETECTED","NONE DETECTED","FA13BC79-F698-400D-A44A-3FBFB79CEB41","PEDESTRIAN","Cross/Enter at Intersection","NO IMPROPER ACTIONS","ON ROADWAY AT CROSSWALK","No","POSSIBLE INJURY","NONE","39.19160167","-77.27207167","    (39.19160167, -77.27207167)"
"MCP07040012","170515873","Montgomery County Police","Injury Crash","06/26/2017 06:12:00 PM","Maryland (State)","WISCONSIN AVE","BETHESDA AVE",,"N/A","PEDESTRIAN","SINGLE VEHICLE","CLEAR","DRY","DAYLIGHT","TRAFFIC SIGNAL","NONE DETECTED","NONE DETECTED","05DD9F06-F8AA-4741-B1C4-12BF6B0A7126","PEDESTRIAN","Cross/Enter at Intersection","NO IMPROPER ACTIONS","AT INTERSECTION MARKED CROSSWALK","No","SUSPECTED MINOR INJURY","N/A","38.98352333","-77.093235","    (38.98352333, -77.093235)"
"MCP26770014","170515744","Montgomery County Police","Injury Crash","06/25/2017 10:02:00 PM","County","SCENERY DR","FREDERICK RD",,"N/A","BICYCLIST","STRAIGHT MOVEMENT ANGLE","CLEAR","N/A","DARK LIGHTS ON","STOP SIGN","N/A","N/A","414711DB-89F7-4029-B5C0-CEAFD309EA00","BICYCLIST","Cross/Enter at Intersection","IN ROADWAY IMPROPERLY","AT INTERSECTION MARKED CROSSWALK","Yes","SUSPECTED MINOR INJURY","NONE","39.17546992","-77.23792076","    (39.17546992, -77.23792076)"
"MCP26770014","170515744","Montgomery County Police","Injury Crash","06/25/2017 10:02:00 PM","County","SCENERY DR","FREDERICK RD",,"N/A","BICYCLIST","STRAIGHT MOVEMENT ANGLE","CLEAR","N/A","DARK LIGHTS ON","STOP SIGN","N/A","N/A","D10CAD68-7BB1-4040-9FC0-A2BA7537D10D","BICYCLIST","Cross/Enter at Intersection","IN ROADWAY IMPROPERLY","AT INTERSECTION MARKED CROSSWALK","Yes","SUSPECTED MINOR INJURY","NONE","39.17546992","-77.23792076","    (39.17546992, -77.23792076)"
"DM8445001H","17515696","Takoma Park Police Depart","Injury Crash","06/25/2017 02:55:00 PM",,,,"COLLISION OCCURRED WITHIN THE LOT OF 7551 NEW HAMPSHIRE AVE. TAKOMA PARK, MD - CAR WASH",,"OTHER, PEDESTRIAN","SINGLE VEHICLE","CLEAR",,"DAYLIGHT","N/A",,"N/A","489625C1-9A77-44F5-AF9B-A7D3DA981E3F","OTHER","Other","N/A","N/A","Unknown","NO APPARENT INJURY","N/A","38.98556444","-76.98794156","    (38.98556444, -76.98794156)"
"DM8445001H","17515696","Takoma Park Police Depart","Injury Crash","06/25/2017 02:55:00 PM",,,,"COLLISION OCCURRED WITHIN THE LOT OF 7551 NEW HAMPSHIRE AVE. TAKOMA PARK, MD - CAR WASH",,"OTHER, PEDESTRIAN","SINGLE VEHICLE","CLEAR",,"DAYLIGHT","N/A",,"N/A","856065A4-3FBA-4C8A-B73E-B5216814FAC0","OTHER","N/A","OTHER","N/A","Yes","NO APPARENT INJURY","N/A","38.98556444","-76.98794156","    (38.98556444, -76.98794156)"
"DM8445001H","17515696","Takoma Park Police Depart","Injury Crash","06/25/2017 02:55:00 PM",,,,"COLLISION OCCURRED WITHIN THE LOT OF 7551 NEW HAMPSHIRE AVE. TAKOMA PARK, MD - CAR WASH",,"OTHER, PEDESTRIAN","SINGLE VEHICLE","CLEAR",,"DAYLIGHT","N/A",,"N/A","52BCD66E-6F8F-4A72-A29E-F20BF7C956D3","PEDESTRIAN","Other","OTHER","OTHER","No","SUSPECTED MINOR INJURY","N/A","38.98556444","-76.98794156","    (38.98556444, -76.98794156)"
"MCP3045000J","170515506","Montgomery County Police","Injury Crash","06/24/2017 06:46:00 AM","Maryland (State)","BRADLEY BLVD","EWING DR",,"N/A","BICYCLIST","HEAD ON LEFT TURN","CLEAR","WET","DAYLIGHT","NO CONTROLS","NONE DETECTED","NONE DETECTED","232C0DF9-EDC2-46B4-B6AD-09746ADBB467","BICYCLIST","Cross/Enter at Intersection","N/A","SHARED USE PATH OR TRAILS","No","SUSPECTED SERIOUS INJURY","MC/BIKE HELMET","38.99439758","-77.12325096","    (38.99439758, -77.12325096)"
"MCP3045000J","170515506","Montgomery County Police","Injury Crash","06/24/2017 06:46:00 AM","Maryland (State)","BRADLEY BLVD","EWING DR",,"N/A","BICYCLIST","HEAD ON LEFT TURN","CLEAR","WET","DAYLIGHT","NO CONTROLS","NONE DETECTED","NONE DETECTED","A98C05F9-6D3E-4AF1-A1A0-65728F8551E3","BICYCLIST","Cross/Enter at Intersection","N/A","SHARED USE PATH OR TRAILS","No","SUSPECTED SERIOUS INJURY","MC/BIKE HELMET","38.99439758","-77.12325096","    (38.99439758, -77.12325096)"
"MCP3039000N","170515413","Montgomery County Police","Injury Crash","06/23/2017 07:50:00 PM","Maryland (State)","OLD GEORGETOWN RD","RAMP 4 FR MD 187 NB TO IS 495 EB",,"N/A","BICYCLIST","SAME DIR REAR END","CLEAR","DRY","DAYLIGHT","TRAFFIC SIGNAL","NONE DETECTED","NONE DETECTED","1D97FA12-9737-4990-823B-AC984C47B1BB","BICYCLIST","Walking/Riding w/Traffic","NO IMPROPER ACTIONS","ON ROADWAY NOT AT CROSSWALK","No","SUSPECTED MINOR INJURY","MC/BIKE HELMET","39.01477089","-77.11841695","    (39.01477089, -77.11841695)"
"MCP20480019","170515411","Montgomery County Police","Injury Crash","06/23/2017 06:27:00 PM","Maryland (State)","SANDY SPRING RD","RAMP 4 FR US 29 NB TO MD 198 EB",,"N/A","PEDESTRIAN","OTHER","CLEAR","DRY","DAYLIGHT","NO CONTROLS","UNKNOWN","NONE DETECTED","887F88DD-FA4D-4D2F-B2AF-408DC929E0B3","PEDESTRIAN","Walking/Cycling on Sidewalk","NO IMPROPER ACTIONS","SIDEWALK","No","SUSPECTED MINOR INJURY","N/A","39.111815","-76.929065","    (39.111815, -76.929065)"
"MCP1151006M","170515105","Montgomery County Police","Injury Crash","06/22/2017 07:45:00 AM","Maryland (State)","FREDERICK RD","ENT TO FOX CHAPEL CENTER",,"N/A","PEDESTRIAN","OTHER","CLEAR","DRY","DAYLIGHT","TRAFFIC SIGNAL","NONE DETECTED","NONE DETECTED","E2142C6E-D41F-478D-9A66-8A6DFF28DCBC","PEDESTRIAN","Cross/Enter not at Intersection","IN ROADWAY IMPROPERLY","ON ROADWAY NOT AT CROSSWALK","Yes","SUSPECTED SERIOUS INJURY","N/A","39.17847703","-77.23839954","    (39.17847703, -77.23839954)"
"MCP1151006L","170515099","Montgomery County Police","Injury Crash","06/22/2017 07:41:00 AM",,,,"PARKING LOT OF CHIC FIL A RESTAURANT  19945 CENTURY BLVD GERMANTOWN, MD",,"PEDESTRIAN","OTHER","CLEAR",,"DAYLIGHT","N/A","NONE DETECTED","NONE DETECTED","BC497ADC-3FF3-498C-9254-602F97B58E77","PEDESTRIAN","Other","NO IMPROPER ACTIONS","OTHER","No","POSSIBLE INJURY","N/A","39.182173","-77.261231","    (39.182173, -77.261231)"
"MCP20460072","170515096","Montgomery County Police","Injury Crash","06/22/2017 06:06:00 AM","US (State)","COLESVILLE RD","CROSSOVER",,"N/A","PEDESTRIAN","STRAIGHT MOVEMENT ANGLE","CLEAR","DRY","DAYLIGHT","NO CONTROLS","NONE DETECTED","NONE DETECTED","4E050450-B70B-4F8B-8B9E-84693B7D1970","PEDESTRIAN","Unknown","DART DASH","UNKNOWN","Unknown","SUSPECTED SERIOUS INJURY","N/A","39.02155333","-77.012305","    (39.02155333, -77.012305)"
"MCP29410021","170515017","Montgomery County Police","Injury Crash","06/21/2017 07:40:00 PM","County","FENTON ST","WAYNE AVE",,"N/A","PEDESTRIAN","SINGLE VEHICLE","CLEAR","DRY","DAYLIGHT","NO CONTROLS","NONE DETECTED","N/A","8727DA2A-4FC5-4077-BBB6-34062F2AED9A","PEDESTRIAN","Cross/Enter at Intersection","DART DASH","AT INTERSECTION MARKED CROSSWALK","Unknown","POSSIBLE INJURY","NONE","38.99609445","-77.02474952","    (38.99609445, -77.02474952)"
"MCP27080023","170514827","Montgomery County Police","Injury Crash","06/20/2017 08:57:00 PM","County","11TH AVE","RUATAN ST",,"N/A","PEDESTRIAN","STRAIGHT MOVEMENT ANGLE","CLEAR","N/A","DARK LIGHTS ON","N/A",,"NONE DETECTED","616959EE-1DCC-4EC3-B1BE-19995D8310B7","PEDESTRIAN","Standing","UNKNOWN","CURB","No","SUSPECTED MINOR INJURY","NONE","38.99696997","-76.99050307","    (38.99696997, -76.99050307)"
"MCP1301000T","170514720","Montgomery County Police","Fatal Crash","06/20/2017 10:44:00 AM","County","MIDDLEBROOK RD","GREAT SENECA HWY",,"N/A","PEDESTRIAN","STRAIGHT MOVEMENT ANGLE","CLEAR","DRY","DAYLIGHT","TRAFFIC SIGNAL","NONE DETECTED, UNKNOWN","UNKNOWN","DEE50186-51C2-489F-B613-5AA3966B8C5B","PEDESTRIAN","Other","NO IMPROPER ACTIONS","MEDIAN","No","FATAL INJURY","NONE","39.17493347","-77.26046741","    (39.17493347, -77.26046741)"