"Report Number","Local Case Number","Agency Name","ACRS Report Type","Crash Date/Time","Route Type","Road Name","Cross-Street Name","Off-Road Description","Municipality","Related Non-Motorist","Collision Type","Weather","Surface Condition","Light","Traffic Control","Driver Substance Abuse","Non-Motorist Substance Abuse","Person ID","Pedestrian Type","Pedestrian Movement","Pedestrian Actions","Pedestrian Location","At Fault","Injury Severity","Safety Equipment","Latitude","Longitude","Location"
"MCP1595000Q","170504644","Montgomery County Police","Injury Crash","04/28/2017 02:16:00 AM","County","ELKIN ST","PRICE AVE",,"N/A","PEDESTRIAN","SAME DIRECTION SIDESWIPE","CLEAR","DRY","DARK LIGHTS ON","NO CONTROLS","UNKNOWN","ALCOHOL PRESENT","100C0D18-7757-4824-8790-D4EDB434833D","PEDESTRIAN","Standing","NO IMPROPER ACTIONS","CURB","No","SUSPECTED MINOR INJURY","NONE","39.04091233","-77.05039009","    (39.04091233, -77.05039009)"
"MCP2339002C","170504595","Montgomery County Police","Injury Crash","04/27/2017 08:07:00 PM","Maryland (State)","DR BIRD RD","BATCHELLORS FOREST RD",,"N/A","BICYCLIST","OTHER","N/A","DRY","DUSK","NO CONTROLS","UNKNOWN","NONE DETECTED","FB2A0579-364E-4779-AAC0-0B109C8AA8CF","BICYCLIST","Walking/Riding w/Traffic","UNKNOWN","SHOULDER","No","SUSPECTED SERIOUS INJURY","UNKNOWN","39.142901","-77.040811","    (39.142901, -77.040811)"
"MCP28400013","170504579","Montgomery County Police","Injury Crash","04/27/2017 06:30:00 PM","Maryland (State)","NEW HAMPSHIRE AVE","SHAW AVE E",,"N/A","PEDESTRIAN","SAME DIR REAR END","N/A","DRY","DAYLIGHT","NO CONTROLS","N/A, NONE DETECTED","N/A","B4D5073C-DEF5-4D4D-982A-4A1B0D41DC6C","PEDESTRIAN","Standing","NO IMPROPER ACTIONS","SHOULDER","No","SUSPECTED MINOR INJURY","N/A","39.06878816","-77.00289488","    (39.06878816, -77.00289488)"
"MCP2722002F","170504449","Montgomery County Police","Injury Crash","04/27/2017 05:47:00 AM","County","ASPEN HILL RD","PARKLAND DR",,"N/A","PEDESTRIAN","STRAIGHT MOVEMENT ANGLE","FOGGY","DRY","DARK LIGHTS ON","TRAFFIC SIGNAL","N/A","N/A","39BB0265-5932-4DCB-B7A8-A2628564940A","PEDESTRIAN","Cross/Enter at Intersection","NO IMPROPER ACTIONS","ON ROADWAY AT CROSSWALK","No","SUSPECTED MINOR INJURY","NONE","39.079225","-77.0874","    (39.079225, -77.0874)"
"MCP3041000D","170504434","Montgomery County Police","Injury Crash","04/26/2017 11:18:00 PM","Municipality","ROLLINS AVE","ROAD END",,"N/A","PEDESTRIAN","SINGLE VEHICLE","CLEAR","DRY","DARK -- UNKNOWN LIGHTING","N/A","N/A","ALCOHOL PRESENT","027D9AB4-A0F2-4BCA-9368-CAA4DA3F9561","PEDESTRIAN","Standing","UNKNOWN","OTHER","Unknown","POSSIBLE INJURY","N/A","39.05758375","-77.13183403","    (39.05758375, -77.13183403)"
"MCP2893002Y","170504362","Montgomery County Police","Injury Crash","04/26/2017 04:56:00 PM","County","SCENERY DR","ENT TO PLUM GAR COMMUNITY CENTER",,"N/A","BICYCLIST","SINGLE VEHICLE","CLEAR","DRY","DAYLIGHT","NO CONTROLS","NONE DETECTED","NONE DETECTED","2E978FC3-F34B-4129-951A-8BBBA590BBED","BICYCLIST","Playing","FAILURE TO YIELD RIGHT OF WAY","ON ROADWAY NOT AT CROSSWALK","Yes","SUSPECTED MINOR INJURY","NONE","39.17705667","-77.23413","    (39.17705667, -77.23413)"
"EJ7833002Z","170504343","Gaithersburg Police Depar","Injury Crash","04/26/2017 02:45:00 PM","County","N WESTLAND DR","S FREDERICK RD",,"N/A","PEDESTRIAN","OTHER","CLEAR","DRY","DAYLIGHT","STOP SIGN","NONE DETECTED","NONE DETECTED","45530A02-DA22-417B-B963-5FC2EA343932","PEDESTRIAN","Cross/Enter at Intersection","NO IMPROPER ACTIONS","AT INTERSECTION MARKED CROSSWALK","No","POSSIBLE INJURY","N/A","39.12802119","-77.18507051","    (39.12802119, -77.18507051)"
"MCP09420015","170504129","Montgomery County Police","Injury Crash","04/25/2017 02:54:00 PM",,,,"6930 ARLINGTON RD-BRADLEY SHOPPING CENTER",,"PEDESTRIAN","OTHER","RAINING",,"DAYLIGHT","TRAFFIC SIGNAL","NONE DETECTED","NONE DETECTED","58C7F0A1-6799-4FC4-80E3-AFDB4300F3AA","PEDESTRIAN","Cross/Enter at Intersection","NO IMPROPER ACTIONS","AT INTERSECTION MARKED CROSSWALK","No","SUSPECTED MINOR INJURY","NONE","38.9795885","-77.09880167","    (38.9795885, -77.09880167)"
"MCP2939001P","170504228","Montgomery County Police","Property Damage Crash","04/25/2017 10:32:00 AM","Maryland (State)","GERMANTOWN RD","MIDDLEBROOK RD",,"N/A","PEDESTRIAN","STRAIGHT MOVEMENT ANGLE","RAINING","WET","DARK LIGHTS ON","NO CONTROLS","NONE DETECTED","N/A","A9D66F17-F637-4089-9548-0AA9C4567CBC","PEDESTRIAN","Walking/Riding against Traffic","IN ROADWAY IMPROPERLY","ON ROADWAY NOT AT CROSSWALK","Yes","NO APPARENT INJURY","NONE","39.17996167","-77.26466167","    (39.17996167, -77.26466167)"
"MCP1522001F","170504061","Montgomery County Police","Injury Crash","04/25/2017 09:17:00 AM",,,,"PARKING LOT OF 24001 RIDGE RD",,"PEDESTRIAN","OTHER","CLOUDY",,"DAYLIGHT","NO CONTROLS","N/A","N/A","FACF7CEB-B599-4B59-97ED-DC06D9E7A26D","PEDESTRIAN","Standing","IN ROADWAY IMPROPERLY","ON ROADWAY NOT AT CROSSWALK","No","SUSPECTED MINOR INJURY","N/A","39.24937055","-77.23324299","    (39.24937055, -77.23324299)"
"MCP2727001D","170504059","Montgomery County Police","Injury Crash","04/25/2017 08:44:00 AM","Maryland (State)","FREDERICK RD","LITTLE SENECA PKWY",,"N/A","PEDESTRIAN","OTHER","N/A","DRY","DAYLIGHT","TRAFFIC SIGNAL","NONE DETECTED","NONE DETECTED","3780A9FD-FFF2-4108-8C4A-FEC2B24A59DE","PEDESTRIAN","Cross/Enter at Intersection","FAILURE TO OBEY TRAFFIC SIGNS SIGNALS OR OFFICER","AT INTERSECTION MARKED CROSSWALK","Yes","SUSPECTED MINOR INJURY","NONE","39.22321833","-77.26053333","    (39.22321833, -77.26053333)"
"MCP25040026","170503962","Montgomery County Police","Injury Crash","04/24/2017 06:35:00 PM",,"PARK POTOMAC AVENUE","CADBURY AVENUE",,"N/A","PEDESTRIAN","STRAIGHT MOVEMENT ANGLE","RAINING","WET","DAYLIGHT","STOP SIGN","NONE DETECTED","NONE DETECTED","938F15C5-AEF4-4766-8C71-934613559B48","PEDESTRIAN","Cross/Enter at Intersection","NO IMPROPER ACTIONS","ON ROADWAY AT CROSSWALK","No","SUSPECTED MINOR INJURY","N/A","39.06017167","-77.15780833","    (39.06017167, -77.15780833)"
"MCP3031000S","170503973","Montgomery County Police","Injury Crash","04/24/2017 06:17:00 PM","County","RANDOLPH RD","GLENMONT CIR #1",,"N/A","PEDESTRIAN","SINGLE VEHICLE","CLOUDY","WET","DAYLIGHT","TRAFFIC SIGNAL","NONE DETECTED","NONE DETECTED","219E28DD-7D9E-4AD2-AE7C-CEC7778E5864","PEDESTRIAN","Cross/Enter at Intersection","DART DASH","AT INTERSECTION BUT NO CROSSWALK","Yes","POSSIBLE INJURY","NONE","39.05928333","-77.04705833","    (39.05928333, -77.04705833)"
"DD5614002K","170503761","Rockville Police Departme","Injury Crash","04/23/2017 07:06:00 PM","Municipality","MARTINS LA","N WASHINGTON ST",,"ROCKVILLE","PEDESTRIAN","STRAIGHT MOVEMENT ANGLE","CLOUDY","DRY","DAYLIGHT","NO CONTROLS","UNKNOWN","UNKNOWN","10D6F775-63C0-41C2-8C5E-534F6DFE7D39","PEDESTRIAN","Cross/Enter at Intersection","DART DASH","ON ROADWAY NOT AT CROSSWALK","Yes","SUSPECTED MINOR INJURY","N/A","39.09118333","-77.15502977","    (39.09118333, -77.15502977)"
"DM8270000C","170503423","Takoma Park Police Depart","Injury Crash","04/23/2017 06:01:00 PM","Maryland (State)","ETHAN ALLEN AVE","PRINCE GEORGES AVE",,"TAKOMA PARK","PEDESTRIAN","OTHER","CLOUDY","WET","DAYLIGHT","N/A","NONE DETECTED","NONE DETECTED","62F981C6-1B80-41FE-A578-BBF867DDC83A","PEDESTRIAN","Cross/Enter not at Intersection","IN ROADWAY IMPROPERLY","ON ROADWAY NOT AT CROSSWALK","Unknown","SUSPECTED SERIOUS INJURY","N/A","38.97713471","-76.99922562","    (38.97713471, -76.99922562)"
"MCP2780002T","170503594","Montgomery County Police","Injury Crash","04/22/2017 05:21:00 PM",,,,"20910 FREDERICK ROAD GERMANTOWN, MD 20876",,"PEDESTRIAN","SINGLE VEHICLE","RAINING",,"DAYLIGHT","NO CONTROLS","NONE DETECTED","NONE DETECTED","205C58DF-BF7F-4D60-AC16-63C7B7F5301A","PEDESTRIAN","Standing","N/A","OTHER","No","POSSIBLE INJURY","N/A","39.19901833","-77.25101167","    (39.19901833, -77.25101167)"
"MCP2867003X","170503568","Montgomery County Police","Injury Crash","04/22/2017 02:13:00 PM",,,,"PARKING LOT IN FRONT OF 10107 COLESVILLE ROAD, SILVER SPRING, MARYLAND 20901",,"PEDESTRIAN","SINGLE VEHICLE","CLOUDY",,"DAYLIGHT","N/A","NONE DETECTED","NONE DETECTED","AD697FF1-F461-4C79-9F95-5238047D3334","PEDESTRIAN","Other","INATTENTIVE","OTHER","Yes","POSSIBLE INJURY","NONE","39.02032045","-77.01206267","    (39.02032045, -77.01206267)"
"MCP2859003K","170503514","Montgomery County Police","Injury Crash","04/22/2017 06:27:00 AM","County","SAM EIG HWY","FIELDS RD",,"N/A","PEDESTRIAN","OTHER","RAINING","WET","DARK LIGHTS ON","TRAFFIC SIGNAL","NONE DETECTED","NONE DETECTED","8901FE23-F56B-43A4-902B-4680303727B0","PEDESTRIAN","Cross/Enter at Intersection","FAILURE TO YIELD RIGHT OF WAY","ON ROADWAY AT CROSSWALK","Yes","SUSPECTED MINOR INJURY","N/A","39.11646825","-77.20794439","    (39.11646825, -77.20794439)"
"MCP3007001L","170503359","Montgomery County Police","Injury Crash","04/21/2017 02:20:00 PM","Maryland (State)","NEW HAMPSHIRE AVE","BONIFANT RD",,"N/A","PEDESTRIAN","SINGLE VEHICLE","N/A","WET","DAYLIGHT","TRAFFIC SIGNAL","N/A","NONE DETECTED","0288B69A-4BC5-4447-9F0C-5CE2F33D1ACD","PEDESTRIAN","Cross/Enter at Intersection","NO IMPROPER ACTIONS","AT INTERSECTION MARKED CROSSWALK","No","POSSIBLE INJURY","NONE","39.09600561","-77.00209558","    (39.09600561, -77.00209558)"
"MCP1170001R","170503352","Montgomery County Police","Injury Crash","04/21/2017 01:13:00 PM",,,,"PARKING LOT OF 13827 OUTLET DRIVE",,"PEDESTRIAN","OTHER","CLEAR",,"DAYLIGHT","NO CONTROLS","UNKNOWN","NONE DETECTED","24BA7FE5-B5C5-495C-A47C-555A0FE7D7B0","PEDESTRIAN","Other","NO IMPROPER ACTIONS","OTHER","No","SUSPECTED MINOR INJURY","N/A","39.08218948","-76.94643974","    (39.08218948, -76.94643974)"
"MCP3018000Q","170503285","Montgomery County Police","Injury Crash","04/21/2017 07:30:00 AM","County","DALEWOOD DR","RANDOLPH RD",,"N/A","BICYCLIST","OTHER","CLEAR","DRY","DAYLIGHT","TRAFFIC SIGNAL","UNKNOWN","NONE DETECTED","9696EFA5-CA8E-4E78-941C-5A356FB95516","BICYCLIST","Cross/Enter at Intersection","NO IMPROPER ACTIONS","AT INTERSECTION MARKED CROSSWALK","No","SUSPECTED MINOR INJURY","NONE","39.05918226","-77.06915081","    (39.05918226, -77.06915081)"
"MCP25260013","170503188","Montgomery County Police","Injury Crash","04/20/2017 05:25:00 PM","Maryland (State)","FISHER AVE","ENT TO POOLESVILLE PLAZA",,"N/A","BICYCLIST","HEAD ON LEFT TURN","CLEAR","DRY","DAYLIGHT","NO CONTROLS","NONE DETECTED","N/A","2D0C3F77-9FBE-4900-8C5E-181E957D01EE","BICYCLIST","Cross/Enter at Intersection","NO IMPROPER ACTIONS","AT INTERSECTION BUT NO CROSSWALK","No","POSSIBLE INJURY","MC/BIKE HELMET","39.1440719","-77.40945339","    (39.1440719, -77.40945339)"
"MCP2982001X","170503149","Montgomery County Police","Injury Crash","04/20/2017 02:22:00 PM","Maryland (State)","GEORGIA AVE","CAMERON ST",,"N/A","PEDESTRIAN","OTHER","CLEAR","DRY","DAYLIGHT","TRAFFIC SIGNAL","UNKNOWN","NONE DETECTED","4FBEB9F2-7BE0-4412-B482-041D66EF8658","PEDESTRIAN","Cross/Enter at Intersection","NO IMPROPER ACTIONS","ON ROADWAY AT CROSSWALK","No","SUSPECTED MINOR INJURY","NONE","38.99761097","-77.02974513","    (38.99761097, -77.02974513)"
"MCP3050000N","170502919","Montgomery County Police","Injury Crash","04/19/2017 08:41:00 AM",,,,"DUNKIN DONUTS 13810 CONNECTICUT AVE SILVER SPRING 20906",,"OTHER","SINGLE VEHICLE","CLEAR",,"DAYLIGHT","N/A","NONE DETECTED","NONE DETECTED","4024C966-4958-407F-AF20-E9D67DE126F9","OTHER","Other","N/A","INSIDE BUILDING","No","SUSPECTED MINOR INJURY","N/A","39.08526833","-77.07725333","    (39.08526833, -77.07725333)"
"MCP3050000N","170502919","Montgomery County Police","Injury Crash","04/19/2017 08:41:00 AM",,,,"DUNKIN DONUTS 13810 CONNECTICUT AVE SILVER SPRING 20906",,"OTHER","SINGLE VEHICLE","CLEAR",,"DAYLIGHT","N/A","NONE DETECTED","NONE DETECTED","17C4F97E-A440-4304-8218-21F7D6276ED3","OTHER","Other","N/A","INSIDE BUILDING","No","SUSPECTED MINOR INJURY","N/A","39.08526833","-77.07725333","    (39.08526833, -77.07725333)"
"MCP271700BM","170502817","Montgomery County Police","Property Damage Crash","04/18/2017 04:45:00 PM",,,,"4707 HIGHLAND AVENUE (MONTGOMERY COUNTY PUBLIC PARKING LOT)",,"PEDESTRIAN","SINGLE VEHICLE","CLEAR",,"DAYLIGHT","NO CONTROLS","NONE DETECTED","NONE DETECTED","BED5F0AE-C8C9-404A-A7FE-90691CA3E33C","PEDESTRIAN","Standing","OTHER","OTHER","No","NO APPARENT INJURY","NONE","38.991755","-77.09430183","    (38.991755, -77.09430183)"
"MCP271700BM","170502817","Montgomery County Police","Property Damage Crash","04/18/2017 04:45:00 PM",,,,"4707 HIGHLAND AVENUE (MONTGOMERY COUNTY PUBLIC PARKING LOT)",,"PEDESTRIAN","SINGLE VEHICLE","CLEAR",,"DAYLIGHT","NO CONTROLS","NONE DETECTED","NONE DETECTED","1331B814-8EB3-4CDE-AED8-C3D8FE5E744F","PEDESTRIAN","Other","OTHER","OTHER","No","NO APPARENT INJURY","NONE","38.991755","-77.09430183","    (38.991755, -77.09430183)"
"MCP2952003C","170502566","Montgomery County Police","Injury Crash","04/17/2017 10:41:00 AM",,,,"ON SECOND FLOOR OF COUNTY PARKING GARAGE LOCATED AT 7726 FENTON STREET, SILVER SPRING MARYLAND 20910",,"PEDESTRIAN","OTHER","N/A",,"DAYLIGHT","N/A","NONE DETECTED","NONE DETECTED","A03DC75A-6485-4879-9E08-15D1F3258473","PEDESTRIAN","Other","UNKNOWN","OTHER","No","SUSPECTED MINOR INJURY","N/A","38.98648333","-77.02318333","    (38.98648333, -77.02318333)"
"MCP13660064","170502538","Montgomery County Police","Injury Crash","04/17/2017 07:25:00 AM","County","CRABBS BRANCH WAY","REDLAND RD",,"N/A","PEDESTRIAN","SINGLE VEHICLE","CLOUDY","DRY","DAYLIGHT","TRAFFIC SIGNAL","NONE DETECTED","NONE DETECTED","4D153426-C241-422C-93D9-121652736A22","PEDESTRIAN","Cross/Enter at Intersection","NO IMPROPER ACTIONS","ON ROADWAY AT CROSSWALK","No","SUSPECTED MINOR INJURY","N/A","39.12081","-77.158815","    (39.12081, -77.158815)"
"MCP23580033","170502313","Montgomery County Police","Property Damage Crash","04/15/2017 12:03:00 PM","County","MACARTHUR BLVD","SEVEN LOCKS RD",,"N/A","BICYCLIST","STRAIGHT MOVEMENT ANGLE","CLEAR","DRY","DAYLIGHT","STOP SIGN","NONE DETECTED","NONE DETECTED","9A003A84-A4AA-4974-BBF4-5C4FEE78AA79","BICYCLIST","Cross/Enter at Intersection","UNKNOWN","ON ROADWAY NOT AT CROSSWALK","Unknown","NO APPARENT INJURY","MC/BIKE HELMET","38.974444","-77.1611859","    (38.974444, -77.1611859)"
"MCP2864002P","170502137","Montgomery County Police","Injury Crash","04/14/2017 03:32:00 PM","Municipality","CHAPMAN AVE","BOUIC AVE",,"ROCKVILLE","PEDESTRIAN","OTHER","CLEAR","DRY","DAYLIGHT","STOP SIGN","NONE DETECTED","NONE DETECTED","1E45FE19-F143-405D-808A-D2914300AA31","PEDESTRIAN","Cross/Enter at Intersection","NO IMPROPER ACTIONS","AT INTERSECTION MARKED CROSSWALK","No","POSSIBLE INJURY","NONE","39.061135","-77.12101833","    (39.061135, -77.12101833)"
"DD5614002B","170502068","Rockville Police Departme","Property Damage Crash","04/14/2017 08:00:00 AM","Maryland (State)","FREDERICK RD","ENT TO SHADY GROVE METRO STATION",,"N/A","PEDESTRIAN","STRAIGHT MOVEMENT ANGLE","CLOUDY","DRY","N/A","NO CONTROLS","UNKNOWN","NONE DETECTED","713AABB8-9697-47B9-AE86-7EFA39BC61B1","PEDESTRIAN","Walking/Riding against Traffic","NO IMPROPER ACTIONS","SIDEWALK","No","NO APPARENT INJURY","NONE","39.11785837","-77.16986775","    (39.11785837, -77.16986775)"
"MCP2902001W","170501904","Montgomery County Police","Injury Crash","04/13/2017 11:57:00 AM","Maryland (State)","HUNGERFORD DR","N WASHINGTON ST",,"ROCKVILLE","OTHER","OTHER","CLEAR","DRY","DAYLIGHT","TRAFFIC SIGNAL","UNKNOWN","NONE DETECTED","05B2333E-4B97-45DF-9769-65E21168E348","OTHER","Standing","NO IMPROPER ACTIONS","ON ROADWAY NOT AT CROSSWALK","No","SUSPECTED MINOR INJURY","UNKNOWN","39.09092519","-77.15305567","    (39.09092519, -77.15305567)"
"MCP28130031","170501672","Montgomery County Police","Property Damage Crash","04/11/2017 08:30:00 PM","County","PRICE AVE","GEORGIA AVE",,"N/A","PEDESTRIAN","SINGLE VEHICLE","CLOUDY","DRY","DARK LIGHTS ON","STOP SIGN","N/A","N/A","12561E84-13FE-4BCD-BFBE-F870C9AF2C21","PEDESTRIAN","Cross/Enter at Intersection","NO IMPROPER ACTIONS","ON ROADWAY AT CROSSWALK","No","NO APPARENT INJURY","N/A","39.04013006","-77.05117196","    (39.04013006, -77.05117196)"
"MCP137800GG","170501662","Montgomery County Police","Injury Crash","04/11/2017 07:53:00 PM","Municipality","BROOKS AVE","N SUMMIT AVE",,"GAITHERSBURG","BICYCLIST","STRAIGHT MOVEMENT ANGLE","CLEAR","DRY","DUSK","NO CONTROLS","NONE DETECTED","NONE DETECTED","F59087E6-5B17-4A93-B19F-4274C2147008","BICYCLIST","Walking/Cycling on Sidewalk","OTHER","SIDEWALK","Yes","SUSPECTED SERIOUS INJURY","NONE","39.14425704","-77.19369248","    (39.14425704, -77.19369248)"
"MCP1433000Z","170501466","Montgomery County Police","Injury Crash","04/10/2017 03:15:00 PM","Municipality","RIO BLVD","FIELDS RD",,"N/A","PEDESTRIAN","OTHER","CLEAR","DRY","DAYLIGHT","NO CONTROLS","UNKNOWN","NONE DETECTED","9CCA831D-1C3A-4A13-BDEA-22027F6F1CD4","PEDESTRIAN","Standing","OTHER","OTHER","Yes","POSSIBLE INJURY","N/A","39.115397","-77.204342","    (39.115397, -77.204342)"
"MCP1433000Z","170501466","Montgomery County Police","Injury Crash","04/10/2017 03:15:00 PM","Municipality","RIO BLVD","FIELDS RD",,"N/A","PEDESTRIAN","OTHER","CLEAR","DRY","DAYLIGHT","NO CONTROLS","UNKNOWN","N/A","83450DE6-C217-474B-B2B4-777351D0629E","PEDESTRIAN","Standing","OTHER","OTHER","Yes","POSSIBLE INJURY","N/A","39.115397","-77.204342","    (39.115397, -77.204342)"
"MCP2799002N","170501295","Montgomery County Police","Injury Crash","04/09/2017 08:44:00 PM","County","MORNINGWOOD DR","MORNINGWOOD CT",,"N/A","BICYCLIST","HEAD ON","CLEAR","DRY","DARK NO LIGHTS","N/A",,"ALCOHOL PRESENT","AAF5730E-F6CE-4E77-9BB7-6769523E5005","BICYCLIST","Walking/Riding w/Traffic","INATTENTIVE","ON ROADWAY NOT AT CROSSWALK","Yes","SUSPECTED MINOR INJURY","NONE","39.15077333","-77.08787167","    (39.15077333, -77.08787167)"
"MCP2559001R","170501242","Montgomery County Police","Injury Crash","04/09/2017 12:19:00 PM","Maryland (State)","WOODFIELD RD","SPUR TO AIRPARK RD",,"N/A","BICYCLIST","SAME DIRECTION RIGHT TURN","CLEAR","DRY","DAYLIGHT","TRAFFIC SIGNAL","NONE DETECTED","NONE DETECTED","347F04C6-86DB-48BC-9928-D8264CCD0479","BICYCLIST","Cross/Enter at Intersection","NO IMPROPER ACTIONS","ON ROADWAY AT CROSSWALK","No","SUSPECTED MINOR INJURY","MC/BIKE HELMET","39.16897185","-77.15427339","    (39.16897185, -77.15427339)"
"MCP23570024","170501222","Montgomery County Police","Injury Crash","04/09/2017 10:09:00 AM","US (State)","GEORGIA AVE","SILVER SPRING AVE",,"N/A","PEDESTRIAN","SAME DIR REAR END","CLEAR","N/A","DAYLIGHT","TRAFFIC SIGNAL","NONE DETECTED","N/A","374CE382-C6E1-471D-9343-2C19A17A408B","PEDESTRIAN","N/A","N/A","SIDEWALK","No","NO APPARENT INJURY","N/A","38.99150667","-77.02683833","    (38.99150667, -77.02683833)"
"MCP2687001X","170501117","Montgomery County Police","Injury Crash","04/08/2017 05:44:00 PM",,,,"7400 ARLINGTON RD 
BETHESDA MD 20814
BETHESDA LIBRARY PARKING LOT",,"PEDESTRIAN","OTHER","CLEAR",,"DAYLIGHT","NO CONTROLS","NONE DETECTED","NONE DETECTED","457EFAFE-B14B-49AE-8272-868999A42290","PEDESTRIAN","Other","NO IMPROPER ACTIONS","OTHER","No","POSSIBLE INJURY","NONE","38.98384125","-77.09859878","    (38.98384125, -77.09859878)"
"DM8437001N","170501100","Takoma Park Police Depart","Injury Crash","04/08/2017 03:05:00 PM","Municipality","MAPLE AVE","SLIGO CREEK PKWY",,"N/A","BICYCLIST","OTHER","CLEAR","DRY","DAYLIGHT","TRAFFIC SIGNAL","NONE DETECTED","NONE DETECTED","A154A944-6CB5-4663-9577-95C7F7BBF746","BICYCLIST","Cross/Enter at Intersection","NO IMPROPER ACTIONS","ON ROADWAY AT CROSSWALK","No","POSSIBLE INJURY","MC/BIKE HELMET","38.98613361","-77.00365663","    (38.98613361, -77.00365663)"
"MCP20940086","17050085","Montgomery County Police","Injury Crash","04/07/2017 10:05:00 AM","Maryland (State)","MASSACHUSETTS AVE","WESTMORELAND CIR",,"N/A","BICYCLIST","OTHER","CLEAR","DRY","DAYLIGHT","YIELD SIGN","NONE DETECTED","NONE DETECTED","75D5D128-074A-4674-B1DD-13F1E85AE617","BICYCLIST","Cross/Enter at Intersection","NO IMPROPER ACTIONS","ON ROADWAY AT CROSSWALK","No","SUSPECTED MINOR INJURY","MC/BIKE HELMET","38.94939833","-77.10125667","    (38.94939833, -77.10125667)"
"MCP3034000H","170500805","Montgomery County Police","Property Damage Crash","04/06/2017 11:30:00 PM",,,,"PARKING LOT OF TGI FRIDAYS OF TECH RD",,"PEDESTRIAN","OTHER","CLEAR",,"DARK LIGHTS ON","N/A","UNKNOWN","NONE DETECTED","CE64B78F-85FC-4231-B942-E1126DC776B9","PEDESTRIAN","Standing","NO IMPROPER ACTIONS","OTHER","No","NO APPARENT INJURY","N/A","39.0570339","-76.96662068","    (39.0570339, -76.96662068)"
"DD56060047","170500798","Rockville Police Departme","Injury Crash","04/06/2017 10:19:00 AM","County","SHADY GROVE RD","GAITHER RD",,"ROCKVILLE","PEDESTRIAN","SINGLE VEHICLE","CLOUDY","DRY","DARK LIGHTS ON","TRAFFIC SIGNAL","NONE DETECTED","NONE DETECTED","685758F6-FB79-4740-A4B3-E87F288FCC8A","PEDESTRIAN","Cross/Enter at Intersection","FAILURE TO OBEY TRAFFIC SIGNS SIGNALS OR OFFICER","ON ROADWAY AT CROSSWALK","Yes","POSSIBLE INJURY","NONE","39.11744113","-77.18345717","    (39.11744113, -77.18345717)"
"MCP2679001Z","170500609","Montgomery County Police","Injury Crash","04/05/2017 06:15:00 PM","County","REDLAND RD","SOMERVILLE DR",,"N/A","PEDESTRIAN","OTHER","CLEAR","DRY","DAYLIGHT","NO CONTROLS","N/A","NONE DETECTED","B3280ADF-D445-4077-A35B-4386164BF6B0","PEDESTRIAN","Cross/Enter not at Intersection","FAILURE TO YIELD RIGHT OF WAY","ON ROADWAY NOT AT CROSSWALK","Yes","POSSIBLE INJURY","NONE","39.11714094","-77.16470249","    (39.11714094, -77.16470249)"
"MCP00360063","170500518","Montgomery County Police","Injury Crash","04/05/2017 02:00:00 PM",,,,"PARKING LOT OF WALMART 20910 FREDERICK RD",,"PEDESTRIAN","SINGLE VEHICLE","CLEAR",,"DAYLIGHT","N/A","NONE DETECTED","UNKNOWN","0F33D870-5BEC-41C9-A752-CF346BE7B655","PEDESTRIAN","Other","OTHER","OTHER","Yes","POSSIBLE INJURY","N/A","39.19848077","-77.25158662","    (39.19848077, -77.25158662)"
"MCP3029000N","170500472","Montgomery County Police","Injury Crash","04/05/2017 08:15:00 AM","County","HEWITT AVE","GEORGIA AVE",,"N/A","PEDESTRIAN","OTHER","CLEAR","DRY","DAYLIGHT","NO CONTROLS","UNKNOWN","N/A","45EBF403-7E71-49BC-AE53-9DB968368749","PEDESTRIAN","Standing","NO IMPROPER ACTIONS","OTHER","No","SUSPECTED MINOR INJURY","N/A","39.07924957","-77.06777215","    (39.07924957, -77.06777215)"
"DD5595003T","170500400","Rockville Police Departme","Injury Crash","04/04/2017 06:17:00 PM","Municipality","E MIDDLE LA","MONROE ST",,"ROCKVILLE","PEDESTRIAN","OTHER","CLEAR","DRY","DAYLIGHT","OTHER","NONE DETECTED","NONE DETECTED","3B0DA91C-E5AB-449D-B6C4-7083ECD25DEC","PEDESTRIAN","Cross/Enter at Intersection","NO IMPROPER ACTIONS","ON ROADWAY AT CROSSWALK","No","POSSIBLE INJURY","NONE","39.08516617","-77.14921633","    (39.08516617, -77.14921633)"
"DD5612000H","170500025","Rockville Police Departme","Injury Crash","04/02/2017 11:15:00 AM",,,,"PARKING LOT OF LIFETIME FITNESS CLUB",,"PEDESTRIAN","SINGLE VEHICLE","CLEAR",,"DAYLIGHT","NO CONTROLS","UNKNOWN","NONE DETECTED","9978EC53-857F-4AF1-AB59-371715075E36","PEDESTRIAN","Standing","NO IMPROPER ACTIONS","OTHER","No","SUSPECTED MINOR INJURY","NONE","39.06422747","-77.1587795","    (39.06422747, -77.1587795)"
"MCP1305001D","17505422","Montgomery County Police","Injury Crash","04/01/2017 08:15:00 PM",,,,"PARKING LOT OF 18250 FLOWER HILL WAY (GIANT)",,"PEDESTRIAN","SINGLE VEHICLE","UNKNOWN",,"DARK LIGHTS ON","N/A","N/A","N/A","7ED882B2-5095-4C1F-B532-4B3F5049D171","PEDESTRIAN","Getting off/on Vehicle","NO IMPROPER ACTIONS","OTHER","No","POSSIBLE INJURY","N/A","39.15526153","-77.1655789","    (39.15526153, -77.1655789)"
"MCP2456001P","17016557","Montgomery County Police","Property Damage Crash","04/01/2017 10:49:00 AM",,,,"PARKING LOT OF 8703 PINEY BRANCH RD",,"OTHER","UNKNOWN","CLEAR",,"DAYLIGHT","NO CONTROLS","UNKNOWN","N/A","C753ECF5-3590-4E99-9183-2C9CD230F607","OTHER","Unknown","UNKNOWN","UNKNOWN","No","NO APPARENT INJURY","N/A","38.99861167","-77.00399667","    (38.99861167, -77.00399667)"
"MCP3007001K","17016536","Montgomery County Police","Injury Crash","04/01/2017 08:25:00 AM","County","BEL PRE RD","PARKER FARM WAY",,"N/A","PEDESTRIAN","SINGLE VEHICLE","RAINING","WET","DAYLIGHT","TRAFFIC SIGNAL","N/A","N/A","60AC6D3B-F345-4776-A597-9F1B29A6BC8D","PEDESTRIAN","Cross/Enter at Intersection","NO IMPROPER ACTIONS","ON ROADWAY AT CROSSWALK","No","POSSIBLE INJURY","NONE","39.09052549","-77.04792112","    (39.09052549, -77.04792112)"