"Report Number","Local Case Number","Agency Name","ACRS Report Type","Crash Date/Time","Route Type","Road Name","Cross-Street Name","Off-Road Description","Municipality","Related Non-Motorist","Collision Type","Weather","Surface Condition","Light","Traffic Control","Driver Substance Abuse","Non-Motorist Substance Abuse","Person ID","Pedestrian Type","Pedestrian Movement","Pedestrian Actions","Pedestrian Location","At Fault","Injury Severity","Safety Equipment","Latitude","Longitude","Location"
"MCP2398001D","17016355","Montgomery County Police","Injury Crash","03/31/2017 01:13:00 PM",,,,"PARKING LOT 9136 GAITHER RD",,"PEDESTRIAN","OTHER","RAINING",,"DAYLIGHT","NO CONTROLS","NONE DETECTED","NONE DETECTED","FCDDF913-5814-4DF4-B36E-BC4DE3689CE7","PEDESTRIAN","Other Working","OTHER","OTHER","Unknown","POSSIBLE INJURY","NONE","39.11607178","-77.18831862","    (39.11607178, -77.18831862)"
"MCP3036000H","17016191","Montgomery County Police","Injury Crash","03/30/2017 03:19:00 PM","County","SHADY GROVE RD","CHOKE CHERRY RD",,"ROCKVILLE","PEDESTRIAN","SINGLE VEHICLE","CLOUDY","DRY","DAYLIGHT","NO CONTROLS","NONE DETECTED","NONE DETECTED","67868A2C-F988-435B-AC7D-CC3375DDBB39","PEDESTRIAN","Cross/Enter at Intersection","INATTENTIVE","AT INTERSECTION BUT NO CROSSWALK","No","SUSPECTED MINOR INJURY","N/A","39.11519881","-77.18542323","    (39.11519881, -77.18542323)"
"MCP2348002J","17016091","Montgomery County Police","Injury Crash","03/30/2017 01:20:00 AM","Interstate (State)","EISENHOWER MEMORIAL HWY","RAMP 7 FR MD 121 WB TO IS 270 SB",,"N/A","PEDESTRIAN","SINGLE VEHICLE","CLEAR","DRY","DARK NO LIGHTS","NO CONTROLS","NONE DETECTED","NONE DETECTED","4356AFCA-3494-45C8-9588-4B7EECF6B8FC","PEDESTRIAN","Other","NO IMPROPER ACTIONS","ON ROADWAY NOT AT CROSSWALK","No","SUSPECTED SERIOUS INJURY","N/A","39.22098667","-77.27935667","    (39.22098667, -77.27935667)"
"MCP2761001N","17015808","Montgomery County Police","Property Damage Crash","03/28/2017 03:36:00 PM","County","LIBERTY MILL RD","CLOPPER RD",,"N/A","PEDESTRIAN","OTHER","CLEAR","DRY","DAYLIGHT","NO CONTROLS","NONE DETECTED","NONE DETECTED","6E139837-1842-456C-9781-A8E8FF0FE2A5","PEDESTRIAN","Standing","NO IMPROPER ACTIONS","OTHER","No","NO APPARENT INJURY","NONE","39.16219969","-77.28107482","    (39.16219969, -77.28107482)"
"MCP2832002M","17015784","Montgomery County Police","Injury Crash","03/28/2017 01:38:00 PM","Maryland (State)","EAST WEST HWY","GRUBB RD",,"N/A","PEDESTRIAN","SINGLE VEHICLE","CLOUDY","DRY","DAYLIGHT","TRAFFIC SIGNAL","NONE DETECTED","NONE DETECTED","C453E4F1-F934-48E4-AF1F-8F114534F46E","PEDESTRIAN","Cross/Enter at Intersection","NO IMPROPER ACTIONS","ON ROADWAY AT CROSSWALK","No","SUSPECTED MINOR INJURY","N/A","38.99381333","-77.05224833","    (38.99381333, -77.05224833)"
"MCP2832002M","17015784","Montgomery County Police","Injury Crash","03/28/2017 01:38:00 PM","Maryland (State)","EAST WEST HWY","GRUBB RD",,"N/A","PEDESTRIAN","SINGLE VEHICLE","CLOUDY","DRY","DAYLIGHT","TRAFFIC SIGNAL","NONE DETECTED","N/A","DAA88CAB-D3DE-43DE-B361-7871B70327A7","PEDESTRIAN","Cross/Enter at Intersection","NO IMPROPER ACTIONS","ON ROADWAY AT CROSSWALK","No","POSSIBLE INJURY","N/A","38.99381333","-77.05224833","    (38.99381333, -77.05224833)"
"DM8430000Q","17015804","Takoma Park Police Depart","Injury Crash","03/28/2017 01:17:00 PM","Municipality","SHERIDAN ST","NEW HAMPSHIRE AVE",,"N/A","PEDESTRIAN","OTHER","CLEAR","N/A","DAYLIGHT","NO CONTROLS","UNKNOWN","NONE DETECTED","F20CE920-27D7-43F3-B497-A9B5DDE31ABF","PEDESTRIAN","Other","OTHER","N/A","No","POSSIBLE INJURY","N/A","38.96673667","-77.00201833","    (38.96673667, -77.00201833)"
"MCP28810023","17015769","Montgomery County Police","Injury Crash","03/28/2017 12:05:00 PM","Maryland (State)","GERMANTOWN RD","AIRCRAFT DR",,"N/A","OTHER CONVEYANCE","STRAIGHT MOVEMENT ANGLE","N/A","N/A","DAYLIGHT","TRAFFIC SIGNAL","N/A","N/A","88565610-D3CF-4B30-97D5-BE0B77B2B33C","OTHER CONVEYANCE","Cross/Enter at Intersection","FAILURE TO OBEY TRAFFIC SIGNS SIGNALS OR OFFICER","ON ROADWAY AT CROSSWALK","Yes","POSSIBLE INJURY","N/A","39.00864833","-77.113435","    (39.00864833, -77.113435)"
"MCP2767002L","17015632","Montgomery County Police","Injury Crash","03/27/2017 04:54:00 PM",,,,"ON SIDEWALK NEXT TO 11302 GRANDVIEW AVE., WHEATON MD",,"BICYCLIST","STRAIGHT MOVEMENT ANGLE","CLEAR",,"DAYLIGHT","NO CONTROLS","NONE DETECTED","NONE DETECTED","D564E588-93E3-476A-AC80-C5D831912787","BICYCLIST","Walking/Cycling on Sidewalk","NO IMPROPER ACTIONS","SIDEWALK","No","POSSIBLE INJURY","NONE","39.04020402","-77.05283895","    (39.04020402, -77.05283895)"
"MCP2973002W","170501570","Montgomery County Police","Injury Crash","03/27/2017 04:00:00 PM",,,,"HOME DEPOT PARKING LOT - 14000 GEORGIA AVE SILVER SPRING, MD 20906",,"PEDESTRIAN","OTHER","CLEAR",,"DAYLIGHT","NO CONTROLS","NONE DETECTED","NONE DETECTED","03E95798-F810-4970-9971-7BDF0A6FD7A4","PEDESTRIAN","Standing","NO IMPROPER ACTIONS","OTHER","No","POSSIBLE INJURY","N/A","39.0836115","-77.08112955","    (39.0836115, -77.08112955)"
"DM8456000F","17015267","Takoma Park Police Depart","Injury Crash","03/25/2017 03:30:00 PM","Municipality","BOYD AVE","JACKSON AVE",,"TAKOMA PARK","BICYCLIST","N/A","CLEAR","DRY","DAYLIGHT","NO CONTROLS","NONE DETECTED","NONE DETECTED","1A4A86B8-8FDE-4AC3-98FC-6B87D0B9CB5A","BICYCLIST","Walking/Riding w/Traffic","NO IMPROPER ACTIONS","ON ROADWAY NOT AT CROSSWALK","Unknown","SUSPECTED MINOR INJURY","MC/BIKE HELMET","38.97849167","-77.001665","    (38.97849167, -77.001665)"
"MCP3019000M","17015274","Montgomery County Police","Injury Crash","03/25/2017 12:47:00 PM","County","MACARTHUR BLVD","CABIN JOHN PKWY",,"N/A","BICYCLIST","SAME DIRECTION RIGHT TURN","CLEAR","DRY","DAYLIGHT","TRAFFIC SIGNAL","NONE DETECTED","NONE DETECTED","F2FDD694-2FDB-459A-BDF2-167A11335DCA","BICYCLIST","Walking/Riding w/Traffic","UNKNOWN","ON ROADWAY NOT AT CROSSWALK","No","SUSPECTED MINOR INJURY","MC/BIKE HELMET","38.972765","-77.147305","    (38.972765, -77.147305)"
"MCP2456001L","17015273","Montgomery County Police","Property Damage Crash","03/25/2017 12:44:00 PM",,,,"PARKING LOT OF 8805 FLOWER AVENUE",,"OTHER","OTHER","CLEAR",,"DAYLIGHT","NO CONTROLS","NONE DETECTED","N/A","AF540C38-D32B-449A-9FF6-A0CDA070321F","OTHER","N/A","N/A","OTHER","No","NO APPARENT INJURY","N/A","38.99980667","-77.00371833","    (38.99980667, -77.00371833)"
"MCP3035000Y","17015128","Montgomery County Police","Injury Crash","03/24/2017 06:10:00 PM","County","SHADY SPRING DR","COTTONWOOD TERR",,"N/A","PEDESTRIAN","SINGLE VEHICLE","CLEAR","DRY","DAYLIGHT","NO CONTROLS","NONE DETECTED","NONE DETECTED","7D5E30ED-314B-4B84-B2EB-E917A16E261B","PEDESTRIAN","Playing","DART DASH","SHOULDER","Yes","SUSPECTED MINOR INJURY","N/A","39.14840167","-77.16655833","    (39.14840167, -77.16655833)"
"DD55020032","17015029","Rockville Police Departme","Injury Crash","03/24/2017 10:23:00 AM","Municipality","BEALL AVE #2","HUNGERFORD DR",,"N/A","PEDESTRIAN","OTHER","RAINING","WET","DAYLIGHT","TRAFFIC SIGNAL","NONE DETECTED","NONE DETECTED","31707E75-5632-4C54-88D5-A970910B089E","PEDESTRIAN","Cross/Enter at Intersection","NO IMPROPER ACTIONS","ON ROADWAY AT CROSSWALK","No","SUSPECTED MINOR INJURY","N/A","39.08728167","-77.150345","    (39.08728167, -77.150345)"
"MCP9386004G","17015027","Montgomery County Police","Injury Crash","03/24/2017 10:04:00 AM","Maryland (State)","OLD GEORGETOWN RD","EDGEMOOR LA",,"N/A","PEDESTRIAN","OTHER","RAINING","WET","DAYLIGHT","TRAFFIC SIGNAL","NONE DETECTED","NONE DETECTED","58BF0ACA-7199-4B71-A6E3-3EFE2BA7C062","PEDESTRIAN","Cross/Enter at Intersection","NO IMPROPER ACTIONS","AT INTERSECTION MARKED CROSSWALK","No","POSSIBLE INJURY","NONE","38.98573833","-77.09561667","    (38.98573833, -77.09561667)"
"MCP2872001P","17014794","Montgomery County Police","Injury Crash","03/23/2017 09:24:00 AM","County","CHRISTOPHER AVE","HELLINGLY PL",,"N/A","PEDESTRIAN","STRAIGHT MOVEMENT ANGLE","CLEAR","DRY","DAYLIGHT","NO CONTROLS","NONE DETECTED","NONE DETECTED","694C619E-0E9F-4E2A-8E26-4CF467961AEC","PEDESTRIAN","Other Working","NO IMPROPER ACTIONS","OTHER","No","POSSIBLE INJURY","N/A","39.15944","-77.20575833","    (39.15944, -77.20575833)"
"MCP06860003","17014791","Montgomery County Police","Injury Crash","03/23/2017 08:32:00 AM","Maryland (State)","GERMANTOWN RD","BOWMAN MILL RD",,"N/A","PEDESTRIAN","SINGLE VEHICLE","CLEAR","DRY","DAYLIGHT","N/A","NONE DETECTED","NONE DETECTED","A30F0A1A-2679-43FD-9ED0-2046A7598A65","PEDESTRIAN","Other Working","NO IMPROPER ACTIONS","ON ROADWAY NOT AT CROSSWALK","No","SUSPECTED MINOR INJURY","REFLECTIVE CLOTHING","39.1751913","-77.27224499","    (39.1751913, -77.27224499)"
"MCP2845002F","17014783","Montgomery County Police","Injury Crash","03/23/2017 07:25:00 AM",,,,"PARKING LOT OF BLAIR HIGH SCHOOL NEXT TO UNIVERSITY BLVD EAST",,"PEDESTRIAN","SINGLE VEHICLE","CLEAR",,"DAYLIGHT","NO CONTROLS","NONE DETECTED","NONE DETECTED","877905B3-489E-428F-83D4-474C2CFEF6B9","PEDESTRIAN","Cross/Enter not at Intersection","INATTENTIVE","OUTSIDE RIGHT OF WAY","Yes","SUSPECTED MINOR INJURY","N/A","39.01861","-77.008985","    (39.01861, -77.008985)"
"MCP2046006N","17014779","Montgomery County Police","Injury Crash","03/23/2017 06:32:00 AM","County","MT PISGAH RD","OAKVIEW DR",,"N/A","PEDESTRIAN","OTHER","CLEAR","DRY","DARK LIGHTS ON","NO CONTROLS","NONE DETECTED","NONE DETECTED","3001CF27-168F-4ED9-9AF7-705C232E9CD0","PEDESTRIAN","Cross/Enter at Intersection","NO IMPROPER ACTIONS","ON ROADWAY AT CROSSWALK","No","SUSPECTED MINOR INJURY","NONE","39.01524833","-76.97705","    (39.01524833, -76.97705)"
"MCP2425008Y","17014637","Montgomery County Police","Injury Crash","03/22/2017 12:41:00 PM",,,,"PARKING LOT OF 25 E WAYNE AVE",,"PEDESTRIAN","SINGLE VEHICLE","CLEAR",,"DAYLIGHT","NO CONTROLS","NONE DETECTED","NONE DETECTED","3201A54E-8723-4229-A6F5-7E428B8FC881","PEDESTRIAN","Other","OTHER","OTHER","Unknown","SUSPECTED MINOR INJURY","N/A","38.99928667","-77.00916333","    (38.99928667, -77.00916333)"
"MCP2780002M","17014453","Montgomery County Police","Property Damage Crash","03/21/2017 02:54:00 PM","Maryland (State)","FREDERICK RD","SHAKESPEARE BLVD",,"N/A","PEDESTRIAN","OTHER","CLOUDY","DRY","DAYLIGHT","TRAFFIC SIGNAL","NONE DETECTED","NONE DETECTED","CBD39D23-F8A4-4FD7-B72C-BF33ED5E1882","PEDESTRIAN","Cross/Enter at Intersection","NO IMPROPER ACTIONS","ON ROADWAY AT CROSSWALK","No","NO APPARENT INJURY","NONE","39.19849667","-77.24467333","    (39.19849667, -77.24467333)"
"DD5523000D","17014350","Rockville Police Departme","Injury Crash","03/20/2017 09:45:00 PM",,,,"PARKING LOT OF 1750 ROCKVILLE PIKE",,"PEDESTRIAN","SINGLE VEHICLE","CLEAR",,"DARK NO LIGHTS","N/A","NONE DETECTED","NONE DETECTED","10DD9551-8A28-4C0A-80F2-957F1AE0CC91","PEDESTRIAN","N/A","NOT VISIBLE","OTHER","Unknown","SUSPECTED MINOR INJURY","N/A","39.06103167","-77.122645","    (39.06103167, -77.122645)"
"MCP2975001J","17013978","Montgomery County Police","Injury Crash","03/18/2017 07:55:00 PM","County","RALPH RD","GEORGIA AVE",,"N/A","PEDESTRIAN","SINGLE VEHICLE","RAINING","WET","DARK LIGHTS ON","STOP SIGN","NONE DETECTED","NONE DETECTED","FE184124-1D21-4112-B948-F7D52ECC9C9E","PEDESTRIAN","Cross/Enter at Intersection","FAILURE TO YIELD RIGHT OF WAY","ON ROADWAY NOT AT CROSSWALK","Yes","SUSPECTED MINOR INJURY","N/A","39.078225","-77.07207167","    (39.078225, -77.07207167)"
"MCP11740020","17013679","Montgomery County Police","Injury Crash","03/17/2017 09:25:00 AM","Maryland (State)","WISCONSIN AVE","BETHESDA AVE",,"N/A","PEDESTRIAN","OTHER","CLEAR","DRY","DAYLIGHT","TRAFFIC SIGNAL","UNKNOWN","N/A","95F6080D-29A3-4E2F-BAEA-94C0415E9F73","PEDESTRIAN","Cross/Enter at Intersection","NO IMPROPER ACTIONS","AT INTERSECTION MARKED CROSSWALK","No","SUSPECTED MINOR INJURY","NONE","38.98103486","-77.09271938","    (38.98103486, -77.09271938)"
"MCP0899001Z","17013122","Montgomery County Police","Injury Crash","03/13/2017 03:22:00 PM","County","ARLINGTON RD","EDGEMOOR LA",,"N/A","PEDESTRIAN","OTHER","CLOUDY","DRY","DAYLIGHT","TRAFFIC SIGNAL","NONE DETECTED","NONE DETECTED","D3947630-E932-4C6D-84A7-A9A0A1265387","PEDESTRIAN","Cross/Enter at Intersection","NO IMPROPER ACTIONS","AT INTERSECTION MARKED CROSSWALK","No","SUSPECTED MINOR INJURY","NONE","38.9846992","-77.09866047","    (38.9846992, -77.09866047)"
"MCP0899001Z","17013122","Montgomery County Police","Injury Crash","03/13/2017 03:22:00 PM","County","ARLINGTON RD","EDGEMOOR LA",,"N/A","PEDESTRIAN","OTHER","CLOUDY","DRY","DAYLIGHT","TRAFFIC SIGNAL","NONE DETECTED","NONE DETECTED","4C29D291-89FE-4F89-A368-67E99690C806","PEDESTRIAN","Cross/Enter at Intersection","NO IMPROPER ACTIONS","AT INTERSECTION MARKED CROSSWALK","No","SUSPECTED SERIOUS INJURY","NONE","38.9846992","-77.09866047","    (38.9846992, -77.09866047)"
"MCP2687001T","17013092","Montgomery County Police","Injury Crash","03/13/2017 01:25:00 PM","County","ARLINGTON RD","ELM ST",,"N/A","PEDESTRIAN","OTHER","CLEAR","DRY","DAYLIGHT","PERSON","NONE DETECTED","N/A","052A8017-3943-4F04-8FAB-F9E150923173","PEDESTRIAN","Cross/Enter at Intersection","NO IMPROPER ACTIONS","AT INTERSECTION MARKED CROSSWALK","No","POSSIBLE INJURY","NONE","38.98206798","-77.09851563","    (38.98206798, -77.09851563)"
"MCP2687001T","17013092","Montgomery County Police","Injury Crash","03/13/2017 01:25:00 PM","County","ARLINGTON RD","ELM ST",,"N/A","PEDESTRIAN","OTHER","CLEAR","DRY","DAYLIGHT","PERSON","NONE DETECTED","NONE DETECTED","D9491654-04AD-4BA7-877C-FA80CC4D038A","PEDESTRIAN","Cross/Enter at Intersection","NO IMPROPER ACTIONS","ON ROADWAY AT CROSSWALK","No","NO APPARENT INJURY","NONE","38.98206798","-77.09851563","    (38.98206798, -77.09851563)"
"MCP2687001T","17013092","Montgomery County Police","Injury Crash","03/13/2017 01:25:00 PM","County","ARLINGTON RD","ELM ST",,"N/A","PEDESTRIAN","OTHER","CLEAR","DRY","DAYLIGHT","PERSON","NONE DETECTED","N/A","FD67E159-D78C-4915-9A81-CB72479A0F53","PEDESTRIAN","Cross/Enter at Intersection","NO IMPROPER ACTIONS","AT INTERSECTION MARKED CROSSWALK","No","POSSIBLE INJURY","NONE","38.98206798","-77.09851563","    (38.98206798, -77.09851563)"
"MCP2959002C","17013049","Montgomery County Police","Injury Crash","03/13/2017 06:44:00 AM","Maryland (State)","VEIRS MILL RD","GAIL ST",,"N/A","PEDESTRIAN","STRAIGHT MOVEMENT ANGLE","CLEAR","DRY","DARK LIGHTS ON","NO CONTROLS","NONE DETECTED","NONE DETECTED","A358E38D-D9BD-4995-A9FE-63601C52D138","PEDESTRIAN","Cross/Enter at Intersection","NO IMPROPER ACTIONS","AT INTERSECTION MARKED CROSSWALK","No","POSSIBLE INJURY","NONE","39.04942333","-77.07088667","    (39.04942333, -77.07088667)"
"MCP2177001J","17012955","Montgomery County Police","Injury Crash","03/12/2017 12:27:00 PM","County","GLEN MILL RD","BALD CYPRESS DR",,"N/A","BICYCLIST","SAME DIR REAR END","N/A","DRY","DAYLIGHT","NO CONTROLS","NONE DETECTED","NONE DETECTED","638675C0-C6ED-48C2-8EA0-9B0C94873D95","BICYCLIST","Walking/Riding w/Traffic","INATTENTIVE","OTHER","Yes","SUSPECTED SERIOUS INJURY","MC/BIKE HELMET","39.08259333","-77.198755","    (39.08259333, -77.198755)"
"MCP2909001B","17012671","Montgomery County Police","Injury Crash","03/10/2017 04:31:00 PM",,,,"PARKING LOT 6930 ARLINGTON RD",,"PEDESTRIAN","SINGLE VEHICLE","N/A",,"DAYLIGHT","NO CONTROLS","NONE DETECTED","N/A","36A344A9-BC2F-461E-9B73-8A14771F0AFD","PEDESTRIAN","Other","NO IMPROPER ACTIONS","OTHER","No","SUSPECTED MINOR INJURY","N/A","38.97935327","-77.09904671","    (38.97935327, -77.09904671)"
"MCP271700B4","17012660","Montgomery County Police","Injury Crash","03/10/2017 03:11:00 PM",,,,"11355 WOODGLEN DRIVE (UNDERGROUND PARKING GARAGE OF 'WHOLE FOODS MARKET')",,"PEDESTRIAN","OTHER","N/A",,"OTHER","NO CONTROLS","NONE DETECTED","NONE DETECTED","6CFA10C9-271C-4379-B2CB-CBCB3B835E38","PEDESTRIAN","Other","NO IMPROPER ACTIONS","OTHER","No","SUSPECTED MINOR INJURY","NONE","39.04293533","-77.11369817","    (39.04293533, -77.11369817)"
"MCP2664002Y","17012580","Montgomery County Police","Injury Crash","03/09/2017 11:40:00 PM","County","ANDREW ST","VEIRS MILL RD",,"N/A","PEDESTRIAN","OTHER","UNKNOWN","UNKNOWN","UNKNOWN","NO CONTROLS","UNKNOWN","NONE DETECTED","90CF317A-3170-4070-AB92-0EEF620CEFB7","PEDESTRIAN","Cross/Enter not at Intersection","NO IMPROPER ACTIONS","ON ROADWAY NOT AT CROSSWALK","No","SUSPECTED MINOR INJURY","UNKNOWN","39.05023","-77.07168833","    (39.05023, -77.07168833)"
"MCP271700B3","17012468","Montgomery County Police","Injury Crash","03/09/2017 04:45:00 PM","Maryland (State)","NEW HAMPSHIRE AVE","OAKVIEW DR",,"N/A","PEDESTRIAN","OTHER","CLEAR","DRY","DAYLIGHT","TRAFFIC SIGNAL","NONE DETECTED","NONE DETECTED","67F9F0CC-84BB-41EE-9107-BE7E0C868D91","PEDESTRIAN","Cross/Enter at Intersection","NO IMPROPER ACTIONS","ON ROADWAY AT CROSSWALK","No","SUSPECTED MINOR INJURY","NONE","39.01515533","-76.9780485","    (39.01515533, -76.9780485)"
"MCP271700B3","17012468","Montgomery County Police","Injury Crash","03/09/2017 04:45:00 PM","Maryland (State)","NEW HAMPSHIRE AVE","OAKVIEW DR",,"N/A","PEDESTRIAN","OTHER","CLEAR","DRY","DAYLIGHT","TRAFFIC SIGNAL","NONE DETECTED","NONE DETECTED","283C8502-1ECD-472A-9D3C-46ABCA2D91AB","PEDESTRIAN","Cross/Enter at Intersection","NO IMPROPER ACTIONS","ON ROADWAY AT CROSSWALK","No","SUSPECTED MINOR INJURY","NONE","39.01515533","-76.9780485","    (39.01515533, -76.9780485)"
"MCP3042000G","17012423","Montgomery County Police","Injury Crash","03/09/2017 01:36:00 PM","County","SHOREFIELD RD","GEORGIA AVE",,"N/A","BICYCLIST","SAME DIR REAR END","CLEAR","DRY","DAYLIGHT","NO CONTROLS","NONE DETECTED","NONE DETECTED","D7E85244-83D0-4304-9B2B-31AB2250BC97","BICYCLIST","Walking/Riding w/Traffic","NO IMPROPER ACTIONS","SHOULDER","No","POSSIBLE INJURY","NONE","39.06955333","-77.161305","    (39.06955333, -77.161305)"
"MCP2370002X","17012425","Montgomery County Police","Injury Crash","03/09/2017 01:23:00 PM",,,,"2121 INDUSTRIAL PARKWAY
SILVER SPRING,MD",,"PEDESTRIAN","SAME DIR REAR END","CLEAR",,"DAYLIGHT","NO CONTROLS","NONE DETECTED","NONE DETECTED","BEFCDDB8-E28B-437F-9839-64C95A77BE64","PEDESTRIAN","Other","N/A","OTHER","No","POSSIBLE INJURY","NONE","39.05101855","-76.9972086","    (39.05101855, -76.9972086)"
"MCP2899001H","17012306","Montgomery County Police","Injury Crash","03/08/2017 10:20:00 PM","County","OLD COLUMBIA PIKE","CARRIAGE HOUSE TERR",,"N/A","PEDESTRIAN","OTHER","CLEAR","DRY","DARK LIGHTS ON","NO CONTROLS","NONE DETECTED","NONE DETECTED","0C430265-E6D9-47AF-86A0-51570F2CB14A","PEDESTRIAN","Cross/Enter not at Intersection","FAILURE TO YIELD RIGHT OF WAY","ON ROADWAY NOT AT CROSSWALK","Yes","SUSPECTED MINOR INJURY","NONE","39.04856833","-76.982025","    (39.04856833, -76.982025)"
"DM83740019","17012288","Takoma Park Police Depart","Injury Crash","03/08/2017 07:57:00 PM",,,,"WALGREENS PARKING LOT",,"PEDESTRIAN","OTHER","CLEAR",,"DARK LIGHTS ON","N/A","N/A","N/A","DA5D8202-BFE7-4AA2-9C8C-9F784A37F4B6","PEDESTRIAN","Other","DART DASH","OTHER","Yes","POSSIBLE INJURY","N/A","38.98760333","-76.98608","    (38.98760333, -76.98608)"
"MCP2982001R","17012165","Montgomery County Police","Injury Crash","03/08/2017 10:23:00 AM","County","FENTON ST","ROEDER RD",,"N/A","PEDESTRIAN","OTHER","CLEAR","DRY","DAYLIGHT","NO CONTROLS","NONE DETECTED","NONE DETECTED","76FA5E8C-640A-4ED3-A6EC-5F9ACD5A02E2","PEDESTRIAN","Cross/Enter at Intersection","NO IMPROPER ACTIONS","AT INTERSECTION MARKED CROSSWALK","No","SUSPECTED MINOR INJURY","NONE","38.99715833","-77.02614333","    (38.99715833, -77.02614333)"
"MCP1174001Z","17012153","Montgomery County Police","Injury Crash","03/08/2017 08:31:00 AM",,,,"PARKING GARAGE OF 6800 WISCONSIN AVE.  LEVEL 1.  ENTRENCE FOR GARAGE IS OFF BRADLEY BLVD.",,"PEDESTRIAN","SINGLE VEHICLE","N/A",,"DARK LIGHTS ON","N/A","N/A","NONE DETECTED","5AB0FBF7-8553-4356-8376-AFD93BF1FFFC","PEDESTRIAN","Other","NO IMPROPER ACTIONS","OTHER","No","SUSPECTED MINOR INJURY","NONE","38.9779771","-77.09241629","    (38.9779771, -77.09241629)"
"DD5617000Q","17012078","Rockville Police Departme","Injury Crash","03/07/2017 07:56:00 PM","County","TWINBROOK PKWY","VEIRS MILL RD",,"N/A","PEDESTRIAN","OTHER","RAINING","WET","DARK LIGHTS ON","TRAFFIC SIGNAL","NONE DETECTED","NONE DETECTED","89CDE1DF-3947-4DE1-BD6A-222BC9301A60","PEDESTRIAN","Cross/Enter at Intersection","NO IMPROPER ACTIONS","AT INTERSECTION MARKED CROSSWALK","No","POSSIBLE INJURY","NONE","39.07336938","-77.11198837","    (39.07336938, -77.11198837)"
"MCP2330000T","17012076","Montgomery County Police","Injury Crash","03/07/2017 07:18:00 PM","Maryland (State)","GEORGIA AVE","PLYERS MILL RD",,"N/A","PEDESTRIAN","OTHER","RAINING","WET","DARK NO LIGHTS","TRAFFIC SIGNAL","NONE DETECTED","NONE DETECTED","60712B9A-34E7-4F24-90C4-6F25ED6750E1","PEDESTRIAN","Cross/Enter at Intersection","NO IMPROPER ACTIONS","ON ROADWAY AT CROSSWALK","No","POSSIBLE INJURY","NONE","39.03002749","-77.04771996","    (39.03002749, -77.04771996)"
"MCP2290000J","17012018","Montgomery County Police","Injury Crash","03/07/2017 02:05:00 PM","County","CRABBS BRANCH WAY","INDIANOLA DR",,"N/A","PEDESTRIAN","SINGLE VEHICLE","CLEAR","DRY","DAYLIGHT","TRAFFIC SIGNAL","NONE DETECTED","NONE DETECTED","54677785-90AA-4647-8F2A-C237DA8DA9B3","PEDESTRIAN","Cross/Enter at Intersection","NO IMPROPER ACTIONS","ON ROADWAY AT CROSSWALK","No","POSSIBLE INJURY","NONE","39.11474513","-77.15701059","    (39.11474513, -77.15701059)"
"DD5601002Q","17012008","Rockville Police Departme","Injury Crash","03/07/2017 01:45:00 PM","Municipality","WOOTTON PKWY","SEVEN LOCKS RD",,"ROCKVILLE","BICYCLIST","OTHER","CLEAR","DRY","DAYLIGHT","TRAFFIC SIGNAL","N/A","N/A","27A9C2D0-0873-4EC4-96A0-7665BEDE37D4","BICYCLIST","Walking/Riding against Traffic","UNKNOWN","ON ROADWAY AT CROSSWALK","Unknown","SUSPECTED MINOR INJURY","MC/BIKE HELMET","39.06696392","-77.16167092","    (39.06696392, -77.16167092)"
"MCP3029000C","17011842","Montgomery County Police","Injury Crash","03/06/2017 03:35:00 PM","County","HANNES ST","HANNES CT",,"N/A","PEDESTRIAN","N/A","CLEAR","DRY","DAYLIGHT","NO CONTROLS","NONE DETECTED","NONE DETECTED","368DD248-0A1B-44E9-96B4-127D7DA23F11","PEDESTRIAN","Cross/Enter not at Intersection","DART DASH","ON ROADWAY NOT AT CROSSWALK","Yes","POSSIBLE INJURY","NONE","39.03252253","-77.01897204","    (39.03252253, -77.01897204)"
"MCP2353003P","17011782","Montgomery County Police","Injury Crash","03/06/2017 10:58:00 AM","County","WILLARD AVE","THE HILLS PLAZA",,"FRIENDSHIP HEIGHTS","PEDESTRIAN","SINGLE VEHICLE","CLEAR","DRY","DAYLIGHT","STOP SIGN","NONE DETECTED","NONE DETECTED","94C19C64-4004-4460-BA2B-D2EF2A6DA43B","PEDESTRIAN","Cross/Enter at Intersection","NO IMPROPER ACTIONS","ON ROADWAY AT CROSSWALK","No","SUSPECTED SERIOUS INJURY","NONE","38.961785","-77.08775167","    (38.961785, -77.08775167)"
"MCP3021000F","17011682","Montgomery County Police","Injury Crash","03/05/2017 05:13:00 PM","County","SILVER SPRING AVE","GEORGIA AVE",,"N/A","PEDESTRIAN","SINGLE VEHICLE","CLEAR","DRY","DAYLIGHT","NO CONTROLS","NONE DETECTED","NONE DETECTED","4D224526-10CF-46A3-886B-969487044F9E","PEDESTRIAN","Cross/Enter not at Intersection","IN ROADWAY IMPROPERLY","ON ROADWAY NOT AT CROSSWALK","No","SUSPECTED MINOR INJURY","NONE","38.99167708","-77.02522025","    (38.99167708, -77.02522025)"
"MCP1064005H","17011626","Montgomery County Police","Property Damage Crash","03/05/2017 10:46:00 AM",,,,"SIDE WALK
8600 BLOCK COLESVILLE RD

SILVER SPRING, MD 20910",,"BICYCLIST","OTHER","CLEAR",,"DAYLIGHT","STOP SIGN","N/A","N/A","39BDEA4F-FE2F-4FF7-B5B8-107DEF8E47C1","BICYCLIST","Walking/Cycling on Sidewalk","N/A","SIDEWALK","No","NO APPARENT INJURY","MC/BIKE HELMET","38.99643167","-77.02789667","    (38.99643167, -77.02789667)"
"MCP2720002P","17011450","Montgomery County Police","Injury Crash","03/05/2017 02:48:00 AM","County","WINDMILL LA","ROSSITER CT",,"N/A","PEDESTRIAN","SINGLE VEHICLE","CLEAR","DRY","DARK -- UNKNOWN LIGHTING","NO CONTROLS","UNKNOWN","NONE DETECTED","7D14A6BC-F8DA-4650-A86B-09BCFF7DEC8B","PEDESTRIAN","Other","NO IMPROPER ACTIONS","SHOULDER","No","SUSPECTED MINOR INJURY","NONE","39.09209167","-77.06885333","    (39.09209167, -77.06885333)"
"MCP2720002P","17011450","Montgomery County Police","Injury Crash","03/05/2017 02:48:00 AM","County","WINDMILL LA","ROSSITER CT",,"N/A","PEDESTRIAN","SINGLE VEHICLE","CLEAR","DRY","DARK -- UNKNOWN LIGHTING","NO CONTROLS","UNKNOWN","NONE DETECTED","1EB10340-F9FC-42DA-B2A2-F4AC99F81092","PEDESTRIAN","Other","NO IMPROPER ACTIONS","CURB","No","SUSPECTED MINOR INJURY","NONE","39.09209167","-77.06885333","    (39.09209167, -77.06885333)"