"Report Number","Local Case Number","Agency Name","ACRS Report Type","Crash Date/Time","Route Type","Road Name","Cross-Street Name","Off-Road Description","Municipality","Related Non-Motorist","Collision Type","Weather","Surface Condition","Light","Traffic Control","Driver Substance Abuse","Non-Motorist Substance Abuse","Person ID","Pedestrian Type","Pedestrian Movement","Pedestrian Actions","Pedestrian Location","At Fault","Injury Severity","Safety Equipment","Latitude","Longitude","Location"
"MCP9130002R","16054530","Montgomery County Police","Injury Crash","10/23/2016 08:53:00 AM",,,,"PARKING LOT OF TRADER JOES 
10741 COLUMBIA PIKE
SILVER SPRING, MD 20901",,"PEDESTRIAN","SINGLE VEHICLE","CLEAR",,"DAYLIGHT","N/A","NONE DETECTED","NONE DETECTED","329DFE77-0DB1-4E97-8EF6-79B8B95B1227","PEDESTRIAN","Cross/Enter not at Intersection","NO IMPROPER ACTIONS","OTHER","No","POSSIBLE INJURY","NONE","39.031685","-77.00385","    (39.031685, -77.00385)"
"DD5529001M","16054221","Rockville Police Departme","Injury Crash","10/21/2016 12:58:00 PM","Maryland (State)","HUNGERFORD DR","ENT TO FLAGSHIP SHOPPING CTR",,"N/A","PEDESTRIAN","OTHER","CLEAR","DRY","DAYLIGHT","TRAFFIC SIGNAL","NONE DETECTED","NONE DETECTED","A7F45C75-F68F-400A-BB2D-CC9FE326C9FA","PEDESTRIAN","Cross/Enter at Intersection","DART DASH","AT INTERSECTION MARKED CROSSWALK","Yes","SUSPECTED MINOR INJURY","N/A","39.1067","-77.16002167","    (39.1067, -77.16002167)"
"MCP2753001L","16054173","Montgomery County Police","Injury Crash","10/21/2016 07:53:00 AM",,,,"SIDEWALK OF PARKING LOT IN FRONT OF A 7-11 AT
14101 GEORGIA AVENUE
SILVER SPRING MD",,"PEDESTRIAN","OTHER","N/A",,"DAYLIGHT","NO CONTROLS","NONE DETECTED","NONE DETECTED","62AFE7E4-1FFE-4026-9CA2-B060E59EEB98","PEDESTRIAN","Walking/Riding against Traffic","NO IMPROPER ACTIONS","SIDEWALK","No","SUSPECTED MINOR INJURY","N/A","39.08475167","-77.07807333","    (39.08475167, -77.07807333)"
"MCP3003000S","16054112","Montgomery County Police","Injury Crash","10/20/2016 08:59:00 PM","County","BRANDERMILL DR","DRUM CASTLE WAY",,"N/A","PEDESTRIAN","OTHER","CLEAR","DRY","DARK LIGHTS ON","NO CONTROLS","NONE DETECTED","NONE DETECTED","4490A17F-662B-4D13-B46E-DCA4EF4D7CDB","PEDESTRIAN","Cross/Enter not at Intersection","UNKNOWN","ON ROADWAY NOT AT CROSSWALK","No","POSSIBLE INJURY","N/A","39.19094","-77.23934333","    (39.19094, -77.23934333)"
"MCP02510012","16054086","Montgomery County Police","Injury Crash","10/20/2016 07:07:00 PM",,,,"PARKING LOT OF 20910 FREDERICK RD. GERMANTOWN, MD. 20876",,"PEDESTRIAN","SINGLE VEHICLE","CLEAR",,"DARK LIGHTS ON","NO CONTROLS","NONE DETECTED","NONE DETECTED","2877D29B-3F0F-4027-82DD-DAFD3E61D6B1","PEDESTRIAN","Other","INATTENTIVE","OTHER","Yes","SUSPECTED MINOR INJURY","N/A","39.19856833","-77.25118","    (39.19856833, -77.25118)"
"MCP2927001G","16054074","Montgomery County Police","Injury Crash","10/20/2016 03:40:00 PM","US (State)","COLESVILLE RD","FENTON ST",,"N/A","PEDESTRIAN","N/A","CLEAR","DRY","DAYLIGHT","TRAFFIC SIGNAL","UNKNOWN","NONE DETECTED","DD33AF84-CC80-44F9-AA76-0CC430808F50","PEDESTRIAN","Cross/Enter at Intersection","NO IMPROPER ACTIONS","ON ROADWAY AT CROSSWALK","No","POSSIBLE INJURY","NONE","38.99769122","-77.02699184","    (38.99769122, -77.02699184)"
"MCP2694002D","16053873","Montgomery County Police","Injury Crash","10/19/2016 08:00:00 PM","Maryland (State)","OLD GEORGETOWN RD","WISCONSIN AVE",,"N/A","PEDESTRIAN","SAME DIR REAR END","CLEAR","DRY","DARK LIGHTS ON","NO CONTROLS","NONE DETECTED","NONE DETECTED","19A1D4A0-C4D6-4125-A175-5406F9487AB0","PEDESTRIAN","Standing","DISABLED VEHICLE RELATED","OTHER","No","POSSIBLE INJURY","NONE","39.021475","-77.12278","    (39.021475, -77.12278)"
"DD56100022","16053860","Rockville Police Departme","Injury Crash","10/19/2016 06:43:00 PM","Municipality","ASTER BLVD","NELSON ST",,"ROCKVILLE","OTHER","SAME DIR REAR END","N/A","DRY","DARK LIGHTS ON","NO CONTROLS","N/A","N/A","8AF156C3-D7ED-4B60-8F19-86055C12599D","OTHER","Other","UNKNOWN","OTHER","No","NO APPARENT INJURY","N/A","39.09565533","-77.170941","    (39.09565533, -77.170941)"
"MCP2927001F","16053824","Montgomery County Police","Injury Crash","10/19/2016 03:54:00 PM","Government","SLIGO CREEK PKWY","COLESVILLE RD",,"N/A","BICYCLIST","SAME DIRECTION RIGHT TURN","CLEAR","DRY","DAYLIGHT","TRAFFIC SIGNAL","UNKNOWN","NONE DETECTED","4A895696-D1BD-4886-96CA-86133F1C66CD","BICYCLIST","Cross/Enter at Intersection","NO IMPROPER ACTIONS","ON ROADWAY AT CROSSWALK","No","POSSIBLE INJURY","MC/BIKE HELMET","39.00774318","-77.02019647","    (39.00774318, -77.02019647)"
"DD5614001H","16053728","Rockville Police Departme","Injury Crash","10/19/2016 07:12:00 AM","Municipality","PICCARD DR","GAITHER RD",,"ROCKVILLE","BICYCLIST","STRAIGHT MOVEMENT ANGLE","CLEAR","DRY","DAWN","TRAFFIC SIGNAL","NONE DETECTED","NONE DETECTED","F3CFE3CC-DF18-464D-BA04-4A80CBA42653","BICYCLIST","Walking/Riding against Traffic","FAILURE TO OBEY TRAFFIC SIGNS SIGNALS OR OFFICER","ON ROADWAY AT CROSSWALK","Yes","SUSPECTED MINOR INJURY","NONE","39.08375333","-77.15305","    (39.08375333, -77.15305)"
"DD56100021","16053609","Rockville Police Departme","Injury Crash","10/18/2016 04:32:00 PM","County","TWINBROOK PKWY","PIER DR",,"ROCKVILLE","PEDESTRIAN","SINGLE VEHICLE","CLEAR","DRY","DAYLIGHT","OTHER","N/A","N/A","C623C299-C215-4D61-9C0C-3C64801DEE44","PEDESTRIAN","Cross/Enter at Intersection","DART DASH","ON ROADWAY AT CROSSWALK","No","POSSIBLE INJURY","N/A","39.06910467","-77.114034","    (39.06910467, -77.114034)"
"MCP2357001V","16053572","Montgomery County Police","Injury Crash","10/18/2016 09:30:00 AM",,,,"7740 FENTON ST. PARKING GARAGE LEVEL 3",,"PEDESTRIAN","OTHER","N/A",,"DAYLIGHT","N/A","N/A","NONE DETECTED","6B0B752C-9DA9-46AA-B917-DDFDF21A5308","PEDESTRIAN","N/A","UNKNOWN","N/A","Yes","POSSIBLE INJURY","NONE","38.98682667","-77.02328833","    (38.98682667, -77.02328833)"
"MCP1151005F","16053496","Montgomery County Police","Injury Crash","10/18/2016 08:10:00 AM","Maryland (State)","FREDERICK RD","RUNNING BROOK DR",,"N/A","BICYCLIST","HEAD ON LEFT TURN","CLEAR","DRY","DAYLIGHT","NO CONTROLS","NONE DETECTED","NONE DETECTED","8D15013E-E403-4B1C-9A1F-54AB6996C8EE","BICYCLIST","Walking/Riding w/Traffic","FAILURE TO YIELD RIGHT OF WAY","SHOULDER","Yes","SUSPECTED MINOR INJURY","MC/BIKE HELMET","39.22517167","-77.26275333","    (39.22517167, -77.26275333)"
"MCP2559001G","16053346","Montgomery County Police","Fatal Crash","10/17/2016 11:28:00 AM","Government","LITTLE FALLS PKWY","ARLINGTON RD",,"N/A","BICYCLIST","STRAIGHT MOVEMENT ANGLE","CLEAR","DRY","DAYLIGHT","OTHER","N/A","N/A","90F79E40-AFCC-4EDB-962E-D3A1CCA60003","BICYCLIST","Unknown","UNKNOWN","ON ROADWAY AT CROSSWALK","Unknown","FATAL INJURY","MC/BIKE HELMET","38.97339908","-77.10130244","    (38.97339908, -77.10130244)"
"DD5527000S","16053298","Rockville Police Departme","Injury Crash","10/17/2016 08:37:00 AM","Maryland (State)","FIRST ST","VEIRS MILL RD",,"N/A","BICYCLIST","OTHER","CLEAR","DRY","DAYLIGHT","TRAFFIC SIGNAL","NONE DETECTED","NONE DETECTED","784B4144-7D1E-43E9-B412-0148E5B0062F","BICYCLIST","Cross/Enter at Intersection","NO IMPROPER ACTIONS","ON ROADWAY AT CROSSWALK","No","SUSPECTED MINOR INJURY","NONE","39.07942833","-77.13807833","    (39.07942833, -77.13807833)"
"MCP26570017","16053266","Montgomery County Police","Injury Crash","10/16/2016 11:00:00 PM",,,,"PARKING LOT OF ENCLAVE APARTMENTS IN AREA BETWEEN 11235 OAK LEAF DRIVE/11200 LOCKWOOD DRIVE",,"BICYCLIST","SAME DIR REND RIGHT TURN","CLEAR",,"DARK NO LIGHTS","NO CONTROLS","ALCOHOL PRESENT","N/A","75846781-470B-4F8A-B93C-FF7051705958","BICYCLIST","Walking/Riding w/Traffic","NOT VISIBLE","OTHER","No","POSSIBLE INJURY","NONE","39.03919674","-76.9922626","    (39.03919674, -76.9922626)"
"MCP2001000K","16053275","Montgomery County Police","Fatal Crash","10/16/2016 08:49:00 PM","Maryland (State)","NORBECK RD","BALTIMORE RD",,"N/A","PEDESTRIAN","SINGLE VEHICLE","CLEAR","DRY","DARK LIGHTS ON","TRAFFIC SIGNAL","NONE DETECTED","ALCOHOL PRESENT","90C3335F-C3EF-4E26-90ED-619899FCD0DF","PEDESTRIAN","Cross/Enter at Intersection","DART DASH","ON ROADWAY NOT AT CROSSWALK","Yes","FATAL INJURY","NONE","39.09517243","-77.11253889","    (39.09517243, -77.11253889)"
"MCP2546001Z","16053220","Montgomery County Police","Injury Crash","10/16/2016 04:16:00 PM","County","RANDOLPH RD","DEWEY RD",,"N/A","BICYCLIST","SINGLE VEHICLE","N/A","DRY","DAYLIGHT","TRAFFIC SIGNAL","NONE DETECTED","N/A","FD270525-AE1F-4573-91C7-E8C5841A519E","BICYCLIST","Cross/Enter at Intersection","NO IMPROPER ACTIONS","ON ROADWAY AT CROSSWALK","No","POSSIBLE INJURY","MC/BIKE HELMET","39.05328167","-77.08922333","    (39.05328167, -77.08922333)"
"MCP2831001K","16053095","Montgomery County Police","Injury Crash","10/15/2016 08:26:00 PM",,"WHITE SADDLE DRIVE","MIDDLEBROOK ROAD",,"N/A","PEDESTRIAN","SINGLE VEHICLE","CLEAR","DRY","DARK LIGHTS ON","NO CONTROLS","N/A","NONE DETECTED","83336781-F456-4499-8ABB-AA6DA81DAA92","PEDESTRIAN","Playing","DART DASH","ON ROADWAY NOT AT CROSSWALK","Yes","POSSIBLE INJURY","NONE","39.17671833","-77.25850667","    (39.17671833, -77.25850667)"
"MCP2755000S","16052965","Montgomery County Police","Injury Crash","10/15/2016 12:04:00 AM","County","ARCOLA AVE","UNIVERSITY BLVD W",,"N/A","PEDESTRIAN","OTHER","CLEAR","DRY","DARK -- UNKNOWN LIGHTING","TRAFFIC SIGNAL","UNKNOWN","N/A","B64507D9-8CAF-482D-B1A2-DDF90FB553E2","PEDESTRIAN","Cross/Enter at Intersection","FAILURE TO OBEY TRAFFIC SIGNS SIGNALS OR OFFICER","ON ROADWAY AT CROSSWALK","Yes","SUSPECTED MINOR INJURY","N/A","39.03546126","-77.02589214","    (39.03546126, -77.02589214)"
"MCP2733000T","16052948","Montgomery County Police","Injury Crash","10/14/2016 10:29:00 PM","County","BETHESDA AVE","CLARENDON RD",,"N/A","PEDESTRIAN","OTHER","CLEAR","DRY","DARK NO LIGHTS","NO CONTROLS","NONE DETECTED","NONE DETECTED","46C97C92-A879-492D-8F8F-8F5FBE247904","PEDESTRIAN","Cross/Enter not at Intersection","IN ROADWAY IMPROPERLY","ON ROADWAY NOT AT CROSSWALK","Yes","SUSPECTED SERIOUS INJURY","NONE","38.98078333","-77.09970333","    (38.98078333, -77.09970333)"
"MCP2755000R","16052925","Montgomery County Police","Injury Crash","10/14/2016 08:34:00 PM","Maryland (State)","LAYHILL RD","GLENALLAN AVE",,"N/A","PEDESTRIAN","OTHER","CLEAR","N/A","DARK -- UNKNOWN LIGHTING","TRAFFIC SIGNAL","NONE DETECTED","NONE DETECTED","C072AD5F-75F9-4C51-BB22-33ABAB1CD0F6","PEDESTRIAN","Cross/Enter at Intersection","NO IMPROPER ACTIONS","SIDEWALK","No","SUSPECTED MINOR INJURY","N/A","39.06315806","-77.0501259","    (39.06315806, -77.0501259)"
"MCP00360058","16052787","Montgomery County Police","Injury Crash","10/14/2016 08:10:00 AM","Maryland (State)","FREDERICK RD","RIDGE RD",,"N/A","PEDESTRIAN","SAME DIR REAR END","CLEAR","DRY","DAYLIGHT","NO CONTROLS","NONE DETECTED","NONE DETECTED","D7DAA2E8-DD99-4892-84A3-60A31804C803","PEDESTRIAN","Other Working","NO IMPROPER ACTIONS","SIDEWALK","No","SUSPECTED MINOR INJURY","NONE","39.20437833","-77.245845","    (39.20437833, -77.245845)"
"MCP2559001D","16052620","Montgomery County Police","Injury Crash","10/13/2016 10:05:00 AM","Municipality","FIRSTFIELD RD","QUINCE ORCHARD RD",,"N/A","BICYCLIST","OTHER","CLOUDY","DRY","DAYLIGHT","TRAFFIC SIGNAL","N/A","N/A","327A5FCA-5E79-4C50-8157-71413B2DBEC3","BICYCLIST","Cross/Enter at Intersection","FAILURE TO OBEY TRAFFIC SIGNS SIGNALS OR OFFICER","ON ROADWAY AT CROSSWALK","Yes","SUSPECTED MINOR INJURY","NONE","39.14509536","-77.21989363","    (39.14509536, -77.21989363)"
"MCP2016001C","16052613","Montgomery County Police","Injury Crash","10/13/2016 09:12:00 AM",,,,"DRIVEWAY OF 11105 POTOMAC CREST DR
POTOMAC, MD 20854",,"PEDESTRIAN","OTHER","CLEAR",,"DAYLIGHT","N/A","NONE DETECTED","N/A","49B53CD8-B9D6-435F-A172-86F04B84F083","PEDESTRIAN","Standing","NO IMPROPER ACTIONS","N/A","No","SUSPECTED MINOR INJURY","N/A","39.038255","-77.1602","    (39.038255, -77.1602)"
"MCP29390016","16052541","Montgomery County Police","Injury Crash","10/12/2016 07:22:00 PM",,,,"CHIK-FIL-A PARKING LOT LOCATED AT 19945 CENTURY BLVD GERMANTOWN, MD 20874",,"PEDESTRIAN","STRAIGHT MOVEMENT ANGLE","CLEAR",,"DARK LIGHTS ON","NO CONTROLS","NONE DETECTED","NONE DETECTED","765BAEF9-4E9F-40F1-9413-C72BE8A12BC8","PEDESTRIAN","Other","INATTENTIVE","OTHER","Yes","SUSPECTED MINOR INJURY","NONE","39.18263895","-77.26173878","    (39.18263895, -77.26173878)"
"MCP1554001L","16052519","Montgomery County Police","Injury Crash","10/12/2016 05:33:00 PM","County","REDLAND RD","SOMERVILLE DR",,"N/A","PEDESTRIAN","SAME DIRECTION SIDESWIPE","CLEAR","DRY","DAYLIGHT","NO CONTROLS","NONE DETECTED","ALCOHOL PRESENT","44897226-993D-497F-990C-96CBE74D781C","PEDESTRIAN","Walking/Riding w/Traffic","IN ROADWAY IMPROPERLY","SHOULDER","Yes","POSSIBLE INJURY","NONE","39.11629","-77.16580833","    (39.11629, -77.16580833)"
"DD55950034","16052438","Rockville Police Departme","Injury Crash","10/12/2016 10:38:00 AM",,,,"THE PARKING LOT OF 15215 SHADY GROVE RD",,"PEDESTRIAN","SINGLE VEHICLE","CLEAR",,"DAYLIGHT","N/A","NONE DETECTED","NONE DETECTED","AD8B149F-32F8-44C4-B558-304D15074DD1","PEDESTRIAN","Other","DART DASH","OTHER","Yes","SUSPECTED MINOR INJURY","N/A","39.10634954","-77.18926549","    (39.10634954, -77.18926549)"
"MCP2766002V","16052362","Montgomery County Police","Injury Crash","10/11/2016 07:05:00 PM","Maryland (State)","GEORGIA AVE","ASPEN HILL RD",,"N/A","OTHER CONVEYANCE","STRAIGHT MOVEMENT ANGLE","N/A","DRY","DARK LIGHTS ON","NO CONTROLS","NONE DETECTED","NONE DETECTED","58104640-BD0F-447B-AF92-E03A3416AA4D","OTHER CONVEYANCE","Walking/Riding against Traffic","INATTENTIVE","SIDEWALK","Yes","POSSIBLE INJURY","NONE","39.08200333","-77.077005","    (39.08200333, -77.077005)"
"MCP2813002P","16052130","Montgomery County Police","Injury Crash","10/10/2016 04:54:00 PM",,,,"PARKING LOT OF 2601 UNIVERSITY BLVD W",,"PEDESTRIAN","SINGLE VEHICLE","CLEAR",,"DAYLIGHT","NO CONTROLS","N/A","N/A","EEF37EEF-F125-4F7F-B3E2-4C8702AEF5AF","PEDESTRIAN","Walking/Riding w/Traffic","NO IMPROPER ACTIONS","SIDEWALK","No","POSSIBLE INJURY","NONE","39.04161333","-77.05368","    (39.04161333, -77.05368)"
"MCP2992000W","16052099","Montgomery County Police","Property Damage Crash","10/10/2016 01:30:00 PM",,,,"PARKING LOT 3335 HEWITT AVE SILVER SPRING MD 20906",,"OTHER","SINGLE VEHICLE","N/A",,"DAYLIGHT","NO CONTROLS","NONE DETECTED","N/A","D2F9DA62-ED00-4E9D-9C41-A49DE581EF07","OTHER","Other","NO IMPROPER ACTIONS","OTHER","No","NO APPARENT INJURY","N/A","39.07981333","-77.06794167","    (39.07981333, -77.06794167)"
"MCP0942000X","16052055","Montgomery County Police","Injury Crash","10/10/2016 11:25:00 AM","County","WOODMONT AVE","BATTERY LA",,"N/A","PEDESTRIAN","SINGLE VEHICLE","CLEAR","DRY","DAYLIGHT","TRAFFIC SIGNAL","NONE DETECTED","NONE DETECTED","3C60B3FF-2DCB-4445-BA07-FB39102494B3","PEDESTRIAN","Cross/Enter at Intersection","N/A","ON ROADWAY AT CROSSWALK","No","POSSIBLE INJURY","NONE","38.99224833","-77.09697833","    (38.99224833, -77.09697833)"
"DM8453000L","16052032","Takoma Park Police Depart","Injury Crash","10/10/2016 08:53:00 AM","Maryland (State)","PHILADELPHIA AVE","CHICAGO AVE",,"TAKOMA PARK","PEDESTRIAN","OTHER","CLEAR","DRY","DAYLIGHT","N/A","NONE DETECTED","NONE DETECTED","AB8EF9FA-B6CE-44B5-A508-3A9F59997B1C","PEDESTRIAN","Cross/Enter at Intersection","UNKNOWN","AT INTERSECTION MARKED CROSSWALK","Unknown","SUSPECTED MINOR INJURY","N/A","38.98666317","-77.02147186","    (38.98666317, -77.02147186)"
"EJ7863000J","16051956","Gaithersburg Police Depar","Injury Crash","10/09/2016 05:51:00 PM","Maryland (State)","GREAT SENECA HWY","QUINCE ORCHARD RD",,"N/A","BICYCLIST","OTHER","CLEAR","DRY","N/A","TRAFFIC SIGNAL","NONE DETECTED","NONE DETECTED","3354E04E-FEF9-4D97-A44F-718538A79466","BICYCLIST","Cross/Enter at Intersection","NO IMPROPER ACTIONS","ON ROADWAY AT CROSSWALK","Yes","SUSPECTED SERIOUS INJURY","NONE","39.12861167","-77.23781167","    (39.12861167, -77.23781167)"
"MCP2689002G","16051905","Montgomery County Police","Injury Crash","10/09/2016 10:59:00 AM","County","ARDENNES AVE","TWINBROOK PKWY",,"N/A","BICYCLIST","SINGLE VEHICLE","CLEAR","DRY","DAYLIGHT","TRAFFIC SIGNAL","NONE DETECTED","NONE DETECTED","F391FD4D-1E2D-45B9-82A9-BC17CDB054F2","BICYCLIST","Cross/Enter at Intersection","NO IMPROPER ACTIONS","ON ROADWAY AT CROSSWALK","No","POSSIBLE INJURY","NONE","39.06370266","-77.11632818","    (39.06370266, -77.11632818)"
"MCP28940030","16051577","Montgomery County Police","Property Damage Crash","10/07/2016 01:12:00 PM","County","BREEZEWOOD TERR","STONEWOOD LA",,"N/A","PEDESTRIAN","SINGLE VEHICLE","CLOUDY","DRY","DAYLIGHT","NO CONTROLS","NONE DETECTED","NONE DETECTED","3E6E439D-EB48-4BB8-97C4-C4D7B9389C6D","PEDESTRIAN","Other","NO IMPROPER ACTIONS","ON ROADWAY NOT AT CROSSWALK","No","NO APPARENT INJURY","REFLECTIVE CLOTHING","39.04810234","-77.14024544","    (39.04810234, -77.14024544)"
"MCP24720022","16051572","Montgomery County Police","Injury Crash","10/07/2016 11:59:00 AM","Maryland (State)","CONNECTICUT AVE","CHEVY CHASE LAKE DR",,"N/A","BICYCLIST","ANGLE MEETS RIGHT TURN","CLOUDY","DRY","DAYLIGHT","TRAFFIC SIGNAL","UNKNOWN","NONE DETECTED","16BA0C78-0072-4417-B3B2-45003857AA94","BICYCLIST","Cross/Enter at Intersection","NO IMPROPER ACTIONS","ON ROADWAY AT CROSSWALK","No","POSSIBLE INJURY","MC/BIKE HELMET","38.99406333","-77.07679667","    (38.99406333, -77.07679667)"
"EJ7864000F","16051641","Gaithersburg Police Depar","Injury Crash","10/07/2016 06:10:00 AM","Municipality","FIRSTFIELD RD","CLOPPER RD",,"N/A","PEDESTRIAN","SINGLE VEHICLE","CLEAR","DRY","N/A","TRAFFIC SIGNAL","NONE DETECTED","NONE DETECTED","4AFB7ABF-0328-452B-9979-3A4FE79D3D4B","PEDESTRIAN","Cross/Enter at Intersection","DART DASH","ON ROADWAY NOT AT CROSSWALK","Yes","SUSPECTED MINOR INJURY","NONE","39.1437661","-77.22377881","    (39.1437661, -77.22377881)"
"MCP2134000S","16051464","Montgomery County Police","Injury Crash","10/06/2016 07:28:00 PM","Maryland (State)","GEORGIA AVE","DAWSON AVE",,"N/A","PEDESTRIAN","OTHER","CLEAR","DRY","DARK LIGHTS ON","NO CONTROLS","NONE DETECTED","ALCOHOL PRESENT","02073349-3511-4B26-A5A4-B147CE9966CE","PEDESTRIAN","Cross/Enter not at Intersection","IN ROADWAY IMPROPERLY","ON ROADWAY NOT AT CROSSWALK","Unknown","SUSPECTED SERIOUS INJURY","NONE","39.04516101","-77.05215365","    (39.04516101, -77.05215365)"
"MCP2971001T","16051636","Montgomery County Police","Injury Crash","10/06/2016 06:30:00 PM","County","LOCKWOOD DR","ENT TO SHOPPING CENTER",,"N/A","PEDESTRIAN","OTHER","N/A","DRY","DUSK","NO CONTROLS","UNKNOWN","UNKNOWN","E33F32A2-2D06-40BB-B607-97E4E29F6FDA","PEDESTRIAN","Cross/Enter not at Intersection","IN ROADWAY IMPROPERLY","ON ROADWAY NOT AT CROSSWALK","Yes","POSSIBLE INJURY","NONE","39.04089254","-76.98581055","    (39.04089254, -76.98581055)"
"DD5583001V","16051391","Rockville Police Departme","Injury Crash","10/06/2016 02:00:00 PM",,,,"PARKING LOT OF GIANT FOOD, 625 HUNGERFORD DRIVE, ROCKVILLE",,"PEDESTRIAN","OTHER","CLOUDY",,"DAYLIGHT","N/A","UNKNOWN","NONE DETECTED","0F99B57D-29FE-4396-9536-EC9C2D673F73","PEDESTRIAN","Other","NO IMPROPER ACTIONS","OTHER","No","POSSIBLE INJURY","N/A","39.09294866","-77.15273112","    (39.09294866, -77.15273112)"
"MCP2656001D","16051276","Montgomery County Police","Injury Crash","10/05/2016 08:49:00 PM","County","ROBEY RD","BRIGGS CHANEY RD",,"N/A","PEDESTRIAN","N/A","CLEAR","DRY","DARK LIGHTS ON","NO CONTROLS","NONE DETECTED","NONE DETECTED","DC57CEE3-58F3-4C30-90CC-8C9AB0C34CB8","PEDESTRIAN","Cross/Enter at Intersection","NO IMPROPER ACTIONS","AT INTERSECTION MARKED CROSSWALK","No","NO APPARENT INJURY","N/A","39.07956333","-76.94503167","    (39.07956333, -76.94503167)"
"MCP2656001D","16051276","Montgomery County Police","Injury Crash","10/05/2016 08:49:00 PM","County","ROBEY RD","BRIGGS CHANEY RD",,"N/A","PEDESTRIAN","N/A","CLEAR","DRY","DARK LIGHTS ON","NO CONTROLS","NONE DETECTED","NONE DETECTED","4810D2C4-6988-4979-B94B-698CD2EACB40","PEDESTRIAN","Cross/Enter at Intersection","NO IMPROPER ACTIONS","MIDBLOCK MARKED CROSSWALK","No","POSSIBLE INJURY","N/A","39.07956333","-76.94503167","    (39.07956333, -76.94503167)"
"DD5615002R","16051173","Rockville Police Departme","Property Damage Crash","10/05/2016 02:00:00 PM",,,,"PARKING LOT OF MONTGOERY COLLEGE ROCKVILLE.",,"PEDESTRIAN","OTHER","CLEAR",,"DAYLIGHT","NO CONTROLS","N/A","NONE DETECTED","ABC21282-5864-4EDE-8F26-917D69F25526","PEDESTRIAN","Standing","N/A","OTHER","No","NO APPARENT INJURY","NONE","39.10067561","-77.15751886","    (39.10067561, -77.15751886)"
"MCP1205002D","16051145","Montgomery County Police","Injury Crash","10/05/2016 11:00:00 AM","County","SHEPHERD ST","BRENNON LA",,"N/A","PEDESTRIAN","OTHER","CLEAR","DRY","DAYLIGHT","NO CONTROLS","NONE DETECTED","NONE DETECTED","DF50943C-8A7B-4057-8EBA-9134C78E98F8","PEDESTRIAN","Standing","N/A","OTHER","Unknown","SUSPECTED MINOR INJURY","REFLECTIVE CLOTHING","38.97957533","-77.0671311","    (38.97957533, -77.0671311)"
"MCP2914003L","16051235","Montgomery County Police","Injury Crash","10/05/2016 05:30:00 AM","Maryland (State)","NEW HAMPSHIRE AVE","ADELPHI RD",,"N/A","BICYCLIST","OTHER","CLEAR","N/A","DAWN","TRAFFIC SIGNAL","N/A","N/A","4E8CBDF3-8E7D-46E3-8C78-733C69F61AAF","BICYCLIST","Cross/Enter at Intersection","NO IMPROPER ACTIONS","AT INTERSECTION MARKED CROSSWALK","No","SUSPECTED MINOR INJURY","NONE","39.01145616","-76.97879657","    (39.01145616, -76.97879657)"
"MCP2363000Y","16051042","Montgomery County Police","Injury Crash","10/04/2016 07:15:00 PM","Maryland (State)","HUNGERFORD DR","E MIDDLE LA",,"ROCKVILLE","PEDESTRIAN","OTHER","CLEAR","DRY","DUSK","TRAFFIC SIGNAL","NONE DETECTED","UNKNOWN","747421AE-843C-485D-9E04-12CBD7B1CB21","PEDESTRIAN","Cross/Enter at Intersection","UNKNOWN","AT INTERSECTION MARKED CROSSWALK","Unknown","SUSPECTED SERIOUS INJURY","NONE","39.08511469","-77.14820623","    (39.08511469, -77.14820623)"
"MCP26200011","16051006","Montgomery County Police","Injury Crash","10/04/2016 05:00:00 PM","County","WELLER RD","GEORGIA AVE",,"N/A","PEDESTRIAN","STRAIGHT MOVEMENT ANGLE","CLEAR","DRY","DAYLIGHT","STOP SIGN","UNKNOWN","NONE DETECTED","0A215435-935A-4A2F-BF6A-A7E87BCC9351","PEDESTRIAN","Cross/Enter at Intersection","NO IMPROPER ACTIONS","AT INTERSECTION BUT NO CROSSWALK","No","SUSPECTED MINOR INJURY","NONE","39.06663801","-77.05961823","    (39.06663801, -77.05961823)"
"MCP2353002Z","16050932","Montgomery County Police","Injury Crash","10/04/2016 11:40:00 AM","Maryland (State)","RIVER RD","CAPITOL CRESCENT TRAIL BRIDGE",,"N/A","PEDESTRIAN","SINGLE VEHICLE","CLEAR","DRY","DAYLIGHT","OTHER","NONE DETECTED","NONE DETECTED","00DC94D2-5F27-499D-85DD-D39EC5E150DB","PEDESTRIAN","Cross/Enter not at Intersection","NO IMPROPER ACTIONS","ON ROADWAY AT CROSSWALK","No","SUSPECTED SERIOUS INJURY","NONE","38.96444833","-77.10323833","    (38.96444833, -77.10323833)"
"MCP2347000Q","16050908","Montgomery County Police","Injury Crash","10/04/2016 09:22:00 AM","County","OLD COLUMBIA PIKE","TECH RD",,"N/A","PEDESTRIAN","OTHER","CLEAR","DRY","DAYLIGHT","STOP SIGN","NONE DETECTED","NONE DETECTED","ECDE22AD-48EC-4864-A62F-2FF0BF26C4CF","PEDESTRIAN","Cross/Enter at Intersection","NO IMPROPER ACTIONS","AT INTERSECTION MARKED CROSSWALK","No","POSSIBLE INJURY","NONE","39.05907333","-76.96934","    (39.05907333, -76.96934)"
"MCP2954002D","16050910","Montgomery County Police","Injury Crash","10/04/2016 06:50:00 AM","Maryland (State)","PINEY BRANCH RD","CARROLL AVE",,"N/A","PEDESTRIAN","N/A","N/A","DRY","DAWN","NO CONTROLS","UNKNOWN","NONE DETECTED","05956368-F29F-4E48-B0C5-884D662A78DD","PEDESTRIAN","Other","NO IMPROPER ACTIONS","ON ROADWAY AT CROSSWALK","No","SUSPECTED MINOR INJURY","NONE","39.00130988","-76.98708057","    (39.00130988, -76.98708057)"
"MCP2889001R","16050824","Montgomery County Police","Injury Crash","10/03/2016 07:34:00 PM","Maryland (State)","UNIVERSITY BLVD W","DENNIS AVE",,"N/A","PEDESTRIAN","SINGLE VEHICLE","CLEAR","DRY","DARK LIGHTS ON","TRAFFIC SIGNAL","NONE DETECTED","NONE DETECTED","0704770D-C149-476A-A7BB-2F64B3F71D37","PEDESTRIAN","Cross/Enter at Intersection","NO IMPROPER ACTIONS","ON ROADWAY AT CROSSWALK","No","POSSIBLE INJURY","NONE","39.026315","-77.02019833","    (39.026315, -77.02019833)"