"Report Number","Local Case Number","Agency Name","ACRS Report Type","Crash Date/Time","Route Type","Road Name","Cross-Street Name","Off-Road Description","Municipality","Related Non-Motorist","Collision Type","Weather","Surface Condition","Light","Traffic Control","Driver Substance Abuse","Non-Motorist Substance Abuse","Person ID","Pedestrian Type","Pedestrian Movement","Pedestrian Actions","Pedestrian Location","At Fault","Injury Severity","Safety Equipment","Latitude","Longitude","Location"
"MCP2594001X","16045933","Montgomery County Police","Injury Crash","09/08/2016 06:47:00 AM","Maryland (State)","NEW HAMPSHIRE AVE","NOTLEY RD",,"N/A","BICYCLIST","STRAIGHT MOVEMENT ANGLE","CLEAR","N/A","DAYLIGHT","NO CONTROLS","NONE DETECTED","NONE DETECTED","67E73867-C89A-4021-9128-EDAD19D5DE8E","BICYCLIST","Walking/Riding w/Traffic","NO IMPROPER ACTIONS","IN BIKEWAY","No","SUSPECTED MINOR INJURY","MC/BIKE HELMET","39.08048218","-77.00139284","    (39.08048218, -77.00139284)"
"MCP13340045","16045767","Montgomery County Police","Injury Crash","09/07/2016 01:06:00 PM","Maryland (State)","WOODFIELD RD","HADLEY FARMS DR",,"N/A","PEDESTRIAN","SINGLE VEHICLE","CLEAR","DRY","DAYLIGHT","TRAFFIC SIGNAL","NONE DETECTED","NONE DETECTED","BFE79DEE-E76B-495C-9911-8156EB0CE3C7","PEDESTRIAN","Cross/Enter at Intersection","IN ROADWAY IMPROPERLY","ON ROADWAY AT CROSSWALK","Yes","SUSPECTED SERIOUS INJURY","N/A","39.18002446","-77.15061218","    (39.18002446, -77.15061218)"
"MCP29910012","16045765","Montgomery County Police","Injury Crash","09/07/2016 12:06:00 PM",,,,"IN SHOPPING CENTER INFRONT OF OLNEY GRILLE RESTAURANT",,"PEDESTRIAN","SINGLE VEHICLE","N/A",,"DAYLIGHT","NO CONTROLS","NONE DETECTED","NONE DETECTED","A7D14029-D1ED-4DC8-99F5-A696B07B4A9B","PEDESTRIAN","Cross/Enter not at Intersection","NO IMPROPER ACTIONS","OTHER","No","POSSIBLE INJURY","N/A","39.1530121","-77.06876725","    (39.1530121, -77.06876725)"
"MCP13050010","16045730","Montgomery County Police","Property Damage Crash","09/07/2016 09:18:00 AM",,,,"PRIVATE PROPERTY OF 17807 BOWIE MILL RD",,"OTHER","SINGLE VEHICLE","N/A",,"DAYLIGHT","NO CONTROLS","NONE DETECTED","N/A","DFD60ED1-F305-4490-ACB7-3CC3E630D6C5","OTHER","N/A","NO IMPROPER ACTIONS","INSIDE BUILDING","No","NO APPARENT INJURY","N/A","39.1485255","-77.11275816","    (39.1485255, -77.11275816)"
"EJ78330028","16045623","Gaithersburg Police Depar","Injury Crash","09/06/2016 06:28:00 PM","Municipality","FALLBROOK ST","STERNWHEELER CT",,"GAITHERSBURG","PEDESTRIAN","OTHER","CLEAR","DRY","DAYLIGHT","NO CONTROLS","NONE DETECTED","NONE DETECTED","101AD7C5-157E-4F20-90B2-B7C5B20598A7","PEDESTRIAN","Playing","DART DASH","ON ROADWAY NOT AT CROSSWALK","Yes","SUSPECTED MINOR INJURY","NONE","39.14544","-77.187215","    (39.14544, -77.187215)"
"MCP137800C0","16045501","Montgomery County Police","Injury Crash","09/06/2016 09:27:00 AM","Municipality","TRAVIS AVE","TRAVIS LA",,"GAITHERSBURG","PEDESTRIAN","SINGLE VEHICLE","CLEAR","DRY","DAYLIGHT","STOP SIGN","NONE DETECTED","NONE DETECTED","3715B06D-5AF2-4BA1-8FB5-32DE2504DB1B","PEDESTRIAN","Cross/Enter at Intersection","NO IMPROPER ACTIONS","AT INTERSECTION BUT NO CROSSWALK","No","SUSPECTED SERIOUS INJURY","N/A","39.16234833","-77.21704667","    (39.16234833, -77.21704667)"
"MCP2708001D","16045389","Montgomery County Police","Injury Crash","09/05/2016 04:13:00 PM","County","CARROLL AVE","PINEY BRANCH RD",,"N/A","BICYCLIST","SAME DIRECTION RIGHT TURN","CLEAR","DRY","DAYLIGHT","TRAFFIC SIGNAL","UNKNOWN","NONE DETECTED","C3A1DCBA-5FE5-480C-A249-CA8E10C6BD56","BICYCLIST","Walking/Cycling on Sidewalk","N/A","ON ROADWAY AT CROSSWALK","Yes","POSSIBLE INJURY","NONE","38.99983","-76.99064","    (38.99983, -76.99064)"
"MCP28050020","16044966","Montgomery County Police","Injury Crash","09/02/2016 08:19:00 PM","County","LOST KNIFE RD","CONTOUR RD",,"N/A","PEDESTRIAN","SINGLE VEHICLE","CLEAR","DRY","DARK LIGHTS ON","NO CONTROLS","NONE DETECTED","NONE DETECTED","7AEE0F89-3DAA-4EAE-A76E-1DF59E40B893","PEDESTRIAN","Cross/Enter at Intersection","N/A","ON ROADWAY AT CROSSWALK","No","SUSPECTED MINOR INJURY","N/A","39.15483167","-77.20111","    (39.15483167, -77.20111)"
"MCP24750018","16044977","Montgomery County Police","Injury Crash","09/02/2016 08:12:00 PM","County","DIVISION ST","FLOWER AVE",,"N/A","BICYCLIST","HEAD ON","CLEAR","DRY","DARK LIGHTS ON","NO CONTROLS","UNKNOWN","NONE DETECTED","9C5A02B8-3B13-4708-A81B-81ABE4D62E06","BICYCLIST","Standing","NO IMPROPER ACTIONS","IN BIKEWAY","No","SUSPECTED MINOR INJURY","MC/BIKE HELMET","38.98709265","-76.99971914","    (38.98709265, -76.99971914)"
"MCP22990008","16044954","Montgomery County Police","Injury Crash","09/02/2016 06:23:00 PM",,,,"MONTGOMERY COUNTY PARKING LOT 20
8212 COLONIAL LANE SILVER SPRING, MD",,"OTHER CONVEYANCE","SINGLE VEHICLE","CLEAR",,"DAYLIGHT","N/A","NONE DETECTED","N/A","69070CA7-9E68-4664-AA78-4BCDA510CE29","OTHER CONVEYANCE","Other","UNKNOWN","ON ROADWAY NOT AT CROSSWALK","Yes","POSSIBLE INJURY","NONE","38.99172607","-77.02797085","    (38.99172607, -77.02797085)"
"MCP2967001L","16044742","Montgomery County Police","Injury Crash","09/01/2016 08:35:00 PM","Maryland (State)","CONNECTICUT AVE","RAYMOND ST",,"CHEVY CHASE #3","PEDESTRIAN","SINGLE VEHICLE","RAINING","WET","DARK LIGHTS ON","TRAFFIC SIGNAL","N/A","N/A","7975393E-8274-4EF2-A5CA-A854F0F4CE16","PEDESTRIAN","Cross/Enter at Intersection","NO IMPROPER ACTIONS","ON ROADWAY AT CROSSWALK","No","SUSPECTED MINOR INJURY","NONE","38.97806833","-77.07701833","    (38.97806833, -77.07701833)"
"MCP14650028","16044643","Montgomery County Police","Injury Crash","09/01/2016 12:24:00 PM","Municipality","E GUDE DR","TAFT ST",,"ROCKVILLE","PEDESTRIAN","SINGLE VEHICLE","RAINING","WET","DAYLIGHT","TRAFFIC SIGNAL","NONE DETECTED","NONE DETECTED","9324A6D0-C538-44C4-B860-B038257C06EF","PEDESTRIAN","Cross/Enter at Intersection","NO IMPROPER ACTIONS","ON ROADWAY AT CROSSWALK","No","SUSPECTED MINOR INJURY","N/A","39.09409333","-77.13243167","    (39.09409333, -77.13243167)"
"MCP2546001T","16044530","Montgomery County Police","Fatal Crash","08/31/2016 08:56:00 PM","County","BELLS MILL RD","WINDSOR VIEW DR",,"N/A","PEDESTRIAN","SINGLE VEHICLE","CLEAR","DRY","DARK LIGHTS ON","NO CONTROLS","NONE DETECTED","NONE DETECTED","55E8013F-BBD5-47C9-92F4-271155DC776D","PEDESTRIAN","Walking/Riding against Traffic","IN ROADWAY IMPROPERLY","ON ROADWAY NOT AT CROSSWALK","Unknown","FATAL INJURY","NONE","39.030582","-77.174473","    (39.030582, -77.174473)"
"MCP27170078","16044459","Montgomery County Police","Injury Crash","08/31/2016 04:14:00 PM","County","WESTLAKE TERR","WESTLAKE DR",,"N/A","PEDESTRIAN","OTHER","CLEAR","DRY","DAYLIGHT","TRAFFIC SIGNAL","NONE DETECTED","NONE DETECTED","79A27A94-4A14-45C9-9825-B744A4F24BA9","PEDESTRIAN","Cross/Enter at Intersection","NO IMPROPER ACTIONS","ON ROADWAY AT CROSSWALK","No","POSSIBLE INJURY","NONE","39.02707167","-77.14729667","    (39.02707167, -77.14729667)"
"DD56210001","16044450","Rockville Police Departme","Injury Crash","08/31/2016 03:35:00 PM","Maryland (State)","ROCKVILLE PIKE","DIRECTIONAL CROSSOVER",,"N/A","PEDESTRIAN","OTHER","CLEAR","DRY","DAYLIGHT","NO CONTROLS","NONE DETECTED","NONE DETECTED","E442BD0B-44FF-4E01-B85B-782F2CCCF5CF","PEDESTRIAN","Cross/Enter not at Intersection","IN ROADWAY IMPROPERLY","ON ROADWAY NOT AT CROSSWALK","Yes","SUSPECTED MINOR INJURY","N/A","39.05963317","-77.12222636","    (39.05963317, -77.12222636)"
"DM8339000J","16044435","Takoma Park Police Depart","Injury Crash","08/31/2016 01:55:00 PM","Maryland (State)","UNIVERSITY BLVD","ENT TO BUSINESS",,"N/A","PEDESTRIAN","SINGLE VEHICLE","CLEAR","DRY","DAYLIGHT","TRAFFIC SIGNAL","NONE DETECTED","NONE DETECTED","3CAC4982-4C1F-457F-8EE2-514274909C68","PEDESTRIAN","Cross/Enter not at Intersection","IN ROADWAY IMPROPERLY","ON ROADWAY NOT AT CROSSWALK","Yes","SUSPECTED MINOR INJURY","N/A","38.99062116","-76.98955894","    (38.99062116, -76.98955894)"
"DM8339000J","16044435","Takoma Park Police Depart","Injury Crash","08/31/2016 01:55:00 PM","Maryland (State)","UNIVERSITY BLVD","ENT TO BUSINESS",,"N/A","PEDESTRIAN","SINGLE VEHICLE","CLEAR","DRY","DAYLIGHT","TRAFFIC SIGNAL","NONE DETECTED","N/A","85C10D2B-81F6-48DA-94FE-18653F436D2E","PEDESTRIAN","Cross/Enter not at Intersection","IN ROADWAY IMPROPERLY","ON ROADWAY NOT AT CROSSWALK","No","SUSPECTED MINOR INJURY","N/A","38.99062116","-76.98955894","    (38.99062116, -76.98955894)"
"MCP1379004B","16044397","Montgomery County Police","Injury Crash","08/31/2016 11:55:00 AM","County","E RANDOLPH RD","NEW HAMPSHIRE AVE",,"N/A","PEDESTRIAN","STRAIGHT MOVEMENT ANGLE","CLEAR","DRY","DAYLIGHT","NO CONTROLS","NONE DETECTED","NONE DETECTED","39B1E023-73D3-445E-B3D1-17AA018E6822","PEDESTRIAN","Walking/Cycling on Sidewalk","IN ROADWAY IMPROPERLY","ON ROADWAY NOT AT CROSSWALK","Yes","SUSPECTED MINOR INJURY","NONE","39.07602167","-77.00309667","    (39.07602167, -77.00309667)"
"MCP1550002B","16044387","Montgomery County Police","Injury Crash","08/31/2016 07:30:00 AM","County","ROCK SPRING DR","OLD GEORGETOWN RD",,"N/A","BICYCLIST","OTHER","CLEAR","DRY","DAYLIGHT","NO CONTROLS","NONE DETECTED","NONE DETECTED","4794EEFE-FAEF-40BC-9940-D0CC8F984239","BICYCLIST","Other","NO IMPROPER ACTIONS","OTHER","Yes","SUSPECTED MINOR INJURY","UNKNOWN","38.98124","-77.12732833","    (38.98124, -77.12732833)"
"MCP2871003D","16044018","Montgomery County Police","Injury Crash","08/29/2016 03:35:00 PM","County","SEVEN LOCKS RD","DWIGHT DR",,"N/A","PEDESTRIAN","OTHER","CLEAR","DRY","DAYLIGHT","NO CONTROLS","NONE DETECTED","NONE DETECTED","A6F4579A-A66B-48AD-A8E4-ACDAED53645E","PEDESTRIAN","Walking to/from school","DART DASH","AT INTERSECTION BUT NO CROSSWALK","Yes","POSSIBLE INJURY","NONE","39.00399","-77.15926167","    (39.00399, -77.15926167)"
"MCP29820013","16043929","Montgomery County Police","Injury Crash","08/29/2016 08:02:00 AM","Maryland (State)","COLESVILLE RD","16TH ST",,"N/A","PEDESTRIAN","OTHER","CLEAR","DRY","DAYLIGHT","NO CONTROLS","NONE DETECTED","NONE DETECTED","626D1FE4-0578-4333-B39F-30DC51A9B6F6","PEDESTRIAN","Cross/Enter at Intersection","NO IMPROPER ACTIONS","ON ROADWAY AT CROSSWALK","No","POSSIBLE INJURY","N/A","38.99267667","-77.03617833","    (38.99267667, -77.03617833)"
"MCP12050029","16043818","Montgomery County Police","Injury Crash","08/28/2016 01:32:00 PM","County","LELAND ST","GLENDALE RD",,"N/A","BICYCLIST","STRAIGHT MOVEMENT ANGLE","CLEAR","DRY","DAYLIGHT","STOP SIGN","NONE DETECTED","NONE DETECTED","32E7554B-A37F-4057-AB7B-20ABADBD0D23","BICYCLIST","Cross/Enter at Intersection","FAILURE TO OBEY TRAFFIC SIGNS SIGNALS OR OFFICER","AT INTERSECTION BUT NO CROSSWALK","Yes","SUSPECTED MINOR INJURY","MC/BIKE HELMET","38.98666421","-77.07461447","    (38.98666421, -77.07461447)"
"MCP30000014","16043707","Montgomery County Police","Injury Crash","08/27/2016 05:28:00 PM",,,,"PARKING LOT OF 19700 N FREDERICK ROAD, GERMANTOWN, MARYLAND 20874",,"BICYCLIST","STRAIGHT MOVEMENT ANGLE","CLEAR",,"DAYLIGHT","STOP SIGN","NONE DETECTED","NONE DETECTED","8E0FD06A-8F3F-4138-A101-4B97936C719D","BICYCLIST","Cross/Enter at Intersection","INATTENTIVE","ON ROADWAY AT CROSSWALK","Yes","SUSPECTED SERIOUS INJURY","NONE","39.17861167","-77.23893167","    (39.17861167, -77.23893167)"
"MCP9442000J","16043623","Montgomery County Police","Injury Crash","08/27/2016 10:14:00 AM","Maryland (State)","FREDERICK RD","PROFESSIONAL DR",,"GAITHERSBURG","BICYCLIST","OTHER","CLEAR","DRY","DAYLIGHT","NO CONTROLS","NONE DETECTED","UNKNOWN","CC5169F5-9D42-489F-BA44-D0CD6CFC49BE","BICYCLIST","Other","UNKNOWN","OTHER","No","SUSPECTED SERIOUS INJURY","NONE","39.16304833","-77.22577167","    (39.16304833, -77.22577167)"
"MCP93100004","16043509","Montgomery County Police","Property Damage Crash","08/26/2016 08:30:00 PM","County","CONNECTICUT AVE","BEL PRE RD",,"N/A","PEDESTRIAN","OTHER","CLEAR","DRY","DARK LIGHTS ON","TRAFFIC SIGNAL","NONE DETECTED","NONE DETECTED","C34C652D-50F7-41FA-9A4D-DAA0BF307DC9","PEDESTRIAN","Cross/Enter at Intersection","UNKNOWN","ON ROADWAY AT CROSSWALK","No","NO APPARENT INJURY","NONE","39.09172833","-77.070555","    (39.09172833, -77.070555)"
"MCP26890023","16043493","Montgomery County Police","Injury Crash","08/26/2016 06:27:00 PM","County","NEEDWOOD RD","REDLAND RD",,"N/A","BICYCLIST","STRAIGHT MOVEMENT ANGLE","CLEAR","DRY","DAYLIGHT","STOP SIGN","NONE DETECTED","NONE DETECTED","09FE3146-3615-4749-845C-A148691B52BD","BICYCLIST","Cross/Enter at Intersection","NO IMPROPER ACTIONS","ON ROADWAY AT CROSSWALK","No","SUSPECTED MINOR INJURY","MC/BIKE HELMET","39.12307833","-77.15676167","    (39.12307833, -77.15676167)"
"MCP27640017","16043306","Montgomery County Police","Injury Crash","08/25/2016 07:52:00 PM","County","BERRY ST","WEISMAN RD",,"N/A","BICYCLIST","STRAIGHT MOVEMENT ANGLE","CLEAR","DRY","DUSK","STOP SIGN","NONE DETECTED","NONE DETECTED","FBA6AE2C-7DFC-4B06-BD52-AFE97DD66271","BICYCLIST","Cross/Enter at Intersection","OTHER","AT INTERSECTION BUT NO CROSSWALK","Yes","SUSPECTED SERIOUS INJURY","NONE","39.05738589","-77.06286907","    (39.05738589, -77.06286907)"
"MCP1563002N","16043196","Montgomery County Police","Property Damage Crash","08/25/2016 11:15:00 AM","Municipality","PINE PL","MAPLE AVE",,"CHEVY CHASE #4","BICYCLIST","STRAIGHT MOVEMENT ANGLE","CLEAR","DRY","DAYLIGHT","NO CONTROLS","NONE DETECTED","NONE DETECTED","CFC78374-98B4-4C6F-919A-5109867C124B","BICYCLIST","Walking/Cycling on Sidewalk","NO IMPROPER ACTIONS","SIDEWALK","No","NO APPARENT INJURY","MC/BIKE HELMET","38.97712167","-77.08058","    (38.97712167, -77.08058)"
"MCP29820012","16042990","Montgomery County Police","Injury Crash","08/24/2016 10:27:00 AM","County","MISSISSIPPI AVE","PINEY BRANCH RD",,"N/A","PEDESTRIAN","OTHER","CLEAR","DRY","DAYLIGHT","NO CONTROLS","NONE DETECTED","NONE DETECTED","82E6EE9B-6511-45C5-8B6B-E20EF2AD1FB8","PEDESTRIAN","Walking/Riding against Traffic","NO IMPROPER ACTIONS","CURB","No","POSSIBLE INJURY","N/A","38.988915","-77.01157667","    (38.988915, -77.01157667)"
"DD5538001R","16042854","Rockville Police Departme","Injury Crash","08/23/2016 04:50:00 PM","Maryland (State)","ROCKVILLE PIKE","ENT TO BUSINESS",,"N/A","PEDESTRIAN","SINGLE VEHICLE","CLEAR","DRY","DAYLIGHT","NO CONTROLS","N/A","NONE DETECTED","4F0451CF-6550-46BF-8CA7-50CA1D072E62","PEDESTRIAN","Walking/Cycling on Sidewalk","NO IMPROPER ACTIONS","DRIVEWAY ACCESS MARKED CROSSWALK","No","SUSPECTED MINOR INJURY","NONE","39.06837167","-77.12969333","    (39.06837167, -77.12969333)"
"DD5595002X","16042686","Rockville Police Departme","Injury Crash","08/22/2016 09:51:00 AM","Maryland (State)","HUNGERFORD DR","ENT TO BUSINESSES",,"N/A","PEDESTRIAN","SINGLE VEHICLE","CLEAR","DRY","DARK LIGHTS ON","TRAFFIC SIGNAL","NONE DETECTED","UNKNOWN","E285F94E-2C02-440A-837B-35F0909B33D0","PEDESTRIAN","Cross/Enter at Intersection","FAILURE TO YIELD RIGHT OF WAY","AT INTERSECTION MARKED CROSSWALK","Yes","SUSPECTED SERIOUS INJURY","NONE","39.08950867","-77.15169083","    (39.08950867, -77.15169083)"
"MCP20160019","16042551","Montgomery County Police","Injury Crash","08/22/2016 08:55:00 AM",,,,"AMAZON SHIPPING WAREHOUSE LOCATED AT 861 E GUDE DRIVE ROCKVILLE, MD 20852",,"PEDESTRIAN","OTHER","N/A",,"DAYLIGHT","N/A","N/A","N/A","4FCFA298-6A89-454B-99C5-DC0877E803D1","PEDESTRIAN","Other","NO IMPROPER ACTIONS","N/A","No","SUSPECTED MINOR INJURY","N/A","39.10652333","-77.15140833","    (39.10652333, -77.15140833)"
"MCP24460024","16042471","Montgomery County Police","Injury Crash","08/21/2016 03:21:00 PM",,,,"IN FRONT OF 19603 CRYSTAL ROCK DR.",,"BICYCLIST","STRAIGHT MOVEMENT ANGLE","CLEAR",,"DAYLIGHT","NO CONTROLS","NONE DETECTED","NONE DETECTED","CBC79EDA-C7CD-4FD5-8DE4-F64B83347980","BICYCLIST","Playing","FAILURE TO YIELD RIGHT OF WAY","ON ROADWAY NOT AT CROSSWALK","Yes","SUSPECTED MINOR INJURY","UNKNOWN","39.178009","-77.259878","    (39.178009, -77.259878)"
"MCP2891002P","16042267","Montgomery County Police","Injury Crash","08/21/2016 10:00:00 AM","County","WAYNE AVE","SLIGO CREEK PKWY",,"N/A","BICYCLIST","SINGLE VEHICLE","CLEAR","DRY","DAYLIGHT","TRAFFIC SIGNAL","NONE DETECTED","NONE DETECTED","36265B6F-ABC4-4A54-A108-701E5E11B17C","BICYCLIST","Cross/Enter at Intersection","NO IMPROPER ACTIONS","ON ROADWAY AT CROSSWALK","No","SUSPECTED MINOR INJURY","MC/BIKE HELMET","38.99967254","-77.01058879","    (38.99967254, -77.01058879)"
"EJ7846001H","16042355","Gaithersburg Police Depar","Property Damage Crash","08/20/2016 09:00:00 PM",,,,"PARKING LOT OF 18 ONEILL DR.",,"PEDESTRIAN","SINGLE VEHICLE","CLEAR",,"DARK LIGHTS ON","NO CONTROLS","NONE DETECTED","NONE DETECTED","0664F25F-F0E1-44D7-81BE-EA6C7987B35E","PEDESTRIAN","Cross/Enter not at Intersection","NO IMPROPER ACTIONS","CURB","No","NO APPARENT INJURY","N/A","39.124215","-77.22279667","    (39.124215, -77.22279667)"
"MCP2695000T","16042284","Montgomery County Police","Injury Crash","08/20/2016 12:40:00 PM","Maryland (State)","NEW HAMPSHIRE AVE","ADELPHI RD",,"N/A","PEDESTRIAN","OTHER","CLEAR","DRY","DAYLIGHT","TRAFFIC SIGNAL","N/A","N/A","7060BB8F-8823-4688-90BA-F920971E4602","PEDESTRIAN","Cross/Enter at Intersection","NO IMPROPER ACTIONS","ON ROADWAY AT CROSSWALK","No","POSSIBLE INJURY","N/A","39.01136446","-76.97909832","    (39.01136446, -76.97909832)"
"MCP23580025","16042259","Montgomery County Police","Injury Crash","08/20/2016 07:10:00 AM","County","DEMOCRACY BLVD","RAMP 2 FR DEMOCRACY BLVD TO IS 270Y NB",,"N/A","BICYCLIST","OTHER","CLEAR","DRY","DAYLIGHT","N/A","NONE DETECTED","NONE DETECTED","C25F76CE-397F-4B74-AE45-739FB95C24AB","BICYCLIST","Walking/Riding w/Traffic","NO IMPROPER ACTIONS","OTHER","No","SUSPECTED SERIOUS INJURY","UNKNOWN","38.99748","-77.10974","    (38.99748, -77.10974)"
"MCP137800BR","16042097","Montgomery County Police","Injury Crash","08/19/2016 10:40:00 AM","County","DECOVERLY DR","DIAMONDBACK DR",,"N/A","BICYCLIST","STRAIGHT MOVEMENT ANGLE","CLEAR","DRY","DAYLIGHT","STOP SIGN","NONE DETECTED","NONE DETECTED","EF06A045-9AD2-4F41-BA7F-C6663A1CBF61","BICYCLIST","Cross/Enter at Intersection","NO IMPROPER ACTIONS","ON ROADWAY AT CROSSWALK","No","SUSPECTED MINOR INJURY","NONE","39.10734025","-77.20289916","    (39.10734025, -77.20289916)"
"MCP1257000R","16042082","Montgomery County Police","Injury Crash","08/19/2016 09:26:00 AM","County","FATHER HURLEY BLVD","PALMETTO CIR",,"N/A","BICYCLIST","STRAIGHT MOVEMENT ANGLE","CLEAR","DRY","DAYLIGHT","STOP SIGN","NONE DETECTED","NONE DETECTED","427AE9C6-A291-4154-8872-8B2C880CFB13","BICYCLIST","Cross/Enter at Intersection","DART DASH","AT INTERSECTION MARKED CROSSWALK","Yes","SUSPECTED MINOR INJURY","MC/BIKE HELMET","39.173525","-77.28379333","    (39.173525, -77.28379333)"
"MCP1048001X","16042020","Montgomery County Police","Property Damage Crash","08/18/2016 10:41:00 PM",,,,"PARKING LOT OF MONTGOMERY COUNTY FAIR GROUNDS.",,"PEDESTRIAN","SINGLE VEHICLE","CLEAR",,"DARK NO LIGHTS","N/A","N/A","N/A","01921220-096F-4B01-993D-D2FD6CE7611B","PEDESTRIAN","Other","INATTENTIVE","ON ROADWAY NOT AT CROSSWALK","No","NO APPARENT INJURY","N/A","39.14752861","-77.2139103","    (39.14752861, -77.2139103)"
"MCP3010001C","16041940","Montgomery County Police","Injury Crash","08/18/2016 02:04:00 PM","County","TUCKERMAN LA","KINGS RIDING WAY",,"N/A","BICYCLIST","OTHER","CLEAR","DRY","DAYLIGHT","OTHER","NONE DETECTED","NONE DETECTED","671F286B-347B-44BF-9371-F0A8565BA65C","BICYCLIST","Cross/Enter at Intersection","NO IMPROPER ACTIONS","ON ROADWAY AT CROSSWALK","No","SUSPECTED MINOR INJURY","MC/BIKE HELMET","39.02982167","-77.112625","    (39.02982167, -77.112625)"
"MCP28450021","16041930","Montgomery County Police","Injury Crash","08/18/2016 01:10:00 PM",,,,"SIDEWALK PARALLEL TO 10008 COLESVILLE ROAD",,"BICYCLIST","SINGLE VEHICLE","CLEAR",,"DAYLIGHT","NO CONTROLS","NONE DETECTED","NONE DETECTED","12E9569A-45E2-424C-8F6D-F3ECC535EDD2","BICYCLIST","Walking/Cycling on Sidewalk","WRONG WAY RIDING OR WALKING","SIDEWALK","No","POSSIBLE INJURY","MC/BIKE HELMET","39.01908783","-77.01417089","    (39.01908783, -77.01417089)"
"MCP22980098","16041928","Montgomery County Police","Injury Crash","08/18/2016 01:00:00 PM","County","SHAKESPEARE BLVD","FREDERICK RD",,"N/A","BICYCLIST","OTHER","CLEAR","DRY","N/A","TRAFFIC SIGNAL","NONE DETECTED","N/A","08281D21-C5D4-407C-BA37-460388DBC3FA","BICYCLIST","Cross/Enter at Intersection","NO IMPROPER ACTIONS","ON ROADWAY AT CROSSWALK","No","POSSIBLE INJURY","MC/BIKE HELMET","39.19834669","-77.24505812","    (39.19834669, -77.24505812)"
"DD5602000F","16041851","Rockville Police Departme","Injury Crash","08/18/2016 01:35:00 AM","Municipality","MONROE ST","MT VERNON PL",,"ROCKVILLE","PEDESTRIAN","OTHER","N/A","WET","DARK NO LIGHTS","NO CONTROLS","UNKNOWN","ALCOHOL PRESENT","BA21D37A-8CDC-49D6-AD3B-906F263182D5","PEDESTRIAN","Walking/Riding w/Traffic","IN ROADWAY IMPROPERLY","ON ROADWAY NOT AT CROSSWALK","Yes","POSSIBLE INJURY","NONE","39.07894833","-77.15103","    (39.07894833, -77.15103)"
"MCP26590015","16041846","Montgomery County Police","Property Damage Crash","08/18/2016 12:45:00 AM","Maryland (State)","GEORGIA AVE","COLESVILLE RD",,"N/A","PEDESTRIAN","OTHER","RAINING","WET","DARK LIGHTS ON","TRAFFIC SIGNAL","NONE DETECTED","NONE DETECTED","4A6FBC7D-FBC7-49E1-8B03-84AA830ADBB4","PEDESTRIAN","Cross/Enter at Intersection","NO IMPROPER ACTIONS","ON ROADWAY AT CROSSWALK","No","NO APPARENT INJURY","NONE","38.99596167","-77.02816167","    (38.99596167, -77.02816167)"
"MCP2378000P","16041783","Montgomery County Police","Property Damage Crash","08/17/2016 05:23:00 PM","Municipality","DORSET AVE","WARWICK PL",,"SOMERSET","BICYCLIST","HEAD ON LEFT TURN","CLEAR","DRY","DAYLIGHT","STOP SIGN","NONE DETECTED","NONE DETECTED","BB349278-7CA9-4DC8-A632-1FE317B6C6FA","BICYCLIST","Walking/Riding w/Traffic","FAILURE TO YIELD RIGHT OF WAY","AT INTERSECTION MARKED CROSSWALK","Yes","NO APPARENT INJURY","NONE","38.96773219","-77.09322497","    (38.96773219, -77.09322497)"
"MCP9130002M","16041699","Montgomery County Police","Injury Crash","08/17/2016 08:39:00 AM","County","FOREST GLEN RD","SLIGO CREEK PKWY",,"N/A","BICYCLIST","SINGLE VEHICLE","CLEAR","DRY","DAYLIGHT","TRAFFIC SIGNAL","NONE DETECTED","NONE DETECTED","6DC14489-E1F4-4DEC-9B42-6A6A0452CBB4","BICYCLIST","Cross/Enter at Intersection","NO IMPROPER ACTIONS","ON ROADWAY AT CROSSWALK","No","SUSPECTED MINOR INJURY","NONE","39.01609333","-77.032545","    (39.01609333, -77.032545)"
"MCP2436001Y","16041568","Montgomery County Police","Injury Crash","08/16/2016 02:20:00 PM","County","DOMER AVE","FLOWER AVE",,"N/A","PEDESTRIAN","SINGLE VEHICLE","CLEAR","DRY","DAYLIGHT","STOP SIGN","NONE DETECTED","NONE DETECTED","7C6E8DDA-2592-4391-AA72-1C2410EE7843","PEDESTRIAN","Cross/Enter at Intersection","NO IMPROPER ACTIONS","AT INTERSECTION BUT NO CROSSWALK","No","SUSPECTED MINOR INJURY","NONE","38.99653333","-77.00288833","    (38.99653333, -77.00288833)"
"MCP2929001Q","16041572","Montgomery County Police","Injury Crash","08/16/2016 10:30:00 AM","County","PRINCE PHILIP DR","OLNEY SANDY SPRING RD",,"N/A","OTHER","OTHER","N/A","DRY","DAYLIGHT","NO CONTROLS","NONE DETECTED","NONE DETECTED","381161B4-3118-4BA5-A6F6-1C4D7613FD84","OTHER","Getting off/on Vehicle","N/A","SHOULDER","No","SUSPECTED MINOR INJURY","N/A","39.15071372","-77.05721498","    (39.15071372, -77.05721498)"
"MCP28180022","16041124","Montgomery County Police","Injury Crash","08/13/2016 05:37:00 PM","County","FENTON ST","COLESVILLE RD",,"N/A","PEDESTRIAN","OTHER","CLEAR","DRY","N/A","TRAFFIC SIGNAL","NONE DETECTED","NONE DETECTED","DAE2F9D7-3E9E-4983-AA6B-FEB3A35895BE","PEDESTRIAN","Cross/Enter at Intersection","NO IMPROPER ACTIONS","AT INTERSECTION MARKED CROSSWALK","No","SUSPECTED MINOR INJURY","N/A","38.99752833","-77.02718167","    (38.99752833, -77.02718167)"
"MCP28180022","16041124","Montgomery County Police","Injury Crash","08/13/2016 05:37:00 PM","County","FENTON ST","COLESVILLE RD",,"N/A","PEDESTRIAN","OTHER","CLEAR","DRY","N/A","TRAFFIC SIGNAL","NONE DETECTED","NONE DETECTED","726029E9-22E4-401B-BF8F-47182A4389B4","PEDESTRIAN","Cross/Enter at Intersection","NO IMPROPER ACTIONS","AT INTERSECTION MARKED CROSSWALK","No","SUSPECTED MINOR INJURY","N/A","38.99752833","-77.02718167","    (38.99752833, -77.02718167)"