"Report Number","Local Case Number","Agency Name","ACRS Report Type","Crash Date/Time","Route Type","Road Name","Cross-Street Name","Off-Road Description","Municipality","Related Non-Motorist","Collision Type","Weather","Surface Condition","Light","Traffic Control","Driver Substance Abuse","Non-Motorist Substance Abuse","Person ID","Pedestrian Type","Pedestrian Movement","Pedestrian Actions","Pedestrian Location","At Fault","Injury Severity","Safety Equipment","Latitude","Longitude","Location"
"MCP3005000F","16005979","Montgomery County Police","Injury Crash","02/05/2016 09:07:00 AM","County","VANDALIA DR","JOPLIN DR",,"N/A","PEDESTRIAN","SINGLE VEHICLE","N/A","N/A","DAYLIGHT","NO CONTROLS","NONE DETECTED","NONE DETECTED","517141D6-01F1-488B-A4E2-62DEC2DD6E28","PEDESTRIAN","Approach/Leaving Schoolbus","DART DASH","ON ROADWAY NOT AT CROSSWALK","Yes","POSSIBLE INJURY","N/A","39.07634702","-77.08463386","    (39.07634702, -77.08463386)"
"MCP2965000T","16005619","Montgomery County Police","Injury Crash","02/03/2016 09:58:00 AM",,,,"STARBUCKS PARKING LOT @ 16806 GEROGIA AVE",,"PEDESTRIAN","SINGLE VEHICLE","RAINING",,"DAYLIGHT","N/A","NONE DETECTED","NONE DETECTED","17E7D7BD-75EC-4749-A72F-B37D1A4CF421","PEDESTRIAN","Other","OTHER","SHARED USE PATH OR TRAILS","No","SUSPECTED MINOR INJURY","N/A","39.15964684","-77.07727119","    (39.15964684, -77.07727119)"
"MCP1168000G","16005415","Montgomery County Police","Injury Crash","02/02/2016 10:01:00 AM","Maryland (State)","GEORGIA AVE","CONNECTICUT AVE",,"N/A","PEDESTRIAN","OTHER","CLEAR","WET","DAYLIGHT","NO CONTROLS","NONE DETECTED","ALCOHOL PRESENT","04B97FBF-6168-468E-B920-D06C512B47E1","PEDESTRIAN","Other","IN ROADWAY IMPROPERLY","ON ROADWAY NOT AT CROSSWALK","Yes","SUSPECTED MINOR INJURY","N/A","39.08397741","-77.07787201","    (39.08397741, -77.07787201)"
"MCP2717004R","16005393","Montgomery County Police","Injury Crash","02/02/2016 08:10:00 AM","County","MACARTHUR BLVD","SANGAMORE RD",,"N/A","BICYCLIST","HEAD ON LEFT TURN","CLEAR","ICE","DAYLIGHT","TRAFFIC SIGNAL","NONE DETECTED","NONE DETECTED","11359E5A-E70B-405C-BD3D-0BA7A7F87F16","BICYCLIST","Cross/Enter at Intersection","NO IMPROPER ACTIONS","ON ROADWAY AT CROSSWALK","No","SUSPECTED MINOR INJURY","MC/BIKE HELMET","38.94427833","-77.11713","    (38.94427833, -77.11713)"
"MCP2717004R","16005393","Montgomery County Police","Injury Crash","02/02/2016 08:10:00 AM","County","MACARTHUR BLVD","SANGAMORE RD",,"N/A","BICYCLIST","HEAD ON LEFT TURN","CLEAR","ICE","DAYLIGHT","TRAFFIC SIGNAL","NONE DETECTED","NONE DETECTED","092FE4EB-0146-47BB-9051-3578C2CD0D54","BICYCLIST","Cross/Enter at Intersection","NO IMPROPER ACTIONS","ON ROADWAY AT CROSSWALK","No","SUSPECTED MINOR INJURY","MC/BIKE HELMET","38.94427833","-77.11713","    (38.94427833, -77.11713)"
"MCP13660047","16005363","Montgomery County Police","Injury Crash","02/02/2016 06:00:00 AM","County","E GUDE DR","CALHOUN DR",,"N/A","PEDESTRIAN","SINGLE VEHICLE","OTHER","WET","DARK LIGHTS ON","FLASHING TRAFFIC SIGNAL","UNKNOWN","UNKNOWN","D030AB20-3EE9-4B99-A72E-A447B33A65CF","PEDESTRIAN","Unknown","UNKNOWN","UNKNOWN","Unknown","SUSPECTED SERIOUS INJURY","NONE","39.10575012","-77.14524508","    (39.10575012, -77.14524508)"
"DD55020020","16005276","Rockville Police Departme","Injury Crash","02/01/2016 05:39:00 PM","Maryland (State)","ROCKVILLE PIKE","MONROE PL",,"ROCKVILLE","PEDESTRIAN","HEAD ON LEFT TURN","RAINING","WET","DARK LIGHTS ON","N/A","NONE DETECTED","NONE DETECTED","816206EC-DB7E-44F6-9FA6-8429380B4D90","PEDESTRIAN","Cross/Enter not at Intersection","IN ROADWAY IMPROPERLY","ON ROADWAY NOT AT CROSSWALK","Yes","SUSPECTED MINOR INJURY","NONE","39.08291333","-77.14681","    (39.08291333, -77.14681)"
"DD55950026","16005179","Rockville Police Departme","Injury Crash","02/01/2016 07:15:00 AM","Municipality","MONROE PL","MONROE ST",,"ROCKVILLE","PEDESTRIAN","SINGLE VEHICLE","CLOUDY","WET","DAYLIGHT","STOP SIGN","UNKNOWN","NONE DETECTED","002E2887-17C8-4249-AF48-F857FB9A2C42","PEDESTRIAN","Cross/Enter at Intersection","NO IMPROPER ACTIONS","ON ROADWAY AT CROSSWALK","No","SUSPECTED MINOR INJURY","N/A","39.08350323","-77.14896128","    (39.08350323, -77.14896128)"
"MCP2244000S","16005128","Montgomery County Police","Injury Crash","01/31/2016 07:50:00 PM","Maryland (State)","NEW HAMPSHIRE AVE","RAMP 6 FR IS 495 EB TO MD 650 SB",,"N/A","PEDESTRIAN","OTHER","CLEAR","DRY","DARK NO LIGHTS","NO CONTROLS","NONE DETECTED","ALCOHOL PRESENT","115CEC73-693D-453B-A55D-59ACBC2B6BBD","PEDESTRIAN","Cross/Enter not at Intersection","IN ROADWAY IMPROPERLY","MEDIAN","Yes","SUSPECTED MINOR INJURY","NONE","39.01791041","-76.97699413","    (39.01791041, -76.97699413)"
"MCP9438000V","16005086","Montgomery County Police","Injury Crash","01/31/2016 01:30:00 PM","County","GUNNERS BRANCH RD","FREDERICK RD",,"N/A","PEDESTRIAN","SINGLE VEHICLE","N/A","WET","DAYLIGHT","TRAFFIC SIGNAL","UNKNOWN","N/A","44A8F816-C4F5-4EB3-938D-5D565AB0545E","PEDESTRIAN","Cross/Enter at Intersection","NO IMPROPER ACTIONS","ON ROADWAY AT CROSSWALK","No","POSSIBLE INJURY","N/A","39.17862","-77.23955167","    (39.17862, -77.23955167)"
"DD5593001W","16004967","Rockville Police Departme","Injury Crash","01/30/2016 07:15:00 PM",,,,"PARKING LOT OF 15136 FREDERICK RD (ADVANCE AUTO), ROCKVILLE, MD",,"PEDESTRIAN","HEAD ON LEFT TURN","CLEAR",,"DARK LIGHTS ON","N/A","UNKNOWN","NONE DETECTED","85943060-F96A-446D-BD1C-E4C02AE4D87B","PEDESTRIAN","Other","NO IMPROPER ACTIONS","OTHER","No","POSSIBLE INJURY","NONE","39.10419167","-77.15767333","    (39.10419167, -77.15767333)"
"MCP9128000D","16004931","Montgomery County Police","Injury Crash","01/30/2016 01:13:00 PM",,,,"PARKING LOT OF 10901 GEORGIA AVE",,"PEDESTRIAN","OTHER","CLEAR",,"DAYLIGHT","NO CONTROLS","NONE DETECTED","NONE DETECTED","60FEB910-B12B-429E-ABBC-5183813C1C38","PEDESTRIAN","Other","NO IMPROPER ACTIONS","OTHER","No","SUSPECTED MINOR INJURY","N/A","39.03390833","-77.04842","    (39.03390833, -77.04842)"
"MCP1064003V","16004749","Montgomery County Police","Injury Crash","01/29/2016 02:19:00 PM","US (State)","COLESVILLE RD","GEORGIA AVE",,"N/A","BICYCLIST","N/A","CLEAR","DRY","DAYLIGHT","TRAFFIC SIGNAL","N/A","N/A","2271B81B-E7C1-41E8-85C4-5EB5C1087F58","BICYCLIST","Cross/Enter at Intersection","FAILURE TO OBEY TRAFFIC SIGNS SIGNALS OR OFFICER","AT INTERSECTION MARKED CROSSWALK","Yes","SUSPECTED MINOR INJURY","NONE","38.99617833","-77.02912667","    (38.99617833, -77.02912667)"
"MCP2677000H","16004316","Montgomery County Police","Injury Crash","01/26/2016 11:40:00 PM","County","DAIRYMAID DR","METZ DR",,"N/A","PEDESTRIAN","OTHER","SNOW","SLUSH","DARK LIGHTS ON","N/A","NONE DETECTED","NONE DETECTED","D7BF4AAF-74BF-44D3-9FB3-3D451E61766C","PEDESTRIAN","Other","IN ROADWAY IMPROPERLY","ON ROADWAY NOT AT CROSSWALK","Yes","POSSIBLE INJURY","N/A","39.15559743","-77.27240324","    (39.15559743, -77.27240324)"
"MCP3014000B","16004309","Montgomery County Police","Injury Crash","01/26/2016 10:31:00 PM",,,,"IN THE PARKING LOT OF SHOPPERS LOCATED AT 12345 GEORGIA AVE SILVER SPRING, MD 20906",,"PEDESTRIAN","ANGLE MEETS LEFT HEAD ON","CLEAR",,"DARK NO LIGHTS","NO CONTROLS","NONE DETECTED","NONE DETECTED","9AD48561-FE59-4C20-8031-F131A20CD815","PEDESTRIAN","Cross/Enter not at Intersection","NOT VISIBLE","OUTSIDE RIGHT OF WAY","Yes","SUSPECTED MINOR INJURY","NONE","39.0595811","-77.04814643","    (39.0595811, -77.04814643)"
"DD56140008","16004277","Rockville Police Departme","Injury Crash","01/26/2016 08:05:00 PM","Maryland (State)","ROCKVILLE PIKE","CROSSOVER",,"N/A","PEDESTRIAN","OTHER","CLEAR","WET","DARK LIGHTS ON","NO CONTROLS","NONE DETECTED","NONE DETECTED","BDB1EEAD-34A5-4861-82B5-6CA08C98E8A2","PEDESTRIAN","Other","IN ROADWAY IMPROPERLY","ON ROADWAY NOT AT CROSSWALK","Yes","SUSPECTED MINOR INJURY","NONE","39.07353667","-77.13403167","    (39.07353667, -77.13403167)"
"DD56140008","16004277","Rockville Police Departme","Injury Crash","01/26/2016 08:05:00 PM","Maryland (State)","ROCKVILLE PIKE","CROSSOVER",,"N/A","PEDESTRIAN","OTHER","CLEAR","WET","DARK LIGHTS ON","NO CONTROLS","NONE DETECTED","NONE DETECTED","2FA336A0-9EC9-4289-8CC1-D4FC8A4C3454","PEDESTRIAN","Other","IN ROADWAY IMPROPERLY","ON ROADWAY NOT AT CROSSWALK","Yes","SUSPECTED MINOR INJURY","NONE","39.07353667","-77.13403167","    (39.07353667, -77.13403167)"
"MCP2437001F","16004168","Montgomery County Police","Injury Crash","01/25/2016 07:29:00 PM","Maryland (State)","GEORGIA AVE","HATHAWAY DR",,"N/A","PEDESTRIAN","SINGLE VEHICLE","CLEAR","WET","DARK NO LIGHTS","NO CONTROLS","NONE DETECTED","ALCOHOL PRESENT","D011E0E3-C041-43AA-ACA8-DB199F6E0345","PEDESTRIAN","Walking/Riding w/Traffic","NOT VISIBLE","ON ROADWAY NOT AT CROSSWALK","Yes","SUSPECTED SERIOUS INJURY","NONE","39.06922667","-77.06196333","    (39.06922667, -77.06196333)"
"MCP27840028","16004095","Montgomery County Police","Injury Crash","01/24/2016 06:34:00 PM",,"REDSPIRE DRIVE","DEER HIGHLANDS WAY",,"N/A","PEDESTRIAN","SINGLE VEHICLE","SNOW","N/A","DARK LIGHTS ON","NO CONTROLS","UNKNOWN","NONE DETECTED","6D109FD5-78B7-4AE7-B96F-A7C0CA728AFA","PEDESTRIAN","Standing","IN ROADWAY IMPROPERLY","ON ROADWAY NOT AT CROSSWALK","Yes","POSSIBLE INJURY","N/A","39.0039","-77.036485","    (39.0039, -77.036485)"
"MCP2693001B","16004084","Montgomery County Police","Injury Crash","01/24/2016 04:04:00 PM","County","BAUER DR","BURNSIDE DR",,"N/A","PEDESTRIAN","SINGLE VEHICLE","CLEAR","SNOW","DAYLIGHT","NO CONTROLS","NONE DETECTED","NONE DETECTED","83697246-4D6A-45E5-879A-83A6A13CFBE4","PEDESTRIAN","Walking/Riding w/Traffic","NO IMPROPER ACTIONS","SHOULDER","No","POSSIBLE INJURY","N/A","39.094385","-77.10942667","    (39.094385, -77.10942667)"
"MCP2693001B","16004084","Montgomery County Police","Injury Crash","01/24/2016 04:04:00 PM","County","BAUER DR","BURNSIDE DR",,"N/A","PEDESTRIAN","SINGLE VEHICLE","CLEAR","SNOW","DAYLIGHT","NO CONTROLS","NONE DETECTED","NONE DETECTED","58E7003A-C511-4120-B577-8D09C9E5CA69","PEDESTRIAN","Walking/Riding w/Traffic","NO IMPROPER ACTIONS","SHOULDER","No","POSSIBLE INJURY","N/A","39.094385","-77.10942667","    (39.094385, -77.10942667)"
"MCP2559000K","16004074","Montgomery County Police","Injury Crash","01/24/2016 12:48:00 PM","Municipality","FIRSTFIELD RD","QUINCE ORCHARD RD",,"N/A","PEDESTRIAN","OTHER","N/A","SNOW","DAYLIGHT","NO CONTROLS","NONE DETECTED","NONE DETECTED","8321D1E6-690F-4DCF-9818-71256CB78DBD","PEDESTRIAN","Other","DART DASH","ON ROADWAY NOT AT CROSSWALK","Yes","SUSPECTED MINOR INJURY","NONE","39.1453221","-77.2215499","    (39.1453221, -77.2215499)"
"MCP2160000C","16004056","Montgomery County Police","Injury Crash","01/23/2016 04:54:00 PM",,,,"PARKING LOT OF 24 MONTGOMERY VILLAGE AVE",,"PEDESTRIAN","SINGLE VEHICLE","BLOWING SNOW",,"DAYLIGHT","N/A","NONE DETECTED","NONE DETECTED","B9F679B9-108E-4191-82E2-6DDE72CCF9FE","PEDESTRIAN","Other","NOT VISIBLE","OTHER","No","POSSIBLE INJURY","N/A","39.15543936","-77.2082448","    (39.15543936, -77.2082448)"
"MCP2667002H","16003974","Montgomery County Police","Injury Crash","01/22/2016 11:40:00 AM",,,,"PARKING LOT OF 19294 MONTGOMERY VILLAGE AVE",,"PEDESTRIAN","SINGLE VEHICLE","CLOUDY",,"DAYLIGHT","N/A","UNKNOWN","NONE DETECTED","0A3573D1-5E2A-4918-A101-B62C3F4A837A","PEDESTRIAN","Other","NO IMPROPER ACTIONS","OTHER","No","SUSPECTED MINOR INJURY","NONE","39.1703","-77.19467667","    (39.1703, -77.19467667)"
"MCP27890026","16003701","Montgomery County Police","Injury Crash","01/20/2016 07:20:00 PM","Maryland (State)","GEORGIA AVE","AUGUST DR",,"N/A","PEDESTRIAN","SINGLE VEHICLE","SNOW","SNOW","DARK LIGHTS ON","NO CONTROLS","N/A","N/A","ECD282E3-9D31-4663-B0CF-88F845E4C89E","PEDESTRIAN","Walking/Cycling on Sidewalk","OTHER","OTHER","Yes","SUSPECTED MINOR INJURY","N/A","39.02171333","-77.04463","    (39.02171333, -77.04463)"
"MCP2728001Y","16003687","Montgomery County Police","Injury Crash","01/20/2016 06:21:00 PM","Maryland (State)","NEW HAMPSHIRE AVE","OAKVIEW DR",,"N/A","PEDESTRIAN","OTHER","CLEAR","DRY","DARK LIGHTS ON","TRAFFIC SIGNAL","NONE DETECTED","NONE DETECTED","60FDA365-807F-4FD4-B160-0FDAA730D4F7","PEDESTRIAN","Cross/Enter at Intersection","NO IMPROPER ACTIONS","ON ROADWAY AT CROSSWALK","No","POSSIBLE INJURY","NONE","39.015665","-76.977605","    (39.015665, -76.977605)"
"MCP2934001B","16003635","Montgomery County Police","Injury Crash","01/20/2016 02:41:00 PM",,,,"PARKING LOT IN FRONT OF THE GLEN ECHO PHARMACY LOCATED AT 7309 MACARTHUR BLVD. BETHESDA, MD 20816",,"PEDESTRIAN","OTHER","CLOUDY",,"DAYLIGHT","NO CONTROLS","NONE DETECTED","NONE DETECTED","F985BF29-BA16-4694-A84E-B12F78FC962C","PEDESTRIAN","Standing","N/A","OTHER","No","POSSIBLE INJURY","N/A","38.9693442","-77.13890433","    (38.9693442, -77.13890433)"
"EJ78260011","16003432","Gaithersburg Police Depar","Injury Crash","01/19/2016 12:48:00 PM","Maryland (State)","S FREDERICK RD","S SUMMIT AVE",,"GAITHERSBURG","PEDESTRIAN","OTHER","CLEAR","DRY","DAYLIGHT","TRAFFIC SIGNAL","N/A","N/A","785AB589-44BA-4434-ACB2-2779F19FAFBB","PEDESTRIAN","Walking to/from school","DART DASH","ON ROADWAY AT CROSSWALK","Yes","SUSPECTED MINOR INJURY","N/A","39.137645","-77.19422833","    (39.137645, -77.19422833)"
"MCP2713000L","16002857","Montgomery County Police","Injury Crash","01/15/2016 11:04:00 PM","County","PRICE AVE","GEORGIA AVE",,"N/A","PEDESTRIAN","STRAIGHT MOVEMENT ANGLE","RAINING","WET","DARK LIGHTS ON","NO CONTROLS","UNKNOWN","N/A","A58D74A3-7836-4D8A-B09C-C1FFA6ACA8B6","PEDESTRIAN","Cross/Enter at Intersection","NO IMPROPER ACTIONS","ON ROADWAY AT CROSSWALK","No","SUSPECTED MINOR INJURY","NONE","39.04012589","-77.0512189","    (39.04012589, -77.0512189)"
"MCP2984000C","16002920","Montgomery County Police","Injury Crash","01/15/2016 09:15:00 PM",,,,"PARKING LOT IN FRONT OF 10106 LITTLE POND PLACE, GAITHERSBURG, MD, 20886",,"PEDESTRIAN","OTHER","RAINING",,"DARK LIGHTS ON","N/A","UNKNOWN","NONE DETECTED","FACB24ED-2EB1-419A-A0FB-6C5DF6FD4A33","PEDESTRIAN","Getting off/on Vehicle","ENTERING EXITING PARKED STANDING VEHICLE","OTHER","No","SUSPECTED MINOR INJURY","N/A","39.16689333","-77.20801167","    (39.16689333, -77.20801167)"
"MCP2790000V","16002885","Montgomery County Police","Injury Crash","01/15/2016 08:40:00 PM","County","GERMANTOWN RD","SHAKESPEARE BLVD",,"N/A","PEDESTRIAN","SINGLE VEHICLE","RAINING","WET","DARK NO LIGHTS","N/A","NONE DETECTED","NONE DETECTED","721001E5-A29D-42ED-A78A-15D03E5DE345","PEDESTRIAN","Cross/Enter at Intersection","NO IMPROPER ACTIONS","AT INTERSECTION MARKED CROSSWALK","No","SUSPECTED MINOR INJURY","NONE","39.183875","-77.26271833","    (39.183875, -77.26271833)"
"MCP27890024","16002818","Montgomery County Police","Injury Crash","01/15/2016 04:00:00 PM","County","MANCHESTER RD","E WAYNE AVE",,"N/A","PEDESTRIAN","SINGLE VEHICLE","CLEAR","DRY","DAYLIGHT","NO CONTROLS","N/A","N/A","50389101-ED99-4016-AC5C-34A12326FC6E","PEDESTRIAN","Walking/Riding w/Traffic","IN ROADWAY IMPROPERLY","OUTSIDE RIGHT OF WAY","Yes","SUSPECTED MINOR INJURY","N/A","39.00258167","-77.01118333","    (39.00258167, -77.01118333)"
"MCP12130019","16002825","Montgomery County Police","Injury Crash","01/15/2016 03:15:00 PM","County","RANDOLPH RD","HEURICH RD",,"N/A","PEDESTRIAN","STRAIGHT MOVEMENT ANGLE","CLEAR","DRY","DAYLIGHT","NO CONTROLS","UNKNOWN","NONE DETECTED","6D0FB5A6-09E6-4A13-9187-001F2770AEAB","PEDESTRIAN","Cross/Enter at Intersection","NO IMPROPER ACTIONS","ON ROADWAY AT CROSSWALK","No","SUSPECTED MINOR INJURY","NONE","39.062695","-77.04191833","    (39.062695, -77.04191833)"
"MCP2512001P","16002674","Montgomery County Police","Injury Crash","01/14/2016 07:30:00 PM","County","DIAMONDBACK DR","DECOVERLY DR",,"N/A","PEDESTRIAN","STRAIGHT MOVEMENT ANGLE","CLEAR","DRY","DARK LIGHTS ON","NO CONTROLS","NONE DETECTED","NONE DETECTED","3F5CD53C-89DB-4308-BE4C-8F57483246CD","PEDESTRIAN","Cross/Enter not at Intersection","INATTENTIVE","ON ROADWAY AT CROSSWALK","Yes","SUSPECTED MINOR INJURY","N/A","39.10961716","-77.20786929","    (39.10961716, -77.20786929)"
"DM8439000Y","16002555","Takoma Park Police Depart","Injury Crash","01/14/2016 12:13:00 PM",,,,"7551 NEW HAMPSHIRE AVE CAR WASH PARKING LOT",,"PEDESTRIAN","SAME DIR REAR END","CLEAR",,"DAYLIGHT","N/A","N/A","N/A","02CA4CED-3EF0-44B8-B49F-B1E5E51D9F4D","PEDESTRIAN","Standing","OTHER","OTHER","No","SUSPECTED MINOR INJURY","N/A","38.98579833","-76.987405","    (38.98579833, -76.987405)"
"MCP2353002C","16002499","Montgomery County Police","Injury Crash","01/14/2016 07:51:00 AM","County","FAIRFAX RD","EDGEMOOR LA",,"N/A","PEDESTRIAN","SINGLE VEHICLE","CLOUDY","DRY","DAYLIGHT","NO CONTROLS","NONE DETECTED","NONE DETECTED","5680BEB2-B24B-4D5F-97C6-CE05277490D0","PEDESTRIAN","Cross/Enter not at Intersection","DART DASH","OTHER","Yes","POSSIBLE INJURY","NONE","38.98270808","-77.10523188","    (38.98270808, -77.10523188)"
"MCP26670029","16002334","Montgomery County Police","Injury Crash","01/13/2016 11:48:00 AM","County","STEDWICK RD","MILLS CHOICE RD",,"N/A","PEDESTRIAN","SINGLE VEHICLE","CLEAR","DRY","DAYLIGHT","NO CONTROLS","NONE DETECTED","NONE DETECTED","0B086969-55D7-46E0-8C28-F0F3C0A15B01","PEDESTRIAN","Cross/Enter at Intersection","IN ROADWAY IMPROPERLY","ON ROADWAY NOT AT CROSSWALK","Yes","SUSPECTED MINOR INJURY","NONE","39.17031333","-77.20730667","    (39.17031333, -77.20730667)"
"MCP13660042","16002287","Montgomery County Police","Injury Crash","01/13/2016 06:55:00 AM","Maryland (State)","ROCKVILLE PIKE","HALPINE RD",,"ROCKVILLE","PEDESTRIAN","SINGLE VEHICLE","CLEAR","DRY","DARK LIGHTS ON","TRAFFIC SIGNAL","NONE DETECTED","NONE DETECTED","ED457798-7874-4AF6-8C2F-75EC13A2855E","PEDESTRIAN","Cross/Enter at Intersection","NO IMPROPER ACTIONS","AT INTERSECTION MARKED CROSSWALK","No","SUSPECTED SERIOUS INJURY","N/A","39.06215333","-77.12398333","    (39.06215333, -77.12398333)"
"MCP30040009","16002262","Montgomery County Police","Injury Crash","01/12/2016 10:20:00 PM",,,,"THE EXIT OF THE PARKING GARAGE ON WOODGLEN DRIVE",,"BICYCLIST","OTHER","CLEAR",,"DARK -- UNKNOWN LIGHTING","N/A","NONE DETECTED","UNKNOWN","CE89B5DD-EA02-477A-BB72-66E117D8BED9","BICYCLIST","Walking/Cycling on Sidewalk","NOT VISIBLE","SIDEWALK","Yes","SUSPECTED MINOR INJURY","UNKNOWN","39.04197687","-77.11324498","    (39.04197687, -77.11324498)"
"MCP25040014","16002218","Montgomery County Police","Injury Crash","01/12/2016 05:54:00 PM","Municipality","WOOTTON PKWY","FALLS RD",,"N/A","BICYCLIST","STRAIGHT MOVEMENT ANGLE","CLOUDY","DRY","DARK LIGHTS ON","TRAFFIC SIGNAL","UNKNOWN","NONE DETECTED","FF3355DF-9471-4372-A307-6645630E4FA6","BICYCLIST","Walking/Riding w/Traffic","NO IMPROPER ACTIONS","ON ROADWAY NOT AT CROSSWALK","No","SUSPECTED MINOR INJURY","MC/BIKE HELMET","39.069745","-77.17039167","    (39.069745, -77.17039167)"
"MCP28860016","16002214","Montgomery County Police","Injury Crash","01/12/2016 05:36:00 PM","Maryland (State)","GEORGIA AVE","ENT TO APTS",,"N/A","PEDESTRIAN","SINGLE VEHICLE","CLOUDY","N/A","DARK NO LIGHTS","NO CONTROLS","NONE DETECTED","NONE DETECTED","A9C80955-0B94-42BB-88E2-406EDC20B00F","PEDESTRIAN","Cross/Enter at Intersection","DART DASH","ON ROADWAY NOT AT CROSSWALK","Yes","POSSIBLE INJURY","NONE","39.08771167","-77.07945667","    (39.08771167, -77.07945667)"
"MCP2914002D","16002013","Montgomery County Police","Injury Crash","01/11/2016 07:43:00 PM","Maryland (State)","NEW HAMPSHIRE AVE","OAKVIEW DR",,"N/A","PEDESTRIAN","OTHER","CLEAR","N/A","DARK LIGHTS ON","TRAFFIC SIGNAL","N/A","N/A","4F771404-E990-4F1C-9F4C-6263A51035C3","PEDESTRIAN","Cross/Enter at Intersection","NO IMPROPER ACTIONS","AT INTERSECTION MARKED CROSSWALK","No","SUSPECTED MINOR INJURY","NONE","39.01540339","-76.97794229","    (39.01540339, -76.97794229)"
"MCP2892001G","16001993","Montgomery County Police","Injury Crash","01/11/2016 05:15:00 PM",,,,"BANK OF AMERICA PARKING LOT",,"PEDESTRIAN","OTHER","CLEAR",,"N/A","NO CONTROLS","NONE DETECTED","NONE DETECTED","3EAC3D47-6C6A-4FA8-B1EA-EA37D1D368E6","PEDESTRIAN","Walking/Cycling on Sidewalk","NO IMPROPER ACTIONS","SIDEWALK","No","POSSIBLE INJURY","NONE","39.04118524","-77.05333516","    (39.04118524, -77.05333516)"
"MCP10480015","16001954","Montgomery County Police","Injury Crash","01/11/2016 03:20:00 PM","County","SHADY GROVE RD","GAITHER RD",,"ROCKVILLE","PEDESTRIAN","SINGLE VEHICLE","CLEAR","DRY","DAYLIGHT","TRAFFIC SIGNAL","NONE DETECTED","NONE DETECTED","AE31FB1B-2200-4977-BE05-546F0AF4FDE6","PEDESTRIAN","Cross/Enter at Intersection","NO IMPROPER ACTIONS","AT INTERSECTION MARKED CROSSWALK","No","POSSIBLE INJURY","N/A","39.11768833","-77.18371","    (39.11768833, -77.18371)"
"MCP24250064","16001880","Montgomery County Police","Injury Crash","01/11/2016 09:15:00 AM","County","CHERRY HILL RD","CALVERTON BLVD",,"N/A","PEDESTRIAN","OTHER","CLEAR","DRY","DAYLIGHT","TRAFFIC SIGNAL","NONE DETECTED","NONE DETECTED","5962B4CF-6E5E-4B01-82CD-678AB3297C8B","PEDESTRIAN","Cross/Enter at Intersection","DART DASH","AT INTERSECTION MARKED CROSSWALK","Unknown","SUSPECTED MINOR INJURY","NONE","39.05605333","-76.95397167","    (39.05605333, -76.95397167)"
"MCP9106000R","16001755","Montgomery County Police","Injury Crash","01/10/2016 12:06:00 PM",,,,"PARKING LOT OF 20902 FREDERICK RD",,"PEDESTRIAN","SINGLE VEHICLE","RAINING",,"DAYLIGHT","N/A","NONE DETECTED","NONE DETECTED","B09F8ED8-673D-4872-BBE9-71FE7DB87B71","PEDESTRIAN","Other","NO IMPROPER ACTIONS","OTHER","No","NO APPARENT INJURY","N/A","39.199015","-77.24625833","    (39.199015, -77.24625833)"
"MCP9106000R","16001755","Montgomery County Police","Injury Crash","01/10/2016 12:06:00 PM",,,,"PARKING LOT OF 20902 FREDERICK RD",,"PEDESTRIAN","SINGLE VEHICLE","RAINING",,"DAYLIGHT","N/A","NONE DETECTED","NONE DETECTED","0B57A94E-021C-4AD1-9943-DF1F47638315","PEDESTRIAN","Other","NO IMPROPER ACTIONS","OTHER","No","POSSIBLE INJURY","N/A","39.199015","-77.24625833","    (39.199015, -77.24625833)"
"MCP3007000F","16001665","Montgomery County Police","Injury Crash","01/09/2016 06:36:00 PM","County","RANDOLPH RD","BUSHEY DR",,"N/A","PEDESTRIAN","OTHER","N/A","DRY","DARK LIGHTS ON","NO CONTROLS","NONE DETECTED","NONE DETECTED","1EF94930-69BC-4038-8466-684A27FFC987","PEDESTRIAN","Cross/Enter at Intersection","NO IMPROPER ACTIONS","ON ROADWAY AT CROSSWALK","No","SUSPECTED MINOR INJURY","NONE","39.05737235","-77.07796454","    (39.05737235, -77.07796454)"
"MCP2966001F","16001609","Montgomery County Police","Injury Crash","01/09/2016 01:28:00 PM",,,,"CVS/KOREAN KORNER PARKING LOT-VEIRS MILL RD/RANDOLPH RD",,"PEDESTRIAN","OTHER","RAINING",,"DAYLIGHT","NO CONTROLS","NONE DETECTED","ALCOHOL CONTRIBUTED","1965E660-0C42-43E5-BF58-D8E80FD60ACE","PEDESTRIAN","Other","INATTENTIVE","OTHER","No","SUSPECTED MINOR INJURY","NONE","39.05744","-77.08330333","    (39.05744, -77.08330333)"
"MCP2810000K","16001457","Montgomery County Police","Injury Crash","01/08/2016 06:34:00 PM",,,,"PARKING LOT OF 9649 LOST KNIFE RD ,MCG",,"PEDESTRIAN","OTHER","RAINING",,"DARK LIGHTS ON","N/A","UNKNOWN","N/A","F5EC6FD5-C64A-4A40-AB11-54A59AF25265","PEDESTRIAN","Other","NO IMPROPER ACTIONS","OTHER","No","SUSPECTED MINOR INJURY","N/A","39.15383368","-77.19800279","    (39.15383368, -77.19800279)"
"MCP2394001V","16001446","Montgomery County Police","Injury Crash","01/08/2016 06:02:00 PM","Municipality","MARYLAND AVE","E MONTGOMERY AVE AT COURTHOUSE SQ",,"ROCKVILLE","PEDESTRIAN","OTHER","RAINING","WET","DARK LIGHTS ON","STOP SIGN","NONE DETECTED","NONE DETECTED","6EDEA387-E028-4B32-809D-867F6DBC586B","PEDESTRIAN","Cross/Enter at Intersection","NOT VISIBLE","UNKNOWN","Yes","POSSIBLE INJURY","NONE","39.08402667","-77.15109667","    (39.08402667, -77.15109667)"
"MCP29310011","16001442","Montgomery County Police","Injury Crash","01/08/2016 05:45:00 PM","Municipality","ATLANTIC AVE","VEIRS MILL RD",,"N/A","PEDESTRIAN","OTHER","RAINING","WET","DARK NO LIGHTS","TRAFFIC SIGNAL","N/A","N/A","1FC41B48-E393-49D9-9DC9-E12D012DE1B4","PEDESTRIAN","Cross/Enter at Intersection","NO IMPROPER ACTIONS","AT INTERSECTION MARKED CROSSWALK","No","SUSPECTED MINOR INJURY","NONE","39.07458167","-77.11539833","    (39.07458167, -77.11539833)"