"Report Number","Local Case Number","Agency Name","ACRS Report Type","Crash Date/Time","Route Type","Road Name","Cross-Street Name","Off-Road Description","Municipality","Related Non-Motorist","Collision Type","Weather","Surface Condition","Light","Traffic Control","Driver Substance Abuse","Non-Motorist Substance Abuse","Person ID","Pedestrian Type","Pedestrian Movement","Pedestrian Actions","Pedestrian Location","At Fault","Injury Severity","Safety Equipment","Latitude","Longitude","Location"
"MCP1616002K","15051176","MONTGOMERY","Injury Crash","10/09/2015 07:39:00 AM","Maryland (State)","ROCKVILLE PIKE","LOCUST HILL RD",,"N/A","BICYCLIST","SAME DIR REAR END","CLOUDY","WET","DUSK","NO CONTROLS","NONE DETECTED","NONE DETECTED","00CC188C-BC90-4458-959A-E2571AA2D729","BICYCLIST","Walking/Riding w/Traffic","NO IMPROPER ACTIONS","ON ROADWAY NOT AT CROSSWALK","No","POSSIBLE INJURY","MC/BIKE HELMET","39.00999167","-77.09724333","    (39.00999167, -77.09724333)"
"MCP11280043","15051173","MONTGOMERY","Injury Crash","10/09/2015 07:28:00 AM","Maryland (State)","WISCONSIN AVE","ELM ST",,"N/A","BICYCLIST","OTHER","CLOUDY","WET","DAWN","TRAFFIC SIGNAL","NONE DETECTED","NONE DETECTED","04EABA0B-B9A8-4C7C-ADA9-737ABF0E747F","BICYCLIST","Cross/Enter at Intersection","NO IMPROPER ACTIONS","ON ROADWAY AT CROSSWALK","No","SUSPECTED MINOR INJURY","NONE","38.98281167","-77.09328167","    (38.98281167, -77.09328167)"
"MCP2353001M","15051167","MONTGOMERY","Injury Crash","10/09/2015 07:02:00 AM","Maryland (State)","EAST WEST HWY","GRUBB RD",,"N/A","PEDESTRIAN","SINGLE VEHICLE","RAINING","WET","DARK NO LIGHTS","TRAFFIC SIGNAL","NONE DETECTED","NONE DETECTED","75A1726C-10A2-4153-A38B-878D60AA0C68","PEDESTRIAN","Cross/Enter at Intersection","NO IMPROPER ACTIONS","AT INTERSECTION MARKED CROSSWALK","No","POSSIBLE INJURY","NONE","38.98339833","-77.09288333","    (38.98339833, -77.09288333)"
"MCP22430006","15051085","MONTGOMERY","Injury Crash","10/08/2015 06:37:00 PM","County","KENNEBEC AVE","FLOWER AVE",,"N/A","PEDESTRIAN","OTHER","CLEAR","DRY","DAWN","STOP SIGN","UNKNOWN","NONE DETECTED","7DEC106D-64A3-4D5A-95AE-2CF5CBA2D7F8","PEDESTRIAN","Cross/Enter at Intersection","NO IMPROPER ACTIONS","ON ROADWAY AT CROSSWALK","No","POSSIBLE INJURY","N/A","38.9896111","-77.00151086","    (38.9896111, -77.00151086)"
"MCP2764000V","15051049","MONTGOMERY","Injury Crash","10/08/2015 04:11:00 PM","Maryland (State)","VEIRS MILL RD","CONNECTICUT AVE",,"N/A","PEDESTRIAN","OTHER","CLEAR","DRY","DAYLIGHT","TRAFFIC SIGNAL","NONE DETECTED","NONE DETECTED","6606008F-EDA3-4AFA-BC98-687673EA242A","PEDESTRIAN","Cross/Enter at Intersection","DART DASH","ON ROADWAY AT CROSSWALK","No","POSSIBLE INJURY","NONE","39.05165333","-77.07509","    (39.05165333, -77.07509)"
"MCP29770011","15051007","MONTGOMERY","Injury Crash","10/08/2015 11:59:00 AM","Maryland (State)","PINEY BRANCH RD","SLIGO CREEK PKWY",,"N/A","BICYCLIST","OTHER","CLEAR","DRY","DAYLIGHT","TRAFFIC SIGNAL","N/A","N/A","956A92B1-AAED-4231-AE93-146A15ED5731","BICYCLIST","Cross/Enter at Intersection","N/A","ON ROADWAY AT CROSSWALK","No","POSSIBLE INJURY","MC/BIKE HELMET","38.99583596","-77.00596333","    (38.99583596, -77.00596333)"
"MCP1048000Z","15050991","MONTGOMERY","Injury Crash","10/08/2015 10:30:00 AM","County","E GUDE DR","CRABBS BRANCH WAY",,"N/A","OTHER","SAME DIR REAR END","CLEAR","DRY","DAYLIGHT","OTHER","N/A","N/A","96A8B40E-E918-4F95-AD35-52297F912725","OTHER","Other Working","NO IMPROPER ACTIONS","INSIDE BUILDING","No","POSSIBLE INJURY","N/A","39.10644667","-77.14993167","    (39.10644667, -77.14993167)"
"DD5594001C","15050873","ROCKVILLE","Injury Crash","10/07/2015 05:07:00 PM","Municipality","FOREST AVE","HARRISON ST",,"ROCKVILLE","BICYCLIST","OTHER","CLEAR","DRY","DAYLIGHT","NO CONTROLS","N/A","N/A","79DC17E3-F763-4BAB-9E5A-B547D91CE0E1","BICYCLIST","Cross/Enter not at Intersection","FAILURE TO YIELD RIGHT OF WAY","ON ROADWAY NOT AT CROSSWALK","Yes","POSSIBLE INJURY","MC/BIKE HELMET","39.08396833","-77.15315667","    (39.08396833, -77.15315667)"
"MCP20080017","15050637","MONTGOMERY","Injury Crash","10/06/2015 03:04:00 PM",,,,"Parking lot of 12310 Academy Way",,"PEDESTRIAN","OTHER","CLEAR",,"DAYLIGHT","N/A","NONE DETECTED","NONE DETECTED","DD958D9F-8868-44C7-AADA-99F78AAD07D9","PEDESTRIAN","Other","DART DASH","OTHER","Yes","POSSIBLE INJURY","N/A","39.05797167","-77.107875","    (39.05797167, -77.107875)"
"MCP2077000W","15050562","MONTGOMERY","Injury Crash","10/06/2015 08:34:00 AM","Maryland (State)","OLNEY LAYTONSVILLE RD","QUEEN ELIZABETH DR",,"N/A","BICYCLIST","HEAD ON LEFT TURN","CLEAR","DRY","DAYLIGHT","TRAFFIC SIGNAL","NONE DETECTED","NONE DETECTED","8E135C01-2B83-461D-9D93-16C2D42BF3D0","BICYCLIST","Walking/Riding w/Traffic","NO IMPROPER ACTIONS","SHOULDER","No","POSSIBLE INJURY","MC/BIKE HELMET","39.15974167","-77.07721167","    (39.15974167, -77.07721167)"
"MCP10220036","15050564","MONTGOMERY","Injury Crash","10/06/2015 07:30:00 AM","Maryland (State)","GREAT SENECA HWY","WISTERIA DR",,"N/A","BICYCLIST","SINGLE VEHICLE","N/A","DRY","DAYLIGHT","TRAFFIC SIGNAL",,"NONE DETECTED","D0FB7959-855C-4F89-970D-7EAD2438051D","BICYCLIST","Cross/Enter at Intersection","NO IMPROPER ACTIONS","ON ROADWAY AT CROSSWALK","No","SUSPECTED MINOR INJURY","MC/BIKE HELMET","39.17105338","-77.26269364","    (39.17105338, -77.26269364)"
"MCP26670017","15050547","MONTGOMERY","Injury Crash","10/06/2015 07:24:00 AM","County","WASHINGTON GROVE LA","FLOWER HILL WAY",,"N/A","PEDESTRIAN","SINGLE VEHICLE","CLEAR","DRY","DAYLIGHT","NO CONTROLS","NONE DETECTED","NONE DETECTED","CA4E4198-32AC-43F4-BD16-466469A3F174","PEDESTRIAN","Cross/Enter not at Intersection","IN ROADWAY IMPROPERLY","ON ROADWAY NOT AT CROSSWALK","Yes","SUSPECTED MINOR INJURY","NONE","39.15103","-77.16846667","    (39.15103, -77.16846667)"
"MCP9424000H","15050537","MONTGOMERY","Injury Crash","10/06/2015 04:45:00 AM","Maryland (State)","WOODFIELD RD","CHURCHILL DOWNS RD",,"N/A","PEDESTRIAN","SAME DIR REAR END","CLEAR","DRY","DARK LIGHTS ON","N/A","NONE DETECTED","NONE DETECTED","AC96F3E9-E134-42EE-BBA8-2CF7B0725088","PEDESTRIAN","Walking/Riding w/Traffic","NOT VISIBLE","ON ROADWAY NOT AT CROSSWALK","No","POSSIBLE INJURY","N/A","39.21696333","-77.17322","    (39.21696333, -77.17322)"
"MCP9133000F","15050126","MONTGOMERY","Injury Crash","10/03/2015 01:13:00 PM",,,,"Parking Lot of 20510 Frederick Rd",,"PEDESTRIAN","SINGLE VEHICLE","CLEAR",,"DAYLIGHT","N/A","NONE DETECTED","NONE DETECTED","BC2E8A54-C863-4F62-885A-88C02352AA63","PEDESTRIAN","Standing","NO IMPROPER ACTIONS","OTHER","No","SUSPECTED MINOR INJURY","NONE","39.19242167","-77.24277333","    (39.19242167, -77.24277333)"
"MCP2116002P","15049994","MONTGOMERY","Injury Crash","10/02/2015 04:53:00 PM","Other Public Roadway","CORK TREE LA","ELMCROFT BLVD",,"N/A","BICYCLIST","STRAIGHT MOVEMENT ANGLE","RAINING","WET","DAYLIGHT","NO CONTROLS","NONE DETECTED","NONE DETECTED","5677284C-8A68-4D4B-8980-A5147FE7B3DD","BICYCLIST","Cross/Enter at Intersection","NO IMPROPER ACTIONS","SHOULDER","No","SUSPECTED MINOR INJURY","NONE","39.11311833","-77.16742667","    (39.11311833, -77.16742667)"
"MCP2094005G","15049899","MONTGOMERY","Injury Crash","10/02/2015 07:58:00 AM","Maryland (State)","ROCKVILLE PIKE","STRATHMORE AVE",,"N/A","PEDESTRIAN","OTHER","RAINING","WET","DARK LIGHTS ON","TRAFFIC SIGNAL","NONE DETECTED","NONE DETECTED","59610ACD-8FE1-447E-8851-C653CE887A34","PEDESTRIAN","Cross/Enter at Intersection","NO IMPROPER ACTIONS","ON ROADWAY AT CROSSWALK","No","POSSIBLE INJURY","NONE","39.03480667","-77.10679","    (39.03480667, -77.10679)"
"MCP1366003K","15049897","MONTGOMERY","Injury Crash","10/02/2015 06:48:00 AM",,,,"16651 CRABBS BRANCH WAY
ROCKVILLE, MD 20855",,"PEDESTRIAN","SINGLE VEHICLE","RAINING",,"DARK LIGHTS ON","N/A","NONE DETECTED","NONE DETECTED","D67C1E32-38CD-46B8-8C95-A55668CFB12E","PEDESTRIAN","Other","NO IMPROPER ACTIONS","OTHER","No","POSSIBLE INJURY","NONE","39.126565","-77.16912667","    (39.126565, -77.16912667)"
"MCP2789001J","15049793","MONTGOMERY","Injury Crash","10/01/2015 04:12:00 PM","County","PATTON DR","MILES ST",,"N/A","PEDESTRIAN","SINGLE VEHICLE","RAINING","WET","DAYLIGHT","NO CONTROLS","N/A","N/A","0971972B-D3AA-4FD3-B5E9-66EC27A8FA6C","PEDESTRIAN","Walking/Riding w/Traffic","NO IMPROPER ACTIONS","OTHER","No","SUSPECTED MINOR INJURY","N/A","39.00267333","-76.995375","    (39.00267333, -76.995375)"
"MCP2875001B","15049628","MONTGOMERY","Injury Crash","09/30/2015 09:23:00 PM","Maryland (State)","GREAT SENECA HWY","CLOPPER RD",,"N/A","PEDESTRIAN","N/A","CLEAR","DRY","DARK LIGHTS ON","TRAFFIC SIGNAL","NONE DETECTED","NONE DETECTED","4AA2C102-88BB-42CE-A0DE-5627890453CE","PEDESTRIAN","Cross/Enter at Intersection","NO IMPROPER ACTIONS","AT INTERSECTION MARKED CROSSWALK","No","SUSPECTED MINOR INJURY","NONE","39.15913167","-77.27525167","    (39.15913167, -77.27525167)"
"EJ7851000Z","15049380","GAITHERSBURG","Property Damage Crash","09/29/2015 12:22:00 PM","Municipality","TREWORTHY RD","DARNESTOWN RD",,"N/A","OTHER","OTHER","CLOUDY","N/A","DAYLIGHT","NO CONTROLS",,"NONE DETECTED","FBCDC999-810D-4EC2-8B13-9F1392D9F69D","OTHER","N/A","N/A","N/A","No","NO APPARENT INJURY","N/A","39.10428067","-77.22552896","    (39.10428067, -77.22552896)"
"MCP1378007T","15049147","MONTGOMERY","Injury Crash","09/28/2015 12:22:00 PM","County","S WESTLAND DR","FREDERICK RD",,"N/A","PEDESTRIAN","SINGLE VEHICLE","CLOUDY","DRY","DAYLIGHT","TRAFFIC SIGNAL","NONE DETECTED","NONE DETECTED","7B9B6D74-600E-4FB6-A812-D1C9295FAACF","PEDESTRIAN","Cross/Enter at Intersection","NO IMPROPER ACTIONS","ON ROADWAY AT CROSSWALK","No","SUSPECTED SERIOUS INJURY","N/A","39.12589833","-77.18296","    (39.12589833, -77.18296)"
"MCP2472001G","15049116","MONTGOMERY","Injury Crash","09/28/2015 09:05:00 AM",,,,"In parking lot of 1580 Rockville Pike",,"PEDESTRIAN","SINGLE VEHICLE","CLOUDY",,"DAYLIGHT","N/A","NONE DETECTED","NONE DETECTED","ABCB0453-FD4F-4429-8873-B031BD3DCE58","PEDESTRIAN","Other","NO IMPROPER ACTIONS","OTHER","No","SUSPECTED MINOR INJURY","NONE","39.00172167","-77.109705","    (39.00172167, -77.109705)"
"DM8450000C","15049110","TAKOMA","Property Damage Crash","09/28/2015 08:57:00 AM","Municipality","MAPLE AVE","LEE AVE",,"TAKOMA PARK","BICYCLIST, PEDESTRIAN","OTHER","CLOUDY","DRY","DAYLIGHT","SCHOOL ZONE SIGN DEVICE",,"NONE DETECTED","93AE9100-BABB-4D4D-A203-609338F919B6","BICYCLIST","Walking/Riding w/Traffic","FAILURE TO YIELD RIGHT OF WAY","AT INTERSECTION MARKED CROSSWALK","Yes","NO APPARENT INJURY","NONE","38.979885","-77.007915","    (38.979885, -77.007915)"
"DM8450000C","15049110","TAKOMA","Property Damage Crash","09/28/2015 08:57:00 AM","Municipality","MAPLE AVE","LEE AVE",,"TAKOMA PARK","BICYCLIST, PEDESTRIAN","OTHER","CLOUDY","DRY","DAYLIGHT","SCHOOL ZONE SIGN DEVICE",,"NONE DETECTED","1CB2D94E-FD34-4663-B1C1-326D5DCBFD25","PEDESTRIAN","Walking to/from school","NO IMPROPER ACTIONS","AT INTERSECTION MARKED CROSSWALK","No","NO APPARENT INJURY","N/A","38.979885","-77.007915","    (38.979885, -77.007915)"
"MCP2962000J","15048948","MONTGOMERY","Injury Crash","09/26/2015 11:41:00 PM","Maryland (State)","CLOPPER RD","GREAT SENECA HWY",,"N/A","PEDESTRIAN","OTHER","CLOUDY","DRY","DARK LIGHTS ON","TRAFFIC SIGNAL","NONE DETECTED","NONE DETECTED","A98CC98F-DA33-48BF-8CDA-E04D4AB159E8","PEDESTRIAN","Cross/Enter at Intersection","FAILURE TO OBEY TRAFFIC SIGNS SIGNALS OR OFFICER","AT INTERSECTION MARKED CROSSWALK","Yes","SUSPECTED SERIOUS INJURY","N/A","39.15917","-77.27534333","    (39.15917, -77.27534333)"
"MCP2671000V","15048904","MONTGOMERY","Injury Crash","09/26/2015 05:40:00 PM",,,,"8619-A 16TH STREET 7-11 PARKING LOT",,"PEDESTRIAN","SINGLE VEHICLE","CLEAR",,"DAYLIGHT","NO CONTROLS","NONE DETECTED","NONE DETECTED","4C051813-6061-4ED2-88FB-D93EE371FAE7","PEDESTRIAN","Other","NO IMPROPER ACTIONS","OTHER","No","SUSPECTED MINOR INJURY","NONE","38.99818942","-77.03803718","    (38.99818942, -77.03803718)"
"DM8450000B","15048876","TAKOMA","Property Damage Crash","09/26/2015 03:05:00 PM",,,,"Parking lot/entrance of 7609 New Hampshire Avenue, Takoma Park, Montgomery County Maryland.",,"PEDESTRIAN","OTHER","CLOUDY",,"DAYLIGHT","NO CONTROLS","NONE DETECTED","NONE DETECTED","BB77807A-603E-4089-A6C5-3C8F171F70D7","PEDESTRIAN","Playing","DART DASH","OTHER","Yes","NO APPARENT INJURY","NONE","38.99138167","-76.99416167","    (38.99138167, -76.99416167)"
"MCP1378007R","15048667","MONTGOMERY","Property Damage Crash","09/25/2015 03:10:00 PM","County","CHEYENNE RD","APACHE LA",,"N/A","BICYCLIST","SINGLE VEHICLE","CLOUDY","DRY","DAYLIGHT","NO CONTROLS","NONE DETECTED","NONE DETECTED","3EB9D7BE-3842-4B65-AA36-6F9FE6C84F56","BICYCLIST","Walking/Riding w/Traffic","OTHER","ON ROADWAY NOT AT CROSSWALK","Yes","NO APPARENT INJURY","NONE","39.12601167","-77.24892667","    (39.12601167, -77.24892667)"
"MCP2879000W","15048521","MONTGOMERY","Injury Crash","09/24/2015 07:01:00 PM","County","DUFIEF MILL RD","AMBERLEA FARM DR",,"N/A","PEDESTRIAN","OTHER","CLEAR","UNKNOWN","DAYLIGHT","NO CONTROLS","UNKNOWN","NONE DETECTED","F6059E58-0E62-4823-A1E4-05C09873F343","PEDESTRIAN","Walking to/from school","UNKNOWN","UNKNOWN","No","POSSIBLE INJURY","NONE","39.08924309","-77.23572135","    (39.08924309, -77.23572135)"
"MCP2973000N","15048402","MONTGOMERY","Injury Crash","09/24/2015 09:55:00 AM",,,,"PARKING LOT OF WEST EXIT OF MCDONALDS AT 13701 CONNECTICUT AVENUE IN ASPEN HILL SHOPPING CENTER",,"PEDESTRIAN","STRAIGHT MOVEMENT ANGLE","CLEAR",,"DAYLIGHT","NO CONTROLS","NONE DETECTED","NONE DETECTED","F48F0E26-349C-4D42-8D15-2F2D81029446","PEDESTRIAN","Other","NO IMPROPER ACTIONS","OTHER","No","POSSIBLE INJURY","N/A","39.07869155","-77.08052069","    (39.07869155, -77.08052069)"
"MCP27170030","15048327","MONTGOMERY","Injury Crash","09/23/2015 07:37:00 PM","Maryland (State)","EAST WEST HWY","BROOKVILLE RD",,"N/A","BICYCLIST","OTHER","CLEAR","DRY","DARK NO LIGHTS","NO CONTROLS","NONE DETECTED","NONE DETECTED","0759C71A-CD01-4D79-B220-EC19BC6C8D85","BICYCLIST","Cross/Enter at Intersection","NO IMPROPER ACTIONS","SIDEWALK","No","SUSPECTED MINOR INJURY","MC/BIKE HELMET","38.99202106","-77.07198858","    (38.99202106, -77.07198858)"
"MCP2717002Z","15048298","MONTGOMERY","Injury Crash","09/23/2015 05:20:00 PM","County","JONES BRIDGE RD","JONES MILL RD",,"N/A","BICYCLIST","OTHER","CLEAR","DRY","DAYLIGHT","NO CONTROLS","NONE DETECTED","NONE DETECTED","DE9FF4FD-0C1E-4E0B-AF2C-B33241D30B78","BICYCLIST","Walking/Riding w/Traffic","NO IMPROPER ACTIONS","IN BIKEWAY","No","SUSPECTED MINOR INJURY","MC/BIKE HELMET","39.06598833","-77.159785","    (39.06598833, -77.159785)"
"MCP2941000S","15048258","MONTGOMERY","Injury Crash","09/23/2015 02:35:00 PM","County","WAYNE AVE","CEDAR ST",,"N/A","PEDESTRIAN","SINGLE VEHICLE","CLEAR","DRY","DAYLIGHT","TRAFFIC SIGNAL","NONE DETECTED","NONE DETECTED","077A1DB8-9589-4082-B8B0-16C570143C54","PEDESTRIAN","Cross/Enter at Intersection","NO IMPROPER ACTIONS","ON ROADWAY AT CROSSWALK","No","POSSIBLE INJURY","N/A","38.99711589","-77.02193856","    (38.99711589, -77.02193856)"
"MCP28510019","15048076","MONTGOMERY","Injury Crash","09/22/2015 06:44:00 PM","Maryland (State)","GERMANTOWN RD","AIRCRAFT DR",,"N/A","PEDESTRIAN","SINGLE VEHICLE","CLEAR","DRY","DAYLIGHT","TRAFFIC SIGNAL","NONE DETECTED","NONE DETECTED","8CD3880B-7884-49A3-A47D-665B594167C2","PEDESTRIAN","Cross/Enter at Intersection","FAILURE TO YIELD RIGHT OF WAY","ON ROADWAY AT CROSSWALK","Yes","SUSPECTED MINOR INJURY","N/A","39.18203333","-77.26057833","    (39.18203333, -77.26057833)"
"MCP2868001J","15047916","MONTGOMERY","Injury Crash","09/21/2015 08:51:00 PM","Maryland (State)","OLD GEORGETOWN RD","BEECH AVE",,"N/A","PEDESTRIAN","OTHER","RAINING","WET","DARK LIGHTS ON","NO CONTROLS","NONE DETECTED","NONE DETECTED","7378C447-6FB1-4E2B-B4C6-5A2A643CECD2","PEDESTRIAN","Cross/Enter not at Intersection","IN ROADWAY IMPROPERLY","OUTSIDE RIGHT OF WAY","Yes","POSSIBLE INJURY","NONE","39.009605","-77.11462167","    (39.009605, -77.11462167)"
"MCP2914001Q","15047862","MONTGOMERY","Property Damage Crash","09/21/2015 04:19:00 PM","Maryland (State)","UNIVERSITY BLVD E","RAMP 2 FR IS 495 WB TO MD 193 NB",,"N/A","BICYCLIST","OTHER","RAINING","WET","DAYLIGHT","TRAFFIC SIGNAL","N/A","N/A","79EC10A5-66F7-4791-832E-AAB756442C39","BICYCLIST","Cross/Enter at Intersection","NO IMPROPER ACTIONS","AT INTERSECTION MARKED CROSSWALK","No","NO APPARENT INJURY","MC/BIKE HELMET","39.015865","-77.005225","    (39.015865, -77.005225)"
"MCP29230010","15047518","MONTGOMERY","Injury Crash","09/19/2015 10:01:00 AM","County","ARCOLA AVE","KEMP MILL RD",,"N/A","BICYCLIST","OTHER","N/A","DRY","DAYLIGHT","NO CONTROLS",,"NONE DETECTED","434472ED-3291-4964-93A2-870D24C82D8C","BICYCLIST","Walking/Riding w/Traffic","NO IMPROPER ACTIONS","ON ROADWAY NOT AT CROSSWALK","No","POSSIBLE INJURY","MC/BIKE HELMET","39.04669419","-77.03098297","    (39.04669419, -77.03098297)"
"MCP28940016","15047513","MONTGOMERY","Injury Crash","09/19/2015 09:46:00 AM","County","EXECUTIVE BLVD","WOODGLEN DR",,"N/A","PEDESTRIAN","OTHER","CLEAR","DRY","DAYLIGHT","STOP SIGN","NONE DETECTED","NONE DETECTED","424CDFFC-C0EE-46CE-ABF3-178E22B58A82","PEDESTRIAN","Cross/Enter at Intersection","NO IMPROPER ACTIONS","ON ROADWAY AT CROSSWALK","No","POSSIBLE INJURY","N/A","39.0433195","-77.11347163","    (39.0433195, -77.11347163)"
"MCP29760012","15047401","MONTGOMERY","Injury Crash","09/18/2015 05:49:00 PM","County","FENTON ST","CAMERON ST",,"N/A","PEDESTRIAN","OTHER","CLEAR","DRY","DAYLIGHT","TRAFFIC SIGNAL","NONE DETECTED","NONE DETECTED","D3E852AB-7614-4D38-AFAB-AC610F23AF6E","PEDESTRIAN","Cross/Enter at Intersection","NO IMPROPER ACTIONS","ON ROADWAY AT CROSSWALK","No","POSSIBLE INJURY","NONE","38.99829156","-77.02872992","    (38.99829156, -77.02872992)"
"MCP25630007","15047402","MONTGOMERY","Injury Crash","09/18/2015 02:47:00 PM","Maryland (State)","UNIVERSITY BLVD E","LANGLEY DR",,"N/A","PEDESTRIAN","SINGLE VEHICLE","CLEAR","DRY","DAYLIGHT","NO CONTROLS","NONE DETECTED","UNKNOWN","EF04ADEA-69A3-4B2E-934D-67AD32738F1A","PEDESTRIAN","Cross/Enter not at Intersection","UNKNOWN","ON ROADWAY NOT AT CROSSWALK","Unknown","SUSPECTED SERIOUS INJURY","NONE","39.00139743","-76.99550807","    (39.00139743, -76.99550807)"
"DD5595001M","15047799","ROCKVILLE","Injury Crash","09/18/2015 08:45:00 AM",,,,"Parking lot # 5 located at 51 Mannakee St.

the Montogmery County Community College",,"PEDESTRIAN","OTHER","UNKNOWN",,"DAYLIGHT","NO CONTROLS","N/A","N/A","F94C8CBB-7805-4B2C-945F-61805539B685","PEDESTRIAN","Other","NO IMPROPER ACTIONS","OTHER","No","SUSPECTED MINOR INJURY","N/A","39.10054767","-77.15906283","    (39.10054767, -77.15906283)"
"MCP22540009","15047275","MONTGOMERY","Injury Crash","09/18/2015 07:52:00 AM","County","LITTLE SENECA PKWY","CROSSOVER",,"N/A","BICYCLIST","STRAIGHT MOVEMENT ANGLE","N/A","DRY","DAYLIGHT","NO CONTROLS","NONE DETECTED","NONE DETECTED","CA4F5F4F-3DDA-41E9-9DD8-C0ABEDAB1244","BICYCLIST","Walking/Riding w/Traffic","NO IMPROPER ACTIONS","OTHER","No","SUSPECTED MINOR INJURY","MC/BIKE HELMET","39.23001","-77.252645","    (39.23001, -77.252645)"
"MCP9381001Q","15047073","MONTGOMERY","Injury Crash","09/17/2015 11:29:00 AM","County","ELM ST","WOODMONT AVE",,"N/A","BICYCLIST","OTHER","N/A","DRY","DAYLIGHT","TRAFFIC SIGNAL","NONE DETECTED","N/A","06CC8820-0CD0-46D5-8D85-62F8A93107B1","BICYCLIST","Cross/Enter at Intersection","NO IMPROPER ACTIONS","AT INTERSECTION BUT NO CROSSWALK","No","POSSIBLE INJURY","NONE","38.99564167","-77.07490333","    (38.99564167, -77.07490333)"
"MCP1565001C","15047042","MONTGOMERY","Injury Crash","09/17/2015 08:15:00 AM",,,,"PARKING LOT OF 2301 GLENALLAN AVE SILVER SPRING MARYLAND 20906",,"PEDESTRIAN","OTHER","CLEAR",,"DAYLIGHT","NO CONTROLS","NONE DETECTED","NONE DETECTED","9EF10131-0F26-4535-A6AA-EFFC75167F55","PEDESTRIAN","Cross/Enter at Intersection","NO IMPROPER ACTIONS","AT INTERSECTION BUT NO CROSSWALK","No","SUSPECTED SERIOUS INJURY","N/A","39.06391509","-77.0490396","    (39.06391509, -77.0490396)"
"MCP2824001G","15046937","MONTGOMERY","Injury Crash","09/16/2015 04:50:00 PM","Municipality","VEIRS DR","OAKWOOD DR",,"N/A","BICYCLIST","OTHER","CLEAR","DRY","DAYLIGHT","NO CONTROLS","N/A","N/A","3BEFD4AF-E5B3-46E3-8DC4-7636F685915D","BICYCLIST","Walking/Riding w/Traffic","NO IMPROPER ACTIONS","SHOULDER","No","POSSIBLE INJURY","MC/BIKE HELMET","39.077609","-77.196532","    (39.077609, -77.196532)"
"MCP14910004","15046900","MONTGOMERY","Injury Crash","09/16/2015 01:43:00 PM",,,,"ENTRANCE TO 15301 FREDERICK RD. IN DRIVEWAY 
CHEVROLET DEALERSHIP",,"BICYCLIST","STRAIGHT MOVEMENT ANGLE","CLEAR",,"DAYLIGHT","NO CONTROLS","NONE DETECTED","N/A","E9C3A207-E5B4-4A6B-8E32-F0649F65A561","BICYCLIST","Walking/Cycling on Sidewalk","OTHER","SIDEWALK","No","SUSPECTED MINOR INJURY","NONE","39.10721","-77.158035","    (39.10721, -77.158035)"
"MCP10220031","15046845","MONTGOMERY","Injury Crash","09/16/2015 07:55:00 AM","County","RICHTER FARM RD","MOLASSES RUN DR",,"N/A","PEDESTRIAN","SINGLE VEHICLE","CLEAR","DRY","DAYLIGHT","NO CONTROLS","NONE DETECTED","NONE DETECTED","C95F2528-4359-47FD-90E7-0827FD5A77D0","PEDESTRIAN","Cross/Enter at Intersection","DART DASH","ON ROADWAY NOT AT CROSSWALK","Yes","SUSPECTED MINOR INJURY","NONE","39.15317167","-77.285585","    (39.15317167, -77.285585)"
"MCP2469000J","15046830","MONTGOMERY","Injury Crash","09/16/2015 06:55:00 AM",,,,"Garage of 14508 Bradshaw Dr",,"PEDESTRIAN","SINGLE VEHICLE","CLEAR",,"DAYLIGHT","NO CONTROLS",,"NONE DETECTED","0D92FB5E-3FE4-4CCA-A9D7-C8DDAB83DC83","PEDESTRIAN","Other","OTHER","OTHER","Yes","POSSIBLE INJURY","NONE","39.09300695","-76.955688","    (39.09300695, -76.955688)"
"MCP27020010","15046733","MONTGOMERY","Property Damage Crash","09/15/2015 03:15:00 PM",,,,"901 Jessup Blair Rd Garage (Level 2)",,"OTHER","OTHER","N/A",,"DAYLIGHT","N/A","NONE DETECTED","NONE DETECTED","F29B3A31-7F75-421C-B39C-1BA7973D6A70","OTHER","Other","OTHER","INSIDE BUILDING","No","NO APPARENT INJURY","N/A","38.98729","-77.02467167","    (38.98729, -77.02467167)"
"MCP15800047","15046473","MONTGOMERY","Injury Crash","09/14/2015 11:34:00 AM",,,,"115 S FREDERICK AVE.   ST. MARTINS CATHOLIC CHURCH PARKING  LOT",,"PEDESTRIAN","OTHER","CLEAR",,"DAYLIGHT","NO CONTROLS","NONE DETECTED","NONE DETECTED","A7975367-F0D8-4D47-892F-EEC42EBC84B7","PEDESTRIAN","Standing","OTHER","OTHER","Unknown","POSSIBLE INJURY","NONE","39.13950667","-77.19561167","    (39.13950667, -77.19561167)"
"MCP2756000X","15046374","MONTGOMERY","Injury Crash","09/13/2015 07:19:00 PM","Maryland (State)","UNIVERSITY BLVD W","INWOOD AVE",,"N/A","PEDESTRIAN","SINGLE VEHICLE","CLEAR","DRY","DUSK","TRAFFIC SIGNAL","NONE DETECTED","NONE DETECTED","E088262F-2BCD-499D-89B0-5ECAF2F1CFEE","PEDESTRIAN","Cross/Enter at Intersection","N/A","ON ROADWAY AT CROSSWALK","No","SUSPECTED SERIOUS INJURY","N/A","39.036108","-77.036404","    (39.036108, -77.036404)"
"MCP2756000X","15046374","MONTGOMERY","Injury Crash","09/13/2015 07:19:00 PM","Maryland (State)","UNIVERSITY BLVD W","INWOOD AVE",,"N/A","PEDESTRIAN","SINGLE VEHICLE","CLEAR","DRY","DUSK","TRAFFIC SIGNAL","NONE DETECTED","NONE DETECTED","D1F0376B-A276-4DB4-AFEF-963601A0A861","PEDESTRIAN","Cross/Enter at Intersection","N/A","ON ROADWAY AT CROSSWALK","No","SUSPECTED SERIOUS INJURY","N/A","39.036108","-77.036404","    (39.036108, -77.036404)"
"MCP28630010","15046309","MONTGOMERY","Injury Crash","09/13/2015 11:50:00 AM","County","ARROWHEAD RD","MONTGOMERY VILLAGE AVE",,"N/A","PEDESTRIAN","HEAD ON LEFT TURN","CLEAR","DRY","DAYLIGHT","NO CONTROLS","NONE DETECTED","NONE DETECTED","06597BA2-13B4-438E-A4BB-F4C8E3E7F3CB","PEDESTRIAN","Other Working","N/A","OTHER","No","POSSIBLE INJURY","REFLECTIVE CLOTHING","39.186455","-77.19535167","    (39.186455, -77.19535167)"
"MCP2712000M","15046182","MONTGOMERY","Injury Crash","09/12/2015 02:22:00 PM","US (State)","COLUMBIA PIKE","EXIT #16 (MD 200)",,"N/A","PEDESTRIAN","SAME DIR REAR END","RAINING","WET","DAYLIGHT","N/A","NONE DETECTED","NONE DETECTED","E1D726D1-B558-4DC6-BF57-454F9A8EDE17","PEDESTRIAN","Standing","DISABLED VEHICLE RELATED","OTHER","No","POSSIBLE INJURY","N/A","39.07899167","-76.95193667","    (39.07899167, -76.95193667)"
"MCP2191000M","15046147","MONTGOMERY","Injury Crash","09/12/2015 09:30:00 AM","US (State)","GEORGIA AVE","THAYER AVE",,"N/A","PEDESTRIAN","SAME DIRECTION RIGHT TURN","CLOUDY","DRY","DAYLIGHT","TRAFFIC SIGNAL","NONE DETECTED","NONE DETECTED","FCEC94C8-4392-4656-B5CD-B4AFDFBC99F0","PEDESTRIAN","Cross/Enter at Intersection","N/A","ON ROADWAY AT CROSSWALK","No","POSSIBLE INJURY","N/A","38.992996","-77.02717","    (38.992996, -77.02717)"