"Report Number","Local Case Number","Agency Name","ACRS Report Type","Crash Date/Time","Route Type","Road Name","Cross-Street Name","Off-Road Description","Municipality","Related Non-Motorist","Collision Type","Weather","Surface Condition","Light","Traffic Control","Driver Substance Abuse","Non-Motorist Substance Abuse","Person ID","Pedestrian Type","Pedestrian Movement","Pedestrian Actions","Pedestrian Location","At Fault","Injury Severity","Safety Equipment","Latitude","Longitude","Location"
"MCP2694001N","15040391","MONTGOMERY","Injury Crash","08/13/2015 03:54:00 PM",,,,"parking lot of 11200 Rockville Pike",,"PEDESTRIAN","OTHER","CLEAR",,"DAYLIGHT","NO CONTROLS","UNKNOWN","NONE DETECTED","02873400-26BC-44BA-85F5-5585F121A25A","PEDESTRIAN","Standing","NO IMPROPER ACTIONS","OTHER","No","SUSPECTED MINOR INJURY","N/A","39.04044333","-77.11109667","    (39.04044333, -77.11109667)"
"MCP29420012","15040254","MONTGOMERY","Injury Crash","08/12/2015 08:17:00 PM","Maryland (State)","OLD GEORGETOWN RD","CENTER DR",,"N/A","BICYCLIST","STRAIGHT MOVEMENT ANGLE","CLEAR","DRY","DUSK","TRAFFIC SIGNAL","NONE DETECTED","NONE DETECTED","A7C62070-4AF1-4A55-AB09-3378744720AB","BICYCLIST","Cross/Enter at Intersection","NO IMPROPER ACTIONS","ON ROADWAY AT CROSSWALK","No","SUSPECTED MINOR INJURY","MC/BIKE HELMET","39.00292738","-77.10989356","    (39.00292738, -77.10989356)"
"MCP12050019","15040145","MONTGOMERY","Injury Crash","08/12/2015 10:16:00 AM","County","GLENDALE RD","CYPRESS PL",,"N/A","PEDESTRIAN","OTHER","CLEAR","DRY","DAYLIGHT","OTHER","NONE DETECTED","NONE DETECTED","4C88D1C4-E536-409A-A89C-45E5B3F07085","PEDESTRIAN","Other Working","NO IMPROPER ACTIONS","ON ROADWAY NOT AT CROSSWALK","No","SUSPECTED MINOR INJURY","REFLECTIVE CLOTHING","38.99092866","-77.0732975","    (38.99092866, -77.0732975)"
"MCP27470014","15039852","MONTGOMERY","Injury Crash","08/10/2015 08:45:00 PM","Maryland (State)","GEORGIA AVE","CONNECTICUT AVE",,"N/A","PEDESTRIAN","STRAIGHT MOVEMENT ANGLE","CLOUDY","WET","DARK LIGHTS ON","NO CONTROLS","NONE DETECTED","NONE DETECTED","5F2768FD-35AD-4114-8C9D-1168AAFDC609","PEDESTRIAN","Cross/Enter at Intersection","DART DASH","ON ROADWAY AT CROSSWALK","No","SUSPECTED MINOR INJURY","N/A","39.0841","-77.08213833","    (39.0841, -77.08213833)"
"DD5605001K","15039845","ROCKVILLE","Injury Crash","08/10/2015 07:50:00 PM",,,,"PARKING LOT OF 9200 DARNESTOWN RD, ROCKVILLE MD.",,"PEDESTRIAN","OTHER","CLEAR",,"DAWN","NO CONTROLS","NONE DETECTED","NONE DETECTED","9F960246-0E2E-4018-A796-5D05C0D5CDB8","PEDESTRIAN","Other","NO IMPROPER ACTIONS","OTHER","No","SUSPECTED MINOR INJURY","NONE","39.09085333","-77.18915833","    (39.09085333, -77.18915833)"
"MCP2765001J","15039834","MONTGOMERY","Injury Crash","08/10/2015 06:49:00 PM","County","GAINSBOROUGH RD","TUCKERMAN LA",,"N/A","PEDESTRIAN","SINGLE VEHICLE","CLEAR","DRY","DAYLIGHT","TRAFFIC SIGNAL","NONE DETECTED","NONE DETECTED","1235B49F-C91B-4057-A1A2-3BF40BD54118","PEDESTRIAN","Cross/Enter at Intersection","INATTENTIVE","ON ROADWAY AT CROSSWALK","No","POSSIBLE INJURY","N/A","39.040995","-77.17249833","    (39.040995, -77.17249833)"
"MCP11680009","15039762","MONTGOMERY","Injury Crash","08/10/2015 01:08:00 PM","Maryland (State)","GEORGIA AVE","QUEEN ELIZABETH DR",,"N/A","PEDESTRIAN","SINGLE VEHICLE","CLOUDY","DRY","DAYLIGHT","TRAFFIC SIGNAL","NONE DETECTED","NONE DETECTED","8E83DA6F-CAB8-4E95-9357-3B854702C4B0","PEDESTRIAN","Cross/Enter at Intersection","NO IMPROPER ACTIONS","ON ROADWAY AT CROSSWALK","No","SUSPECTED MINOR INJURY","N/A","39.15919833","-77.064625","    (39.15919833, -77.064625)"
"MCP2870000Y","15039510","MONTGOMERY","Injury Crash","08/08/2015 07:24:00 PM","US (State)","COLESVILLE RD","SLIGO CREEK PKWY",,"N/A","BICYCLIST","STRAIGHT MOVEMENT ANGLE","CLEAR","DRY","DAYLIGHT","TRAFFIC SIGNAL","NONE DETECTED","NONE DETECTED","4AFC97AE-4D8A-4311-AA2D-F5BFF5BCBED8","BICYCLIST","Cross/Enter at Intersection","NO IMPROPER ACTIONS","AT INTERSECTION MARKED CROSSWALK","No","SUSPECTED MINOR INJURY","MC/BIKE HELMET","39.00747333","-77.02022167","    (39.00747333, -77.02022167)"
"MCP26080010","15039489","MONTGOMERY","Injury Crash","08/08/2015 05:38:00 PM","County","WAYNE AVE","SLIGO CREEK PKWY",,"N/A","BICYCLIST","OTHER","CLEAR","DRY","DAYLIGHT","OTHER","NONE DETECTED","NONE DETECTED","A124F21E-99B7-4DC7-8C5D-0C23A2D52653","BICYCLIST","Cross/Enter at Intersection","NO IMPROPER ACTIONS","IN BIKEWAY","No","SUSPECTED MINOR INJURY","MC/BIKE HELMET","38.99973","-77.01094","    (38.99973, -77.01094)"
"DD5546000H","15039429","ROCKVILLE","Injury Crash","08/08/2015 10:14:00 AM","County","E JEFFERSON ST","CALIFORNIA CIR",,"N/A","PEDESTRIAN","HEAD ON LEFT TURN","CLEAR","DRY","DAYLIGHT","NO CONTROLS","NONE DETECTED","NONE DETECTED","CAFD0C77-CF6E-44AD-B5CC-60D2E75BC6A0","PEDESTRIAN","Cross/Enter not at Intersection","IN ROADWAY IMPROPERLY","ON ROADWAY NOT AT CROSSWALK","Yes","POSSIBLE INJURY","N/A","39.05555667","-77.12607167","    (39.05555667, -77.12607167)"
"DM8207000F","15039378","TAKOMA","Injury Crash","08/07/2015 11:32:00 PM","Maryland (State)","UNIVERSITY BLVD E","PRINCE GEORGES CO/L",,"N/A","PEDESTRIAN","SINGLE VEHICLE","CLEAR","DRY","DARK LIGHTS ON","NO CONTROLS","NONE DETECTED","ALCOHOL CONTRIBUTED","60A8DE91-863E-4535-934C-F0EEFDA36052","PEDESTRIAN","Cross/Enter not at Intersection","IN ROADWAY IMPROPERLY","ON ROADWAY NOT AT CROSSWALK","Yes","POSSIBLE INJURY","N/A","38.98825","-76.98681667","    (38.98825, -76.98681667)"
"DD55080015","15038763","ROCKVILLE","Injury Crash","08/04/2015 07:52:00 PM",,,,"Parking Lot of 1801 Rockville Pike",,"PEDESTRIAN","OTHER","RAINING",,"DUSK","NO CONTROLS","NONE DETECTED","NONE DETECTED","FA422867-3588-4C94-88D7-F66562789BDB","PEDESTRIAN","Walking/Cycling on Sidewalk","NO IMPROPER ACTIONS","DRIVEWAY ACCESS MARKED CROSSWALK","No","POSSIBLE INJURY","NONE","39.059875","-77.12246667","    (39.059875, -77.12246667)"
"MCP27170025","15038663","MONTGOMERY","Injury Crash","08/04/2015 01:00:00 PM","County","MACARTHUR BLVD","EGGERT DR",,"N/A","BICYCLIST","OTHER","CLEAR","DRY","DAYLIGHT","NO CONTROLS","NONE DETECTED","NONE DETECTED","A2C63B3A-82A9-4A7F-BB9E-C4564A4EE6FB","BICYCLIST","Cross/Enter not at Intersection","DART DASH","ON ROADWAY NOT AT CROSSWALK","Yes","SUSPECTED MINOR INJURY","MC/BIKE HELMET","38.98549667","-77.32862333","    (38.98549667, -77.32862333)"
"MCP28750014","15038530","MONTGOMERY","Injury Crash","08/03/2015 07:58:00 PM",,,,"Parking lot of 13097 Wisteria Dr., Germantown, MD 20874",,"PEDESTRIAN","OTHER","CLEAR",,"DAYLIGHT","NO CONTROLS","NONE DETECTED","NONE DETECTED","72806004-AFEA-436C-B6BE-9FA95D48BC66","PEDESTRIAN","Cross/Enter at Intersection","NO IMPROPER ACTIONS","SIDEWALK","No","POSSIBLE INJURY","NONE","39.17821","-77.27214","    (39.17821, -77.27214)"
"MCP2656000P","15038518","MONTGOMERY","Injury Crash","08/03/2015 06:13:00 PM","County","CASTLE BLVD","TEAGARDEN CIR",,"N/A","PEDESTRIAN","OTHER","N/A","DRY","DAYLIGHT","NO CONTROLS","N/A","NONE DETECTED","2165E869-7993-4B45-8C3D-6F6BD0C2F841","PEDESTRIAN","Cross/Enter not at Intersection","INATTENTIVE","OTHER","Yes","NO APPARENT INJURY","NONE","39.10616167","-76.91625667","    (39.10616167, -76.91625667)"
"MCP2850000V","15038430","MONTGOMERY","Injury Crash","08/03/2015 11:24:00 AM","County","SCOTT DR","FINSBURY RD",,"N/A","OTHER","OTHER","CLEAR","DRY","DAYLIGHT","NO CONTROLS","N/A","N/A","C30F8F47-885F-46A9-A73A-9FC5F0FFEAC6","OTHER","Standing","N/A","OTHER","No","SUSPECTED MINOR INJURY","REFLECTIVE CLOTHING","39.075425","-77.02203833","    (39.075425, -77.02203833)"
"MCP26900011","15038336","MONTGOMERY","Property Damage Crash","08/02/2015 06:17:00 PM",,,,"Parking lot of 12015 Georgia Ave. Silver Spring, MD 20902 (H Mart)",,"PEDESTRIAN","SINGLE VEHICLE","CLEAR",,"DAYLIGHT","NO CONTROLS","NONE DETECTED","NONE DETECTED","BCA93E48-00E8-4CE8-ACB4-6BCCC537B183","PEDESTRIAN","Other","NO IMPROPER ACTIONS","OTHER","No","NO APPARENT INJURY","NONE","39.052185","-77.05019832","    (39.052185, -77.05019832)"
"MCP2921000M","15038325","MONTGOMERY","Injury Crash","08/02/2015 04:07:00 PM","Maryland (State)","RIDGE RD","FREDERICK RD",,"N/A","PEDESTRIAN","SINGLE VEHICLE","CLEAR","N/A","DAYLIGHT","TRAFFIC SIGNAL","NONE DETECTED","NONE DETECTED","02375B9F-A402-4D63-9C6C-3882EC540EC6","PEDESTRIAN","Walking/Riding against Traffic","FAILURE TO YIELD RIGHT OF WAY","ON ROADWAY NOT AT CROSSWALK","Yes","SUSPECTED SERIOUS INJURY","N/A","39.20468667","-77.24554667","    (39.20468667, -77.24554667)"
"MCP2944000R","15038282","MONTGOMERY","Injury Crash","08/02/2015 11:06:00 AM","County","MACARTHUR BLVD","MARYLAND AVE",,"N/A","BICYCLIST","STRAIGHT MOVEMENT ANGLE","CLEAR","DRY","DAYLIGHT","STOP SIGN","NONE DETECTED","NONE DETECTED","FF989DF8-ED17-452D-9B69-D5D8E84351F9","BICYCLIST","Cross/Enter at Intersection","FAILURE TO OBEY TRAFFIC SIGNS SIGNALS OR OFFICER","SIDEWALK","Yes","SUSPECTED MINOR INJURY","MC/BIKE HELMET","38.94555864","-77.12035418","    (38.94555864, -77.12035418)"
"MCP26640019","15038081","MONTGOMERY","Injury Crash","08/01/2015 09:54:00 AM","Maryland (State)","GEORGIA AVE","SHOREFIELD RD",,"N/A","BICYCLIST","SINGLE VEHICLE","CLEAR","DRY","DAYLIGHT","TRAFFIC SIGNAL","NONE DETECTED","NONE DETECTED","3D2D2439-8A41-4E56-B733-9656DBEB9D94","BICYCLIST","Cross/Enter at Intersection","OTHER","AT INTERSECTION MARKED CROSSWALK","Unknown","POSSIBLE INJURY","MC/BIKE HELMET","39.05341","-77.050689","    (39.05341, -77.050689)"
"MCP2422000S","15037992","MONTGOMERY","Injury Crash","07/31/2015 09:16:00 PM","County","AMHERST AVE","UNIVERSITY BLVD W",,"N/A","PEDESTRIAN","OTHER","CLEAR","DRY","DARK LIGHTS ON","N/A","N/A","ALCOHOL PRESENT","53BE940C-9C39-4656-958D-C777F68DF608","PEDESTRIAN","Cross/Enter not at Intersection","IN ROADWAY IMPROPERLY","ON ROADWAY NOT AT CROSSWALK","Yes","POSSIBLE INJURY","N/A","39.04106961","-77.04837441","    (39.04106961, -77.04837441)"
"MCP2948000G","15037928","MONTGOMERY","Injury Crash","07/31/2015 04:21:00 PM","County","CHANNING DR","ALMA ST",,"N/A","PEDESTRIAN","N/A","CLEAR","DRY","DAYLIGHT","NO CONTROLS","NONE DETECTED","NONE DETECTED","9D2FCDFE-A59C-47C3-BE6D-F12968F48287","PEDESTRIAN","Standing","NO IMPROPER ACTIONS","SHOULDER","No","SUSPECTED MINOR INJURY","NONE","39.04446333","-77.04058667","    (39.04446333, -77.04058667)"
"MCP29080012","15037874","MONTGOMERY","Injury Crash","07/31/2015 09:39:00 AM","US (State)","COLESVILLE RD","HASTINGS DR",,"N/A","BICYCLIST, OTHER","STRAIGHT MOVEMENT ANGLE","N/A","DRY","DAYLIGHT","YIELD SIGN","NONE DETECTED","NONE DETECTED","CB142B4B-1F72-4EA6-93C1-AAB941A2D2C5","OTHER","Cross/Enter at Intersection","NO IMPROPER ACTIONS","ON ROADWAY AT CROSSWALK","No","POSSIBLE INJURY","MC/BIKE HELMET","39.013495","-77.01665167","    (39.013495, -77.01665167)"
"MCP29080012","15037874","MONTGOMERY","Injury Crash","07/31/2015 09:39:00 AM","US (State)","COLESVILLE RD","HASTINGS DR",,"N/A","BICYCLIST, OTHER","STRAIGHT MOVEMENT ANGLE","N/A","DRY","DAYLIGHT","YIELD SIGN","NONE DETECTED","NONE DETECTED","83AA1B5E-7850-4AF6-88EE-6C7D7EA48870","BICYCLIST","Cross/Enter at Intersection","NO IMPROPER ACTIONS","ON ROADWAY AT CROSSWALK","No","SUSPECTED MINOR INJURY","MC/BIKE HELMET","39.013495","-77.01665167","    (39.013495, -77.01665167)"
"MCP28480019","15037263","MONTGOMERY","Injury Crash","07/28/2015 10:54:00 AM","County","OSCEOLA RD","OSCEOLA CT",,"N/A","PEDESTRIAN","OTHER","CLEAR","DRY","DAYLIGHT","NO CONTROLS","NONE DETECTED","NONE DETECTED","4DDEE032-C0BA-4946-B98E-5C07C433D5FB","PEDESTRIAN","Getting off/on Vehicle","ENTERING EXITING PARKED STANDING VEHICLE","ON ROADWAY NOT AT CROSSWALK","Yes","POSSIBLE INJURY","REFLECTIVE CLOTHING","38.96401833","-77.11839833","    (38.96401833, -77.11839833)"
"MCP22540007","15036935","MONTGOMERY","Injury Crash","07/26/2015 01:27:00 PM","County","TAILOR SHOP PLACE","GUARDRAIL",,"N/A","OTHER","STRAIGHT MOVEMENT ANGLE","CLEAR","DRY","DAYLIGHT","NO CONTROLS","NONE DETECTED","N/A","7982B346-3115-47D0-A39C-D7F4B0C86A95","OTHER","Cross/Enter at Intersection","DART DASH","AT INTERSECTION BUT NO CROSSWALK","Yes","SUSPECTED MINOR INJURY","NONE","39.24363833","-77.281995","    (39.24363833, -77.281995)"
"MCP09730008","15036772","MONTGOMERY","Injury Crash","07/25/2015 05:30:00 PM","County","ELM ST","WOODMONT AVE",,"N/A","PEDESTRIAN","SINGLE VEHICLE","CLOUDY","DRY","DAYLIGHT","NO CONTROLS","NONE DETECTED","NONE DETECTED","1FF1A279-3069-427A-A0E9-BE8049A72451","PEDESTRIAN","Cross/Enter not at Intersection","DART DASH","ON ROADWAY NOT AT CROSSWALK","Yes","POSSIBLE INJURY","N/A","38.981965","-77.09722333","    (38.981965, -77.09722333)"
"MCP2717001X","15036606","MONTGOMERY","Injury Crash","07/24/2015 06:28:00 PM",,,,"Rear Parking Lot of 8600 16th Street (Suburban Towers apartment building)",,"BICYCLIST","OTHER","CLEAR",,"DAYLIGHT","NO CONTROLS","NONE DETECTED","NONE DETECTED","11C5BF32-AFE4-4C8C-9D43-054E3B69AEE7","BICYCLIST","Playing","INATTENTIVE","OTHER","Yes","SUSPECTED MINOR INJURY","MC/BIKE HELMET","39.04637","-77.112665","    (39.04637, -77.112665)"
"MCP2971000L","15036565","MONTGOMERY","Injury Crash","07/24/2015 04:12:00 PM","US (State)","GEORGIA AVE","THAYER AVE",,"N/A","PEDESTRIAN","SINGLE VEHICLE","CLEAR","DRY","DAYLIGHT","TRAFFIC SIGNAL","NONE DETECTED","NONE DETECTED","0D47DC3B-BC44-4DF1-80EB-2DB7BA049F33","PEDESTRIAN","Cross/Enter at Intersection","NO IMPROPER ACTIONS","ON ROADWAY AT CROSSWALK","No","POSSIBLE INJURY","NONE","38.992955","-77.02671289","    (38.992955, -77.02671289)"
"MCP1220002F","15036528","MONTGOMERY","Injury Crash","07/24/2015 11:46:00 AM","County","HASTINGS DR","COLESVILLE RD",,"N/A","BICYCLIST","OTHER","CLEAR","DRY","DAYLIGHT","YIELD SIGN","NONE DETECTED","NONE DETECTED","88D082CF-8847-4897-9E3B-E6019FFCF58A","BICYCLIST","Walking/Cycling on Sidewalk","IN ROADWAY IMPROPERLY","ON ROADWAY AT CROSSWALK","Yes","SUSPECTED MINOR INJURY","MC/BIKE HELMET","39.01347357","-77.01646686","    (39.01347357, -77.01646686)"
"MCP2298005P","15036380","MONTGOMERY","Injury Crash","07/23/2015 06:45:00 PM",,,,"GAINT  PARKING LOT
13060 MIDDLEBROOK RD
GERMANTOWN
MD 20874",,"PEDESTRIAN","OTHER","N/A",,"DAYLIGHT","N/A","MEDICATION PRESENT","NONE DETECTED","0C0AE430-FC0B-4AC0-B975-7CBA73FEE8CF","PEDESTRIAN","Walking/Riding w/Traffic","NO IMPROPER ACTIONS","OTHER","No","SUSPECTED MINOR INJURY","N/A","39.18155782","-77.27135181","    (39.18155782, -77.27135181)"
"MCP27180018","15036367","MONTGOMERY","Injury Crash","07/23/2015 06:19:00 PM","County","TWINBROOK PKWY","PARKLAWN DR",,"N/A","BICYCLIST","OTHER","CLEAR","DRY","DAYLIGHT","TRAFFIC SIGNAL","N/A","N/A","C5DD4A55-457D-4350-ADA2-631FA3686883","BICYCLIST","Cross/Enter at Intersection","NO IMPROPER ACTIONS","AT INTERSECTION MARKED CROSSWALK","No","POSSIBLE INJURY","NONE","39.061535","-77.11639667","    (39.061535, -77.11639667)"
"MCP1174000Y","15036273","MONTGOMERY","Injury Crash","07/23/2015 09:56:00 AM","Maryland (State)","OLD GEORGETOWN RD","CORDELL AVE",,"N/A","PEDESTRIAN","SINGLE VEHICLE","CLEAR","DRY","DAYLIGHT","OTHER","NONE DETECTED","N/A","C81C50F9-5C55-42D8-8697-E50BFF21CF6E","PEDESTRIAN","Cross/Enter at Intersection","NO IMPROPER ACTIONS","ON ROADWAY AT CROSSWALK","No","SUSPECTED MINOR INJURY","NONE","38.98785167","-77.09937333","    (38.98785167, -77.09937333)"
"MCP2928000S","15036245","MONTGOMERY","Injury Crash","07/23/2015 08:11:00 AM","County","BONIFANT ST","GEORGIA AVE",,"N/A","PEDESTRIAN","SINGLE VEHICLE","CLEAR","DRY","DAYLIGHT","NO CONTROLS","NONE DETECTED","NONE DETECTED","A6B1D709-9B06-4685-BD08-849AE0236358","PEDESTRIAN","Cross/Enter not at Intersection","NOT VISIBLE","ON ROADWAY NOT AT CROSSWALK","Yes","POSSIBLE INJURY","NONE","38.99373333","-77.025875","    (38.99373333, -77.025875)"
"MCP06850018","15036248","MONTGOMERY","Injury Crash","07/23/2015 07:54:00 AM","Municipality","KING FARM BLVD","ENT TO SHADY GROVE METRO STATION (BACK)",,"N/A","BICYCLIST","SINGLE VEHICLE","CLEAR","DRY","DAYLIGHT","TRAFFIC SIGNAL","NONE DETECTED","NONE DETECTED","83E40E06-354E-4256-9853-793F52DB5101","BICYCLIST","Walking/Cycling on Sidewalk","DART DASH","AT INTERSECTION MARKED CROSSWALK","Yes","SUSPECTED SERIOUS INJURY","NONE","39.117225","-77.16869667","    (39.117225, -77.16869667)"
"MCP2717001V","15036144","MONTGOMERY","Injury Crash","07/22/2015 04:02:00 PM","County","ROCKLEDGE DR","WESTLAKE TERR",,"N/A","PEDESTRIAN","OTHER","CLEAR","DRY","DAYLIGHT","NO CONTROLS","NONE DETECTED","NONE DETECTED","C76BC3F4-410F-4194-92D6-C06CF7262D78","PEDESTRIAN","Cross/Enter at Intersection","INATTENTIVE","AT INTERSECTION BUT NO CROSSWALK","Yes","SUSPECTED MINOR INJURY","NONE","39.029205","-77.136655","    (39.029205, -77.136655)"
"MCP2055000L","15035859","MONTGOMERY","Property Damage Crash","07/22/2015 09:30:00 AM",,,,"Abandoned Auto Parking lot, 305 Metropolitan Grove Road Gaithersburg MD 20878",,"OTHER","N/A","CLEAR",,"DAYLIGHT","N/A",,"NONE DETECTED","49FEAB0B-73F1-4ED5-9E4C-FCA3BB30CD99","OTHER","Push/Work on Vehicle","NO IMPROPER ACTIONS","N/A","Yes","NO APPARENT INJURY","N/A","39.14896648","-77.22641945","    (39.14896648, -77.22641945)"
"MCP2348000Y","15035640","MONTGOMERY","Injury Crash","07/20/2015 10:21:00 PM","Maryland (State)","GERMANTOWN RD","CIDER BARRELL DR",,"N/A","PEDESTRIAN","SINGLE VEHICLE","CLEAR","DRY","DARK LIGHTS ON","N/A","NONE DETECTED","UNKNOWN","BBDF8567-99EF-41E5-B32B-B42CD60FA061","PEDESTRIAN","Cross/Enter not at Intersection","IN ROADWAY IMPROPERLY","ON ROADWAY NOT AT CROSSWALK","Yes","SUSPECTED SERIOUS INJURY","N/A","39.19160335","-77.24471211","    (39.19160335, -77.24471211)"
"MCP9110000C","15035789","MONTGOMERY","Injury Crash","07/20/2015 08:40:00 PM","Maryland (State)","FREDERICK RD","RIDGE RD",,"N/A","PEDESTRIAN","STRAIGHT MOVEMENT ANGLE","CLEAR","DRY","DARK LIGHTS ON","NO CONTROLS","NONE DETECTED","NONE DETECTED","7A8B002D-6189-43F2-B7AC-807C977A9B36","PEDESTRIAN","Cross/Enter not at Intersection","DART DASH","ON ROADWAY NOT AT CROSSWALK","Yes","SUSPECTED SERIOUS INJURY","NONE","39.2035264","-77.24562407","    (39.2035264, -77.24562407)"
"MCP2937000W","15035669","MONTGOMERY","Injury Crash","07/20/2015 08:39:00 AM","Maryland (State)","NEW HAMPSHIRE AVE","LOCKWOOD DR",,"N/A","PEDESTRIAN","SINGLE VEHICLE","N/A","DRY","DAYLIGHT","TRAFFIC SIGNAL","NONE DETECTED","NONE DETECTED","B88791ED-7A43-4A1C-9D77-F478493CF668","PEDESTRIAN","Cross/Enter at Intersection","DART DASH","SIDEWALK","Yes","SUSPECTED MINOR INJURY","NONE","39.03960299","-76.99068546","    (39.03960299, -76.99068546)"
"MCP11940011","15035594","MONTGOMERY","Injury Crash","07/19/2015 04:09:00 PM","Government","CLARA BARTON PKWY","MACARTHUR BLVD",,"N/A","BICYCLIST","HEAD ON LEFT TURN","CLEAR","DRY","DAYLIGHT","STOP SIGN","NONE DETECTED","NONE DETECTED","D43675C8-1579-4A24-BB73-6ABB772685B0","BICYCLIST","Cross/Enter at Intersection","NO IMPROPER ACTIONS","AT INTERSECTION MARKED CROSSWALK","No","POSSIBLE INJURY","MC/BIKE HELMET","38.98928167","-77.19604833","    (38.98928167, -77.19604833)"
"MCP0487000J","15035567","MONTGOMERY","Injury Crash","07/19/2015 12:23:00 PM","County","MIDCOUNTY HWY","WASHINGTON GROVE LA",,"N/A","PEDESTRIAN","OTHER","CLEAR","DRY","DAYLIGHT","TRAFFIC SIGNAL","NONE DETECTED","NONE DETECTED","F89BD89E-5651-4C9A-BB98-73A3C854E4A2","PEDESTRIAN","Cross/Enter at Intersection","FAILURE TO YIELD RIGHT OF WAY","ON ROADWAY AT CROSSWALK","Yes","SUSPECTED MINOR INJURY","NONE","39.147685","-77.16892667","    (39.147685, -77.16892667)"
"MCP2749000V","15035268","MONTGOMERY","Injury Crash","07/17/2015 09:19:00 PM","Maryland (State)","GEORGIA AVE","SHOREFIELD RD",,"N/A","PEDESTRIAN","SINGLE VEHICLE","CLEAR","DRY","DARK LIGHTS ON","TRAFFIC SIGNAL","NONE DETECTED","ALCOHOL PRESENT","9FC65B7A-7BCA-45DF-BD06-E85FEDC996A6","PEDESTRIAN","Cross/Enter at Intersection","FAILURE TO YIELD RIGHT OF WAY","AT INTERSECTION MARKED CROSSWALK","Yes","POSSIBLE INJURY","N/A","39.053","-77.05","    (39.053, -77.05)"
"MCP2973000B","15035225","MONTGOMERY","Injury Crash","07/17/2015 05:00:00 PM","County","AMHERST AVE","BLUERIDGE AVE",,"N/A","PEDESTRIAN","STRAIGHT MOVEMENT ANGLE","CLEAR","DRY","DAYLIGHT","N/A","NONE DETECTED","NONE DETECTED","4FBE3B2E-B5FD-40DC-8DE6-41364DA4B54E","PEDESTRIAN","Cross/Enter not at Intersection","IN ROADWAY IMPROPERLY","ON ROADWAY NOT AT CROSSWALK","No","POSSIBLE INJURY","NONE","39.04290286","-77.04791844","    (39.04290286, -77.04791844)"
"MCP2773001B","15035200","MONTGOMERY","Property Damage Crash","07/17/2015 02:50:00 PM",,,,"parking lot of 7821 eastern avenue",,"OTHER","SINGLE VEHICLE","CLEAR",,"DAYLIGHT","NO CONTROLS","NONE DETECTED","NONE DETECTED","3F3021E1-8370-46B1-95EA-9C0E74FCC644","OTHER","Other","NO IMPROPER ACTIONS","INSIDE BUILDING","No","NO APPARENT INJURY","N/A","38.98522","-77.027395","    (38.98522, -77.027395)"
"EJ78470011","15035006","GAITHERSBURG","Injury Crash","07/17/2015 12:33:00 AM","Maryland (State)","S FREDERICK RD","W DEER PARK RD",,"GAITHERSBURG","PEDESTRIAN","SINGLE VEHICLE","CLEAR","DRY","DARK LIGHTS ON","TRAFFIC SIGNAL","N/A","ILLEGAL DRUG PRESENT","450EFED1-3AE8-4E49-8CEA-AD5B037B0B44","PEDESTRIAN","Cross/Enter at Intersection","IN ROADWAY IMPROPERLY","ON ROADWAY NOT AT CROSSWALK","Yes","POSSIBLE INJURY","NONE","39.13183333","-77.188705","    (39.13183333, -77.188705)"
"MCP2959000W","15035001","MONTGOMERY","Injury Crash","07/16/2015 04:23:00 PM",,,,"Occured in the 7-11 Parking lot at11445 AMHERST AVE, WHEATON, MARYLAND, 20902.",,"PEDESTRIAN","SINGLE VEHICLE","CLEAR",,"DAYLIGHT","NO CONTROLS","NONE DETECTED","ALCOHOL PRESENT","BD4AAB0A-A547-40B1-A59A-1B3F951F9566","PEDESTRIAN","Other","FAILURE TO YIELD RIGHT OF WAY","OTHER","Unknown","SUSPECTED MINOR INJURY","NONE","39.04295285","-77.04758048","    (39.04295285, -77.04758048)"
"MCP1301000C","15034958","MONTGOMERY","Fatal Crash","07/16/2015 10:53:00 AM","County","RANDOLPH RD","SELFRIDGE RD",,"N/A","PEDESTRIAN","SINGLE VEHICLE","CLEAR","DRY","DAYLIGHT","TRAFFIC SIGNAL","NONE DETECTED","UNKNOWN","3A3AAFD7-E6DD-446E-9974-A50D806A2A31","PEDESTRIAN","Walking/Cycling on Sidewalk","NO IMPROPER ACTIONS","SIDEWALK","No","FATAL INJURY","N/A","39.05535932","-77.08352208","    (39.05535932, -77.08352208)"
"MCP1417003N","15034903","MONTGOMERY","Injury Crash","07/16/2015 08:16:00 AM","Municipality","FIRSTFIELD RD","CLOPPER RD",,"N/A","BICYCLIST","SAME DIRECTION LEFT TURN","CLEAR","DRY","DAYLIGHT","TRAFFIC SIGNAL","NONE DETECTED","NONE DETECTED","73AA8147-5ADD-4063-9B9A-EC1982967930","BICYCLIST","Cross/Enter at Intersection","NO IMPROPER ACTIONS","AT INTERSECTION MARKED CROSSWALK","No","SUSPECTED MINOR INJURY","NONE","39.14369746","-77.22373188","    (39.14369746, -77.22373188)"
"MCP24250058","15034899","MONTGOMERY","Injury Crash","07/16/2015 06:37:00 AM","County","FENWICK LA","GEORGIA AVE",,"N/A","PEDESTRIAN","OTHER","CLEAR","DRY","DAYLIGHT","STOP SIGN","NONE DETECTED","NONE DETECTED","27E4E26A-1CAF-452F-99DF-AF7425F0398B","PEDESTRIAN","Cross/Enter at Intersection","DART DASH","ON ROADWAY AT CROSSWALK","No","SUSPECTED MINOR INJURY","NONE","38.99809833","-77.03058333","    (38.99809833, -77.03058333)"
"DD55220024","15034857","ROCKVILLE","Injury Crash","07/15/2015 09:39:00 PM","Municipality","EDMONSTON DR","VEIRS MILL SERV RD",,"ROCKVILLE","BICYCLIST","STRAIGHT MOVEMENT ANGLE","CLEAR","DRY","DARK LIGHTS ON","TRAFFIC SIGNAL","ALCOHOL CONTRIBUTED","NONE DETECTED","BEB68C76-406B-4D45-A441-41F606725691","BICYCLIST","Cross/Enter at Intersection","UNKNOWN","MIDBLOCK MARKED CROSSWALK","No","SUSPECTED MINOR INJURY","NONE","39.07821833","-77.13039667","    (39.07821833, -77.13039667)"
"MCP2717001Z","15034844","MONTGOMERY","Injury Crash","07/15/2015 07:56:00 PM","Maryland (State)","OLD GEORGETOWN RD","GREENTREE RD",,"N/A","PEDESTRIAN","OTHER","CLEAR","DRY","DAYLIGHT","TRAFFIC SIGNAL","NONE DETECTED","NONE DETECTED","F9C53CF0-C1FA-4EB8-A876-AF588D6611AF","PEDESTRIAN","Cross/Enter at Intersection","NO IMPROPER ACTIONS","ON ROADWAY AT CROSSWALK","No","SUSPECTED MINOR INJURY","NONE","39.04668167","-77.11303333","    (39.04668167, -77.11303333)"
"MCP2064000G","15034829","MONTGOMERY","Injury Crash","07/15/2015 06:00:00 PM","County","HENDERSON AVE","CLARIDGE RD",,"N/A","BICYCLIST","SINGLE VEHICLE","CLEAR","DRY","DAYLIGHT","N/A","UNKNOWN","NONE DETECTED","6DDFFBBB-515B-4996-921F-A73AF27CBE4E","BICYCLIST","Walking/Riding w/Traffic","UNKNOWN","ON ROADWAY NOT AT CROSSWALK","Unknown","SUSPECTED MINOR INJURY","MC/BIKE HELMET","39.054887","-77.064613","    (39.054887, -77.064613)"