"Report Number","Local Case Number","Agency Name","ACRS Report Type","Crash Date/Time","Route Type","Road Name","Cross-Street Name","Off-Road Description","Municipality","Related Non-Motorist","Collision Type","Weather","Surface Condition","Light","Traffic Control","Driver Substance Abuse","Non-Motorist Substance Abuse","Person ID","Pedestrian Type","Pedestrian Movement","Pedestrian Actions","Pedestrian Location","At Fault","Injury Severity","Safety Equipment","Latitude","Longitude","Location"
"MCP2877001G","15029495","Montgomery County Police","Injury Crash","06/16/2015 03:10:00 PM","County","CRESTMOOR DR","COLESVILLE RD",,"N/A","BICYCLIST","STRAIGHT MOVEMENT ANGLE","UNKNOWN","UNKNOWN","DAYLIGHT","NO CONTROLS","UNKNOWN","UNKNOWN","25DB2EA1-EF73-4C64-9D33-C0A84FF94D18","BICYCLIST","Cross/Enter at Intersection","UNKNOWN","SIDEWALK",,"SUSPECTED MINOR INJURY","MC/BIKE HELMET","39.02795221","-77.00903177","    (39.02795221, -77.00903177)"
"DD55020019","15029309","Rockville Police Departme","Injury Crash","06/16/2015 12:30:00 PM","Municipality","FREDERICK AVE","LENMOR AVE",,"ROCKVILLE","PEDESTRIAN","OTHER","CLEAR","DRY","DAYLIGHT","NO CONTROLS","NONE DETECTED","NONE DETECTED","1F5125CD-7822-4438-B7F5-4598C674B18E","PEDESTRIAN","Cross/Enter not at Intersection","DART DASH","ON ROADWAY NOT AT CROSSWALK",,"SUSPECTED MINOR INJURY","NONE","39.09484833","-77.14877","    (39.09484833, -77.14877)"
"DD5583000G","15029296","Rockville Police Departme","Injury Crash","06/16/2015 11:14:00 AM","Municipality","STANLEY AVE","STANLEY CT",,"ROCKVILLE","PEDESTRIAN","N/A","CLEAR","DRY","DAYLIGHT","N/A","NONE DETECTED","NONE DETECTED","FE7CC2FE-C206-4CD4-8840-1143E0B46959","PEDESTRIAN","Cross/Enter not at Intersection","FAILURE TO YIELD RIGHT OF WAY","ON ROADWAY NOT AT CROSSWALK",,"SUSPECTED MINOR INJURY","N/A","39.06938374","-77.1264106","    (39.06938374, -77.1264106)"
"MCP2938000C","15029220","Montgomery County Police","Injury Crash","06/15/2015 09:34:00 PM","County","WOODMONT AVE","HAMPDEN LA",,"N/A","BICYCLIST","OTHER","CLEAR","DRY","DARK LIGHTS ON","TRAFFIC SIGNAL","NONE DETECTED","NONE DETECTED","0F29061B-783B-4771-B024-C2A69E65E82E","BICYCLIST","Cross/Enter at Intersection","NO IMPROPER ACTIONS","ON ROADWAY AT CROSSWALK",,"POSSIBLE INJURY","UNKNOWN","38.98270599","-77.09604263","    (38.98270599, -77.09604263)"
"MCP2968000M","15029204","Montgomery County Police","Injury Crash","06/15/2015 07:48:00 PM","Municipality","COLLEGE PKWY","YALE PL",,"ROCKVILLE","BICYCLIST","OTHER","CLEAR","DRY","DAYLIGHT","NO CONTROLS","N/A","N/A","697EF1FF-45B4-4515-A180-85F8D404C0E4","BICYCLIST","Cross/Enter at Intersection","IN ROADWAY IMPROPERLY","ON ROADWAY NOT AT CROSSWALK",,"SUSPECTED MINOR INJURY","UNKNOWN","39.10149155","-77.16103792","    (39.10149155, -77.16103792)"
"MCP1580003H","15029144","Montgomery County Police","Injury Crash","06/15/2015 03:55:00 PM","County","CLUB HOUSE RD","MONTGOMERY VILLAGE AVE",,"N/A","PEDESTRIAN","SINGLE VEHICLE","CLEAR","DRY","DAYLIGHT","NO CONTROLS","NONE DETECTED","NONE DETECTED","427011B3-37A4-4B4F-96AE-4B2F686824C1","PEDESTRIAN","Cross/Enter not at Intersection","DART DASH","ON ROADWAY NOT AT CROSSWALK",,"SUSPECTED MINOR INJURY","N/A","39.1746","-77.20453667","    (39.1746, -77.20453667)"
"MCP2736002L","15029151","Montgomery County Police","Injury Crash","06/15/2015 03:37:00 PM","Government","BEACH DR","EAST WEST HWY",,"N/A","BICYCLIST","STRAIGHT MOVEMENT ANGLE","CLEAR","DRY","DAYLIGHT","TRAFFIC SIGNAL","NONE DETECTED","NONE DETECTED","40DF1DFC-AAAC-4698-A97D-855ED06A5F8B","BICYCLIST","Walking/Riding w/Traffic","FAILURE TO OBEY TRAFFIC SIGNS SIGNALS OR OFFICER","ON ROADWAY NOT AT CROSSWALK",,"SUSPECTED MINOR INJURY","MC/BIKE HELMET","38.99316167","-77.06352333","    (38.99316167, -77.06352333)"
"MCP2278000N","15029053","Montgomery County Police","Injury Crash","06/15/2015 06:06:00 AM","Maryland (State)","OLD GEORGETOWN RD","OAKMONT AVE",,"N/A","BICYCLIST","OTHER","CLEAR","DRY","DAYLIGHT","TRAFFIC SIGNAL","NONE DETECTED","NONE DETECTED","FFBDDF2B-C193-4646-8E34-EC578C16A089","BICYCLIST","Walking/Riding against Traffic","IN ROADWAY IMPROPERLY","ON ROADWAY NOT AT CROSSWALK",,"SUSPECTED SERIOUS INJURY","MC/BIKE HELMET","39.0042447","-77.11063385","    (39.0042447, -77.11063385)"
"MCP2031000H","15028940","Montgomery County Police","Injury Crash","06/14/2015 11:35:00 AM","Maryland (State)","WOODFIELD RD","FIELDCREST RD",,"N/A","BICYCLIST","STRAIGHT MOVEMENT ANGLE","CLEAR","DRY","DAYLIGHT","TRAFFIC SIGNAL","NONE DETECTED","NONE DETECTED","56F8661A-97DA-4C7B-932F-E0160E0FB303","BICYCLIST","Cross/Enter at Intersection","NO IMPROPER ACTIONS","MIDBLOCK MARKED CROSSWALK",,"POSSIBLE INJURY","NONE","39.18533667","-77.151085","    (39.18533667, -77.151085)"
"MCP1148000T","15028925","Montgomery County Police","Injury Crash","06/14/2015 10:24:00 AM","County","CLARENDON RD","BETHESDA AVE",,"N/A","PEDESTRIAN","SINGLE VEHICLE","N/A","DRY","DAYLIGHT","STOP SIGN","NONE DETECTED","NONE DETECTED","77614759-64DB-477A-8239-97342879CA7A","PEDESTRIAN","Cross/Enter at Intersection","IN ROADWAY IMPROPERLY","ON ROADWAY NOT AT CROSSWALK",,"SUSPECTED MINOR INJURY","NONE","38.98095833","-77.10093667","    (38.98095833, -77.10093667)"
"MCP2751000M","15028831","MONTGOMERY","Injury Crash","06/13/2015 05:26:00 PM","County","BEL PRE RD","CONNECTICUT AVE",,"N/A","PEDESTRIAN","OTHER","CLEAR","DRY","DAYLIGHT","STOP SIGN","NONE DETECTED","NONE DETECTED","7B823234-906A-48C6-A1FD-BDBB8BA06A69","PEDESTRIAN","Cross/Enter at Intersection","NO IMPROPER ACTIONS","ON ROADWAY AT CROSSWALK","No","POSSIBLE INJURY","NONE","39.091445","-77.06944167","    (39.091445, -77.06944167)"
"MCP2879000R","15029216","Montgomery County Police","Injury Crash","06/13/2015 12:00:00 PM","County","RIFFLE FORD RD","RIFFLE FORD CT",,"N/A","BICYCLIST","OTHER","N/A","UNKNOWN","DAYLIGHT","STOP SIGN","UNKNOWN","UNKNOWN","2122ED64-BC3F-417C-A534-B1DAE4C55068","BICYCLIST","Unknown","NO IMPROPER ACTIONS","ON ROADWAY NOT AT CROSSWALK",,"SUSPECTED MINOR INJURY","MC/BIKE HELMET","39.12073008","-77.26696372","    (39.12073008, -77.26696372)"
"MCP2564000D","15028672","Montgomery County Police","Property Damage Crash","06/12/2015 06:19:00 PM","County","MONTGOMERY VILLAGE AVE","CLUB HOUSE RD",,"N/A","BICYCLIST","STRAIGHT MOVEMENT ANGLE","CLOUDY","DRY","DAYLIGHT","TRAFFIC SIGNAL","NONE DETECTED","UNKNOWN","3E57E7F7-43F6-4A85-ADA9-E413319AC081","BICYCLIST","Cross/Enter at Intersection","DART DASH","AT INTERSECTION MARKED CROSSWALK",,"NO APPARENT INJURY","UNKNOWN","39.17453008","-77.2037065","    (39.17453008, -77.2037065)"
"MCP2588000W","15028626","Montgomery County Police","Injury Crash","06/12/2015 01:57:00 PM","Maryland (State)","GEORGIA AVE","CONNECTICUT AVE",,"N/A","PEDESTRIAN","OTHER","CLEAR","DRY","DAYLIGHT","N/A","N/A","ALCOHOL CONTRIBUTED","38208EA1-52DD-4BAC-940B-9B95E403A71B","PEDESTRIAN","Other","IN ROADWAY IMPROPERLY","OTHER",,"SUSPECTED MINOR INJURY","N/A","39.08431333","-77.078245","    (39.08431333, -77.078245)"
"MCP22910016","15028435","Montgomery County Police","Injury Crash","06/11/2015 05:40:00 PM","Maryland (State)","CONNECTICUT AVE","BEACH DR",,"N/A","BICYCLIST","SINGLE VEHICLE","CLEAR","DRY","DAYLIGHT","TRAFFIC SIGNAL","NONE DETECTED","NONE DETECTED","6644DD18-3E29-45F3-BE01-4E247EA33136","BICYCLIST","Cross/Enter not at Intersection","FAILURE TO YIELD RIGHT OF WAY","AT INTERSECTION BUT NO CROSSWALK",,"SUSPECTED MINOR INJURY","NONE","39.00809646","-77.08016396","    (39.00809646, -77.08016396)"
"MCP2944000K","15028419","Montgomery County Police","Injury Crash","06/11/2015 04:50:00 PM",,,,"parking garage of Westfield Montgomery mall",,"PEDESTRIAN","SINGLE VEHICLE","CLEAR",,"DARK NO LIGHTS","NO CONTROLS","NONE DETECTED","NONE DETECTED","9947E136-4D44-41CF-87E4-B862FEEAEA7E","PEDESTRIAN","Other","UNKNOWN","ON ROADWAY NOT AT CROSSWALK",,"SUSPECTED MINOR INJURY","NONE","39.02448494","-77.14679003","    (39.02448494, -77.14679003)"
"MCP28090020","15028357","Montgomery County Police","Injury Crash","06/11/2015 01:37:00 PM","Maryland (State)","UNIVERSITY BLVD W","GABEL ST",,"N/A","PEDESTRIAN","OTHER","N/A","DRY","DAYLIGHT","TRAFFIC SIGNAL","N/A","N/A","A39FA0D6-8792-4F2C-A996-6CF8D2419E8A","PEDESTRIAN","Cross/Enter not at Intersection","DART DASH","ON ROADWAY NOT AT CROSSWALK",,"POSSIBLE INJURY","N/A","39.033415","-77.02409333","    (39.033415, -77.02409333)"
"MCP2923000J","15028612","Montgomery County Police","Injury Crash","06/11/2015 01:04:00 PM","Maryland (State)","FREDERICK RD","MONTGOMERY AVE",,"GAITHERSBURG","BICYCLIST","SINGLE VEHICLE","N/A","DRY","DAYLIGHT","NO CONTROLS","NONE DETECTED","NONE DETECTED","5EF86CF0-41CF-4410-A264-5312E2276638","BICYCLIST","Walking/Cycling on Sidewalk","FAILURE TO YIELD RIGHT OF WAY","SIDEWALK",,"SUSPECTED MINOR INJURY","NONE","39.14612504","-77.20415711","    (39.14612504, -77.20415711)"
"MCP2492000B","15028338","Montgomery County Police","Fatal Crash","06/11/2015 09:00:00 AM","County","CRABBS BRANCH WAY","REDLAND RD",,"N/A","PEDESTRIAN","OTHER","N/A","DRY","DAYLIGHT","TRAFFIC SIGNAL","UNKNOWN","UNKNOWN","AA3D4111-733A-45D8-B171-B3F610AE583C","PEDESTRIAN","Cross/Enter at Intersection","UNKNOWN","UNKNOWN",,"FATAL INJURY","NONE","39.12103805","-77.15852737","    (39.12103805, -77.15852737)"
"MCP1182000J","15028164","Montgomery County Police","Injury Crash","06/10/2015 12:53:00 PM","County","HUNTINGTON PKWY","OLD GEORGETOWN RD",,"N/A","BICYCLIST","OTHER","CLEAR","DRY","DAYLIGHT","TRAFFIC SIGNAL","NONE DETECTED","NONE DETECTED","D764AD8E-1B2D-426C-8FD4-2DBD5A87BEBC","BICYCLIST","Cross/Enter at Intersection","NO IMPROPER ACTIONS","AT INTERSECTION MARKED CROSSWALK",,"SUSPECTED SERIOUS INJURY","NONE","39.00436333","-77.11007667","    (39.00436333, -77.11007667)"
"MCP28000023","15028015","Montgomery County Police","Injury Crash","06/09/2015 05:45:00 PM","Maryland (State)","OLD GEORGETOWN RD","ALTA VISTA RD",,"N/A","BICYCLIST","OTHER","CLEAR","DRY","DAYLIGHT","NO CONTROLS","UNKNOWN","NONE DETECTED","522C1BD4-65E5-488F-BDDF-A8771DCA07FE","BICYCLIST","Cross/Enter at Intersection","NO IMPROPER ACTIONS","ON ROADWAY AT CROSSWALK",,"SUSPECTED MINOR INJURY","MC/BIKE HELMET","39.00713667","-77.11219","    (39.00713667, -77.11219)"
"DD5601000V","15027969","Rockville Police Departme","Injury Crash","06/09/2015 02:39:00 PM","Maryland (State)","VEIRS MILL RD","ATLANTIC AVE",,"ROCKVILLE","PEDESTRIAN","N/A","CLEAR","DRY","DAYLIGHT","TRAFFIC SIGNAL","NONE DETECTED","NONE DETECTED","EAC05F33-1EBD-4FEB-BC52-57D17C2709F3","PEDESTRIAN","Cross/Enter at Intersection","NO IMPROPER ACTIONS","ON ROADWAY AT CROSSWALK",,"POSSIBLE INJURY","N/A","39.07530333","-77.11579167","    (39.07530333, -77.11579167)"
"MCP2947000J","15027847","Montgomery County Police","Injury Crash","06/09/2015 07:38:00 AM","County","FRANKFORT DR","MARIANNA DR",,"N/A","PEDESTRIAN","SINGLE VEHICLE","CLEAR","DRY","DAYLIGHT","STOP SIGN","NONE DETECTED","NONE DETECTED","59389F67-7F8E-44BC-ABA9-DB9F4D3BC9E8","PEDESTRIAN","Cross/Enter at Intersection","NO IMPROPER ACTIONS","ON ROADWAY AT CROSSWALK",,"POSSIBLE INJURY","N/A","39.08461293","-77.08991647","    (39.08461293, -77.08991647)"
"MCP2947000J","15027847","Montgomery County Police","Injury Crash","06/09/2015 07:38:00 AM","County","FRANKFORT DR","MARIANNA DR",,"N/A","PEDESTRIAN","SINGLE VEHICLE","CLEAR","DRY","DAYLIGHT","STOP SIGN","NONE DETECTED","NONE DETECTED","30A11FB8-0B5F-4443-99C7-6754B468BF10","PEDESTRIAN","Unknown","NO IMPROPER ACTIONS","SIDEWALK",,"NO APPARENT INJURY","N/A","39.08461293","-77.08991647","    (39.08461293, -77.08991647)"
"MCP2932000B","15027780","Montgomery County Police","Injury Crash","06/08/2015 05:43:00 PM",,,,"Parking lot in front of townhomes at 14650 McKnew Road, Burtonsville, MD 20866",,"PEDESTRIAN","SINGLE VEHICLE","CLOUDY",,"DAYLIGHT","N/A","NONE DETECTED","NONE DETECTED","B64EF670-0B5B-4CBC-8AF5-02BAE99129AD","PEDESTRIAN","Playing","NO IMPROPER ACTIONS","N/A",,"SUSPECTED SERIOUS INJURY","NONE","39.10179753","-76.92762002","    (39.10179753, -76.92762002)"
"MCP9147000F","15027487","Montgomery County Police","Injury Crash","06/06/2015 10:59:00 PM",,,,"PARKING LOT FOR 8541 GEORGIA AVENUE",,"BICYCLIST","STRAIGHT MOVEMENT ANGLE","CLEAR",,"DARK LIGHTS ON","N/A","NONE DETECTED","NONE DETECTED","104ABB9C-1844-4B80-B1D4-3DD0D6260025","BICYCLIST","Cross/Enter at Intersection","FAILURE TO YIELD RIGHT OF WAY","DRIVEWAY ACCESS MARKED CROSSWALK",,"SUSPECTED MINOR INJURY","NONE","38.99615333","-77.02771667","    (38.99615333, -77.02771667)"
"MCP2930000J","15027328","Montgomery County Police","Injury Crash","06/05/2015 09:58:00 PM","County","EMORY LA","CASHELL RD",,"N/A","PEDESTRIAN","OTHER","CLEAR","DRY","DARK NO LIGHTS","NO CONTROLS","NONE DETECTED","ALCOHOL PRESENT","B4922C3B-433A-4940-8E26-5A151318F262","PEDESTRIAN","Walking/Riding against Traffic","IN ROADWAY IMPROPERLY","ON ROADWAY NOT AT CROSSWALK",,"POSSIBLE INJURY","NONE","39.0789081","-77.14599609","    (39.0789081, -77.14599609)"
"MCP20940053","15027227","MONTGOMERY","Injury Crash","06/05/2015 12:15:00 PM","County","FRIENDSHIP BLVD","WILLARD AVE",,"N/A","PEDESTRIAN","OTHER","CLOUDY","DRY","DAYLIGHT","TRAFFIC SIGNAL","NONE DETECTED","NONE DETECTED","A155F515-E3D1-40FE-BB01-E97C96E0B90B","PEDESTRIAN","Cross/Enter at Intersection","NO IMPROPER ACTIONS","ON ROADWAY AT CROSSWALK","No","SUSPECTED SERIOUS INJURY","N/A","38.96178167","-77.08873833","    (38.96178167, -77.08873833)"
"DD5539000Z","15026681","Rockville Police Departme","Injury Crash","06/02/2015 05:35:00 PM","Maryland (State)","ROCKVILLE PIKE","ENT TO CONGRESSIONAL PLAZA",,"N/A","BICYCLIST","OTHER","CLOUDY","DRY","DAYLIGHT","STOP SIGN","NONE DETECTED","NONE DETECTED","9077868D-5211-4875-B3F6-2E8343F29508","BICYCLIST","Walking/Cycling on Sidewalk","NO IMPROPER ACTIONS","ON ROADWAY AT CROSSWALK",,"SUSPECTED SERIOUS INJURY","NONE","39.06286546","-77.12513924","    (39.06286546, -77.12513924)"
"MCP9301000M","15026639","Montgomery County Police","Injury Crash","06/02/2015 02:16:00 PM",,,,"parking lot of 610 N. Frederick Ave",,"PEDESTRIAN","SINGLE VEHICLE","RAINING",,"DAYLIGHT","NO CONTROLS","NONE DETECTED","NONE DETECTED","93765BF6-9A08-4BC3-9556-6D0795745664","PEDESTRIAN","Other","NO IMPROPER ACTIONS","OTHER",,"SUSPECTED SERIOUS INJURY","N/A","39.15043667","-77.21318667","    (39.15043667, -77.21318667)"
"MCP2951000D","15026552","MONTGOMERY","Injury Crash","06/02/2015 06:42:00 AM","County","AMHERST AVE","BLUERIDGE AVE",,"N/A","PEDESTRIAN","N/A","CLOUDY","WET","DAYLIGHT","NO CONTROLS","NONE DETECTED","NONE DETECTED","0B7E0F9C-EC9A-4B95-A506-0FAE2FCD1250","PEDESTRIAN","Cross/Enter at Intersection","FAILURE TO YIELD RIGHT OF WAY","AT INTERSECTION MARKED CROSSWALK",,"POSSIBLE INJURY","N/A","39.0433445","-77.04788089","    (39.0433445, -77.04788089)"
"MCP2750001F","15026471","Montgomery County Police","Injury Crash","06/01/2015 05:00:00 PM","Maryland (State)","VEIRS MILL RD","ENT TO SHOPPING CENTER",,"N/A","PEDESTRIAN","STRAIGHT MOVEMENT ANGLE","CLOUDY","WET","DAYLIGHT","TRAFFIC SIGNAL","NONE DETECTED","NONE DETECTED","7F905E73-AB88-46C9-8BCD-822C699788B8","PEDESTRIAN","Cross/Enter at Intersection","FAILURE TO OBEY TRAFFIC SIGNS SIGNALS OR OFFICER","AT INTERSECTION MARKED CROSSWALK",,"SUSPECTED MINOR INJURY","N/A","39.03717167","-77.05171","    (39.03717167, -77.05171)"
"MCP15630019","15026181","Montgomery County Police","Injury Crash","05/30/2015 08:53:00 PM","Maryland (State)","EAST WEST HWY","CAREY LA",,"N/A","PEDESTRIAN","OTHER","CLEAR","DRY","DARK LIGHTS ON","OTHER","NONE DETECTED","NONE DETECTED","A7870190-A47C-4077-80E5-FEEFD6CD0848","PEDESTRIAN","Other","NO IMPROPER ACTIONS","MIDBLOCK MARKED CROSSWALK",,"POSSIBLE INJURY","N/A","38.99540653","-77.03855753","    (38.99540653, -77.03855753)"
"MCP2848000Y","15026144","Montgomery County Police","Injury Crash","05/30/2015 03:27:00 PM","County","OAKLYN DR","POTOMAC STATION LA",,"N/A","BICYCLIST","SAME DIR REAR END","CLEAR","DRY","DAYLIGHT","NO CONTROLS","NONE DETECTED","NONE DETECTED","594F8B37-C175-42EE-897A-1A664922F60E","BICYCLIST","Walking/Riding w/Traffic","NO IMPROPER ACTIONS","SHOULDER",,"POSSIBLE INJURY","MC/BIKE HELMET","39.00037833","-77.21034167","    (39.00037833, -77.21034167)"
"DD55670007","15026057","Rockville Police Departme","Injury Crash","05/30/2015 12:10:00 AM","Municipality","CRAWFORD DR","HIGHWOOD RD",,"ROCKVILLE","PEDESTRIAN","OTHER","CLEAR","DRY","DARK NO LIGHTS","N/A","NONE DETECTED","NONE DETECTED","AF3FD26D-EAB1-43C8-9183-821CB73BAF41","PEDESTRIAN","Standing","NO IMPROPER ACTIONS","ON ROADWAY NOT AT CROSSWALK",,"SUSPECTED MINOR INJURY","NONE","39.07411068","-77.12552547","    (39.07411068, -77.12552547)"
"MCP28000020","15025750","Montgomery County Police","Injury Crash","05/28/2015 03:50:00 PM","Maryland (State)","WISCONSIN AVE","WOODMONT AVE",,"N/A","PEDESTRIAN","OTHER","CLEAR","DRY","DAYLIGHT","NO CONTROLS","NONE DETECTED","NONE DETECTED","710A7903-BD07-482C-B563-197802D1FB65","PEDESTRIAN","Cross/Enter not at Intersection","IMPROPER PASSING","ON ROADWAY NOT AT CROSSWALK",,"SUSPECTED MINOR INJURY","N/A","38.98217167","-77.093205","    (38.98217167, -77.093205)"
"MCP2944000J","15025733","Montgomery County Police","Injury Crash","05/28/2015 03:47:00 PM","Maryland (State)","WISCONSIN AVE","SOMERSET TERRACE",,"N/A","OTHER","SINGLE VEHICLE","CLEAR","DRY","DAYLIGHT","NO CONTROLS","NONE DETECTED","NONE DETECTED","08833B13-6208-462B-A281-E7AC1E186EFC","OTHER","N/A","NO IMPROPER ACTIONS","N/A",,"NO APPARENT INJURY","NONE","38.96594913","-77.08818644","    (38.96594913, -77.08818644)"
"MCP28640014","15025726","Montgomery County Police","Injury Crash","05/28/2015 03:22:00 PM","Maryland (State)","DARNESTOWN RD","AMBIANCE DR",,"N/A","PEDESTRIAN","STRAIGHT MOVEMENT ANGLE","CLEAR","DRY","DAYLIGHT","NO CONTROLS","NONE DETECTED","NONE DETECTED","AF976D7B-A431-49EE-9341-52A3C596461A","PEDESTRIAN","Cross/Enter at Intersection","DART DASH","ON ROADWAY NOT AT CROSSWALK",,"SUSPECTED MINOR INJURY","N/A","39.11341833","-77.24281833","    (39.11341833, -77.24281833)"
"MCP28270014","15025555","Montgomery County Police","Injury Crash","05/27/2015 04:53:00 PM","County","QUEEN ELIZABETH DR","ROLLING ACRES WAY",,"N/A","BICYCLIST","STRAIGHT MOVEMENT ANGLE","RAINING","WET","DAYLIGHT","STOP SIGN","N/A","NONE DETECTED","57A567FE-19A2-461D-985D-7C8ECD871644","BICYCLIST","Cross/Enter at Intersection","FAILURE TO OBEY TRAFFIC SIGNS SIGNALS OR OFFICER","ON ROADWAY NOT AT CROSSWALK",,"SUSPECTED MINOR INJURY","MC/BIKE HELMET","39.16139","-77.07441833","    (39.16139, -77.07441833)"
"MCP2405000B","15025529","Montgomery County Police","Injury Crash","05/27/2015 03:03:00 PM","US (State)","GEORGIA AVE","STRUC #15078",,"N/A","BICYCLIST","STRAIGHT MOVEMENT ANGLE","CLEAR","DRY","DAYLIGHT","STOP SIGN","NONE DETECTED","N/A","262591AE-B112-4046-A80A-1365D56FC58B","BICYCLIST","Cross/Enter at Intersection","NO IMPROPER ACTIONS","ON ROADWAY AT CROSSWALK",,"SUSPECTED MINOR INJURY","MC/BIKE HELMET","38.98887725","-77.02685237","    (38.98887725, -77.02685237)"
"MCP2396000Q","15025472","Montgomery County Police","Injury Crash","05/27/2015 09:55:00 AM","Maryland (State)","CONNECTICUT AVE","WELLER RD",,"N/A","PEDESTRIAN","STRAIGHT MOVEMENT ANGLE","CLEAR","DRY","DAYLIGHT","OTHER","NONE DETECTED","NONE DETECTED","F3396858-22EE-4ECC-91FB-FD0323AD2307","PEDESTRIAN","Cross/Enter at Intersection","OTHER","AT INTERSECTION MARKED CROSSWALK",,"SUSPECTED MINOR INJURY","N/A","39.06329864","-77.07331896","    (39.06329864, -77.07331896)"
"DM82660003","15025257","Takoma Park Police Depart","Injury Crash","05/26/2015 10:10:00 AM","Municipality","WILLOW AVE","TULIP AVE",,"TAKOMA PARK","BICYCLIST","HEAD ON LEFT TURN","CLEAR","DRY","DAYLIGHT","STOP SIGN","NONE DETECTED","N/A","09C2DBF3-6241-4338-A45F-A44A3C6E6CAF","BICYCLIST","Cross/Enter at Intersection","OTHER","AT INTERSECTION BUT NO CROSSWALK",,"SUSPECTED MINOR INJURY","N/A","38.97624833","-77.01205167","    (38.97624833, -77.01205167)"
"MCP24720018","15024793","Montgomery County Police","Injury Crash","05/23/2015 10:19:00 AM","County","TUCKERMAN LA","WESTLAKE DR",,"N/A","BICYCLIST","SAME DIRECTION SIDESWIPE","CLEAR","DRY","DAYLIGHT","NO CONTROLS","NONE DETECTED","NONE DETECTED","45ABC87E-9297-424E-9C86-D5FE96DFB245","BICYCLIST","Walking/Riding w/Traffic","NO IMPROPER ACTIONS","ON ROADWAY NOT AT CROSSWALK",,"SUSPECTED MINOR INJURY","MC/BIKE HELMET","39.03669667","-77.152205","    (39.03669667, -77.152205)"
"MCP2723000L","15024783","Montgomery County Police","Injury Crash","05/23/2015 09:34:00 AM","County","OLD BALTIMORE RD","CARTER MILL WAY",,"N/A","BICYCLIST","STRAIGHT MOVEMENT ANGLE","CLEAR","DRY","DAYLIGHT","STOP SIGN","NONE DETECTED","NONE DETECTED","79096F93-A6B0-4BAF-9BC9-48E4A4D8AF10","BICYCLIST","Cross/Enter at Intersection","UNKNOWN","SHOULDER",,"POSSIBLE INJURY","MC/BIKE HELMET","39.17075167","-77.05024","    (39.17075167, -77.05024)"
"DD56130001","15024434","Rockville Police Departme","Injury Crash","05/21/2015 03:07:00 PM","Municipality","ROLLINS AVE","E JEFFERSON ST",,"ROCKVILLE","PEDESTRIAN","STRAIGHT MOVEMENT ANGLE","CLOUDY","WET","DAYLIGHT","TRAFFIC SIGNAL","NONE DETECTED","NONE DETECTED","56B49EAB-114D-4594-96E9-32A468511BA4","PEDESTRIAN","Cross/Enter not at Intersection","IN ROADWAY IMPROPERLY","OUTSIDE RIGHT OF WAY",,"SUSPECTED MINOR INJURY","N/A","39.08372833","-77.153265","    (39.08372833, -77.153265)"
"MCP1128003Y","15024362","Montgomery County Police","Injury Crash","05/21/2015 08:32:00 AM",,,,"PARKING LOT OF 8600 OLD GEORGETOWN RD SUBURBAN HOSPITAL",,"PEDESTRIAN","OTHER","CLOUDY",,"DAYLIGHT","NO CONTROLS","NONE DETECTED","N/A","0FC83401-D3C2-4C11-B04B-9CCC414E1557","PEDESTRIAN","Standing","NO IMPROPER ACTIONS","OTHER",,"SUSPECTED MINOR INJURY","N/A","38.99807167","-77.10923667","    (38.99807167, -77.10923667)"
"MCP27910018","15024286","Montgomery County Police","Property Damage Crash","05/20/2015 07:59:00 PM","County","LOCKWOOD DR","NEW HAMPSHIRE AVE",,"N/A","PEDESTRIAN","SINGLE VEHICLE","CLEAR","DRY","DUSK","NO CONTROLS","NONE DETECTED","N/A","0CA28746-DE41-4259-B8C0-113A30351056","PEDESTRIAN","Playing","INATTENTIVE","OTHER",,"NO APPARENT INJURY","N/A","39.039405","-76.99220667","    (39.039405, -76.99220667)"
"MCP29360009","15024180","Montgomery County Police","Injury Crash","05/20/2015 11:21:00 AM",,,,"Parking Lot of Bobby's Burger Palace (7101 Democracy Blvd. Bethesda, MD 20817)",,"PEDESTRIAN","STRAIGHT MOVEMENT ANGLE","CLEAR",,"DAYLIGHT","STOP SIGN","NONE DETECTED","NONE DETECTED","3E8A896C-341E-4BCF-9668-438C785C846D","PEDESTRIAN","Cross/Enter at Intersection","NO IMPROPER ACTIONS","ON ROADWAY AT CROSSWALK",,"SUSPECTED MINOR INJURY","N/A","39.02590833","-77.14587833","    (39.02590833, -77.14587833)"
"MCP2978000F","15024066","Montgomery County Police","Injury Crash","05/19/2015 07:03:00 PM","County","SHADY GROVE RD","GAITHER RD",,"ROCKVILLE","PEDESTRIAN","SINGLE VEHICLE","CLEAR","DRY","DAYLIGHT","TRAFFIC SIGNAL","NONE DETECTED","ALCOHOL PRESENT","E1B8F409-E882-4199-89C1-10A64CECA858","PEDESTRIAN","Cross/Enter not at Intersection","IN ROADWAY IMPROPERLY","ON ROADWAY NOT AT CROSSWALK",,"SUSPECTED MINOR INJURY","N/A","39.11725904","-77.18386352","    (39.11725904, -77.18386352)"
"MCP26650010","15024061","Montgomery County Police","Injury Crash","05/19/2015 06:48:00 PM","County","CHESHIRE DR","OLD GEORGETOWN RD",,"N/A","PEDESTRIAN","OTHER","CLEAR","DRY","DAYLIGHT","TRAFFIC SIGNAL","N/A","N/A","3BED917E-F2A2-451E-859A-88F7712D4083","PEDESTRIAN","Cross/Enter at Intersection","NO IMPROPER ACTIONS","AT INTERSECTION MARKED CROSSWALK",,"POSSIBLE INJURY","N/A","39.02256833","-77.12319667","    (39.02256833, -77.12319667)"
"MCP1022002N","15023984","Montgomery County Police","Injury Crash","05/19/2015 01:26:00 PM",,,,"PARKING LOT IN FRONT OF WALMART 20910 FREDERICK RD GERMANTOWN, MD 20874",,"PEDESTRIAN","OTHER","CLEAR",,"DAYLIGHT","NO CONTROLS","NONE DETECTED","NONE DETECTED","65A30961-69BD-4BBE-B484-E4533E8D6C78","PEDESTRIAN","Other","NO IMPROPER ACTIONS","ON ROADWAY AT CROSSWALK",,"SUSPECTED SERIOUS INJURY","N/A","39.19894333","-77.251515","    (39.19894333, -77.251515)"
"MCP2710000K","15023834","MONTGOMERY","Injury Crash","05/18/2015 04:20:00 PM","Maryland (State)","FREDERICK RD","DALAMAR ST",,"N/A","BICYCLIST","HEAD ON LEFT TURN","N/A","DRY","DAYLIGHT","N/A","NONE DETECTED","NONE DETECTED","8356F294-E3F0-4B37-868A-D71B54B3F6BC","BICYCLIST","Cross/Enter at Intersection","NO IMPROPER ACTIONS","SIDEWALK","No","SUSPECTED MINOR INJURY","NONE","39.14748167","-77.205925","    (39.14748167, -77.205925)"